country_code,country,media_type,tmdb_id,title,original_title,original_language,release_date,genre_ids,genres,popularity,vote_average,vote_count,overview,poster_path,only_abroad
KR,대한민국,movie,315635,스파이더맨: 홈커밍,Spider-Man: Homecoming,en,2017-07-05,"28,12,878","액션, 모험, SF",215.1899,7.332,23507,"토니 스타크의 제안을 받고 시빌 워에 참여한 피터 파커는 다음 임무가 언제일지 설렘을 안고 하루하루를 보낸다. 토니는 MIT 진학 준비에 전념할 것을 권하지만 친절한 이웃에 머무는 것은 피터의 성에 차지 않는다. 한편 어벤져스 군단과 외계 세력의 전투로 생긴 산업폐기물을 처리하던 아드리안 툼즈는 그 일이 토니 스타크와 정부에 넘어가면서 하루아침에 빈털터리가 된다. 이에 앙심을 품은 아드리안은 외계 첨단무기를 훔쳐서 개조하는 빌런이 되고, 그의 존재를 알게 된 피터는 도움을 빌리지 않고 자기가 일을 해결해보려고 한다.",/hjki9weYYVABvkpZbX5jBOmKXXv.jpg,False
KR,대한민국,movie,1311031,극장판 귀멸의 칼날: 무한성편,劇場版「鬼滅の刃」無限城編 第一章 猗窩座再来,ja,2025-07-18,"16,28,14","애니메이션, 액션, 판타지",156.147,8.645,1669,"혈귀로 변해버린 여동생 네즈코를 인간으로 되돌리기 위해 혈귀를 사냥하는 조직인 《귀살대》에 입대한 카마도 탄지로. 입대 후 동료인 아가츠마 젠이츠, 하시비라 이노스케와 함께 많은 혈귀와 싸우고, 성장하면서 세 사람의 우정과 유대는 깊어진다. 탄지로는 《귀살대》 최고위 검사인 《주》와도 함께 싸웠다. 「무한열차」에서는 염주・렌고쿠 쿄쥬로, 「유곽」에서는 음주・우즈이 텐겐, 「도공 마을」에서는 하주・토키토 무이치로, 연주・칸로지 미츠리와 함께 혈귀를 상대로 격렬한 전투를 벌였다. 그 후 다가올 혈귀와의 결전에 대비해 귀살대원들과 함께 《주》가 주도하는 합동 강화 훈련에 참가해 훈련을 받던 도중 《귀살대》의 본부인 우부야시키 저택에 나타난 키부츠지 무잔. 어르신의 위기에 달려온 《주》들과 탄지로였지만, 무잔의 술수로 의문의 공간으로 떨어지고 말았는데. 탄지로 일행이 떨어진 곳, 그곳은 혈귀의 본거지 《무한성》─ “귀살대”와 “혈귀”의 최종 결전의 포문이 열린다.",/a6wK0b9cIEnpu1og37ZyBah0Bv6.jpg,False
KR,대한민국,movie,1630409,채권추심원,คนเดือดทวงแค้น,th,2026-07-20,"28,53,80","액션, 스릴러, 범죄",139.9791,7.667,66,"감옥에서 출소한 후 죄책감에 시달리던 한 전직 채권 추심원이 불치병과 사투를 벌이며, 사채 피해자들을 위해 복수하기 위해 과거의 세계로 돌아온다.",/2h4ikWt6TddvIAhMdS3WGVXhaRf.jpg,False
KR,대한민국,movie,1510795,"Shake, Rattle & Roll: Evil Origins","Shake, Rattle & Roll: Evil Origins",tl,2026-06-05,27,공포,132.5101,3.0,4,,/3OdniYj4P7XbGb8qe2e16JK0hwO.jpg,False
KR,대한민국,movie,429617,스파이더맨: 파 프롬 홈,Spider-Man: Far From Home,en,2019-06-28,"28,12,878","액션, 모험, SF",122.0066,7.394,17279,"어벤져스 멤버들과 타노스와의 대접전을 마친 뒤, 지난 5년 동안 사라졌던 사람들이 동시에 돌아왔다. 아이언맨이 떠난 채 한동안 지구를 구할 히어로가 공석인 상황을 수습할 히어로는 현재 스파이더맨 피터 파커뿐이다. 친구들과의 유럽 현장학습 도중 닉 퓨리의 부름을 받게 된 피터는 미스테리오라는 정체 모를 히어로와 힘을 합쳐 엘리멘탈이라는 괴생명체를 무찔러야 하는 상황에 처한다. 그런데 피터는 지구를 구하는 일보다 MJ에게 멋지게 고백할 계획이 우선인데...",/3YewJtji80oIroeXUavNRZkeXfQ.jpg,False
KR,대한민국,movie,1668364,당신의 욕망,Deseo,es,2026-05-07,"9648,18","미스터리, 드라마",98.92,6.745,194,"모든 걸 다 가진 것처럼 보이는 여자. 격정적인 로맨스에 휘말리면서 걷잡을 수 없는 파국으로 치닫는다. 이를 계기로 가족을 향한 사랑이 시험대에 오르고, 결국 그녀는 가족을 지키기 위해 자신이 어떤 일까지 할 수 있는지 깨닫게 된다. 완벽해 보이는 삶을 사는 성공한 변호사 루세로. 딸의 젊은 수영 코치와 격정적인 불륜에 빠져든다. 금지된 욕망으로 시작된 관계는 이내 아슬아슬하게 유지해 온 결혼 생활과 커리어를 위협하는 불씨가 된다. 결국 루세로의 세상이 무너지면서 걷잡을 수 없는 파국이 시작되고, 가족을 향한 사랑이 시험대에 오르는데. 이제 루세로는 가족을 지키기 위해 어디까지 갈 수 있는지 자신의 한계를 마주하게 된다.",/iHcyv2w6KBlnCtcpAmgsLpA85ny.jpg,False
KR,대한민국,movie,949838,72시간,72 HOURS,en,2026-07-20,"35,80","코미디, 범죄",85.235,6.778,272,20대 청년들의 단체 채팅방에 실수로 초대된 마흔 살 기업 임원. 커리어를 지키기 위해 마이애미에서 열리는 광란의 총각 파티에 합류한다.,/3CgkGMUnfR2gfuvO2DUnxCOV5Vi.jpg,False
KR,대한민국,movie,278,쇼생크 탈출,The Shawshank Redemption,en,1994-09-23,"18,80","드라마, 범죄",79.645,8.727,30947,"촉망받는 은행 간부 앤디 듀프레인은 아내와 그녀의 정부를 살해했다는 누명을 쓴다. 주변의 증언과 살해 현장의 그럴듯한 증거들로 그는 종신형을 선고받고 악질범들만 수용한다는 지옥같은 교도소 쇼생크로 향한다. 인간 말종 쓰레기들만 모인 그곳에서 그는 이루 말할 수 없는 억압과 짐승보다 못한 취급을 당한다. 그러던 어느 날, 간수의 세금을 면제받게 해 준 덕분에 그는 일약 교도소의 비공식 회계사로 일하게 된다. 그 와중에 교도소 소장은 죄수들을 이리저리 부리면서 검은 돈을 긁어 모으고 앤디는 이 돈을 세탁하여 불려주면서 그의 돈을 관리하는데...",/qV9BQZdiM8foEzDz0Ag5hGWE5qM.jpg,False
KR,대한민국,movie,1487861,엘리지의 그림자,Elize: Sombras de uma Mulher,pt,2026-07-22,"53,80,18","스릴러, 범죄, 드라마",70.277,7.4,131,"브라질을 충격에 빠뜨린 엘리지 마쓰나가 사건에서 영감을 받은 작품. 《엘리지의 그림자》는 남편을 살해하고 시신을 훼손한 엘리지의 이야기를 픽션의 시각으로 재구성해, 파란만장한 관계의 내막과 끔찍한 범죄로 이어진 선택을 조명한다.",/rfGsWCzUDVtv9DXW0hTbZeuTA6R.jpg,False
KR,대한민국,movie,324857,스파이더맨: 뉴 유니버스,Spider-Man: Into the Spider-Verse,en,2018-12-06,"16,28,12,878","애니메이션, 액션, 모험, SF",72.6553,8.393,17552,"평범한 10대 마일스 모랄레스는 우연히 방사능 거미에 물려 스파이더맨 능력을 가지게 된다. 혼란스러워하던 마일스는 악당과 싸우고 있는 피터 파커를 마주치게 되고 피터 파커는 마일스가 자신과 같은 능력을 가지고 있음을 직감한다. 여러 개의 평행세계가 존재한다는 것을 알게 된 마일스와 피터 파커는 이후 스파이더우먼 스파이더 그웬, 스파이더맨 누아르, 스파이더햄 등 평행세계 속 공존하는 모든 스파이더맨들을 만나게 되는데... 하나의 유니버스에서 만나 팀을 결성한 스파이더맨들은 과연 세계를 구할 수 있을까?",/d9V6Q9vpVpmaca7vwSUbCajtDb3.jpg,False
KR,대한민국,movie,1007757,뒤바뀐 친구들의 신비한 모험,Swapped,en,2026-05-01,"12,16,10751,14","모험, 애니메이션, 가족, 판타지",63.4762,8.89,2062,갑자기 몸이 뒤바뀌게 된 작은 숲속 생물과 위풍당당한 새. 일생일대의 모험을 헤쳐나가기 위해 어쩔 수 없이 힘을 합친다.,/uv0iRQXDbtWHo1zPk3TZNo4Biti.jpg,False
KR,대한민국,movie,550,파이트 클럽,Fight Club,en,1999-10-15,"18,53","드라마, 스릴러",52.1098,8.437,32546,"자동차 회사의 리콜 심사관으로 일하는 주인공은 일상의 무료함과 공허함 속에서 늘 새로운 탈출을 꿈꾼다. 그는 비행기에서 자신을 비누 제조업자라고 소개하는 타일러 더든을 만난다. 집에 돌아온 주인공은 아파트가 누군가에 의해 폭파되었음을 발견하고, 타일러에게 도움을 청해 함께 생활하게 된다. 어느 날 밤 타일러는 주인공에게 자신을 때려달라고 부탁한다. 사람은 싸워봐야 진정한 자신을 알 수 있다는 것이다. 결국 이들은 매주 토요일 밤 술집 지하에서 맨주먹으로 격투를 벌이는 파이트 클럽을 결성하기에 이르는데...",/eKZ07Ted7VHxQjbuZrRBFOamcKJ.jpg,False
KR,대한민국,movie,122,반지의 제왕: 왕의 귀환,The Lord of the Rings: The Return of the King,en,2003-12-17,"12,14,28","모험, 판타지, 액션",54.0631,8.503,27008,"사우론이 인간들의 마지막 요새인 곤도르를 향해 야욕을 드러내고 있는 한편, 아라곤은 쇠락해가고 있는 곤도르의 재건을 위해 왕위 계승을 신중하게 결정지어야만 하는 상황. 이제 중간대륙의 미래는 그의 어깨에 달려있는 것. 사우론이 이끄는 어둠의 군대와의 마지막 전투를 위해 간달프는 곤도르에 흩어져 있던 병사들을 모으고, 로한의 왕 세오덴에게 도움을 받기도 하지만 사우론의 군대에 비하면 열세를 면치 못한다. 그러나 그들은 중간대륙을 사우론의 야욕으로부터 지키려는 사명감과, 마지막 반지 운반자에게 임무를 끝낼 기회를 주기 위해 어둠의 군대를 향해 돌진하게 되는데...",/n8BPIRqvj1SdTRND828ANXhmSng.jpg,False
KR,대한민국,movie,1318447,정점,Apex,en,2026-04-24,"28,53","액션, 스릴러",48.7424,6.883,1770,"슬픔에 잠긴 채 호주 오지로 모험을 떠난 여성. 홀로 자신의 한계를 밀어붙이던 중 목숨을 노리는 살인마를 맞닥뜨리고, 그가 교활하게 설계한 뒤틀린 게임에 속수무책으로 휘말린다.",/wGHGVAJGTn2BqsuFfPK8lzPiKjH.jpg,False
KR,대한민국,movie,120,반지의 제왕: 반지 원정대,The Lord of the Rings: The Fellowship of the Ring,en,2001-12-18,"12,14,28","모험, 판타지, 액션",46.7788,8.441,28020,"호빗이라 불리우는 난장이 종족 중의 한 명인 프로도는 자신의 삼촌에게서 우연히 절대 반지를 물려받게 되고, 마법사 간달프를 통해서 절대반지가 사우론의 손에 들어가면 악의 세력이 세상을 지배하게 된다는 것을 알게 된다. 하지만 절대반지를 영원히 파괴할 수 있는 유일한 방법은 반지가 만들어진 불의 산의 용암에 그것을 던져 넣는 길 뿐이다. 마침내 프로도와 그의 친구들, 엘프족인 레골라스, 난장이족 김리, 두명의 인간 전사 아라곤과 보로미르, 그리고 마법사 간달프로 구성된 반지 원정대가 길고도 험난한 여정을 떠나게 되는데...",/r18JdjImbWDRwkbVDIzWoLQqkCo.jpg,False
KR,대한민국,movie,803796,케이팝 데몬 헌터스,KPop Demon Hunters,en,2025-06-20,"14,10402,35,16","판타지, 음악, 코미디, 애니메이션",45.625,8.007,3064,"케이팝 슈퍼스타 루미, 미라, 조이. 매진을 기록하는 대형 스타디움 공연이 없을 때면 이들은 또 다른 활동에 나선다. 바로 비밀 능력을 이용해 팬들을 초자연적 위협으로부터 보호하는 것.",/5fqcLmrgVDicMuGLOa9PKErFP72.jpg,False
KR,대한민국,movie,1184918,와일드 로봇,The Wild Robot,en,2024-09-12,"10751,16,878,12","가족, 애니메이션, SF, 모험",46.488,8.3,6378,"우연한 사고로 거대한 야생에 불시착한 로봇 로즈는 주변 동물들의 행동을 배우며 낯선 환경 속에 적응해 가던 중, 사고로 세상에 홀로 남겨진 아기 기러기 브라이트빌의 보호자가 된다. 로즈는 입력되어 있지 않은 새로운 역할과 관계에 낯선 감정을 마주하고 겨울이 오기 전에 남쪽으로 떠나야 하는 브라이트빌을 위해 동물들의 도움을 받아 이주를 위한 생존 기술을 가르쳐준다. 그러나 선천적으로 몸집이 작은 브라이트빌은 짧은 비행도 힘겨워 하는데...",/iA9NiygwSOBy8FjZjvdYOMxRUG0.jpg,False
KR,대한민국,movie,1265609,워 머신: 전쟁 기계,War Machine,en,2026-02-12,"28,878,53","액션, SF, 스릴러",41.2676,7.44,2232,미 육군 레인저 훈련에서 마지막 혹독한 임무를 받은 전투 공병. 자신이 속한 부대를 이끌고 거대한 외계 살상 병기에 맞서 싸워야 한다.,/cfeIYPthWgq5XFZnx7cbpr7xFTp.jpg,False
KR,대한민국,movie,1297842,고트: 더 레전드,GOAT,en,2026-02-11,"16,35,10751","애니메이션, 코미디, 가족",43.6556,8.112,959,"큰 꿈을 품은 작은 염소 윌은 세계에서 가장 빠르고 사나운 동물들이 지배하는 고강도 혼성 풀컨택트 스포츠 ‘로어볼’의 프로 리그에 합류할 단 한 번의 기회를 얻게 된다. 새 팀의 동료들은 작은 염소가 팀 명단에 오른 것을 탐탁지 않게 여기지만, 윌은 ‘작아도 충분히 해낼 수 있다’는 것을 증명하고 스포츠의 판도를 바꾸겠다는 굳은 결의를 다진다. 이를 위해 그는 지금까지 한 번도 해본 적 없는 도전에 나서야 한다.",/otP94vckeMXAgQxzhcRkZSeSmYv.jpg,False
KR,대한민국,movie,1272837,28년 후: 뼈의 사원,28 Years Later: The Bone Temple,en,2026-01-14,"27,53,878","공포, 스릴러, SF",41.0706,7.105,1557,"분노 바이러스로부터 격리된 섬 홀리아일랜드로 돌아가지 않고 본토에 남기로 한 스파이크, 감염자와 공존하며 살아가는 켈슨 박사, 정체불명 인간 집단의 리더 지미가 얽히고 설키며 벌어지는 이야기",/ubgOSHAEhv1ds8BNHodhCcI13oH.jpg,False
KR,대한민국,movie,496243,기생충,기생충,ko,2019-05-30,"35,53,18","코미디, 스릴러, 드라마",41.3171,8.489,21019,"전원 백수로 살 길 막막하지만 사이는 좋은 기택 가족. 장남 기우에게 명문대생 친구가 연결시켜 준 고액 과외 자리는 모처럼 싹튼 고정수입의 희망이다. 온 가족의 도움과 기대 속에 박 사장 집으로 향하는 기우. 글로벌 IT기업의 CEO인 박 사장의 저택에 도착하자 젊고 아름다운 사모님 연교와 가정부 문광이 기우를 맞이한다. 큰 문제 없이 박 사장의 딸 다혜의 과외를 시작한 기우. 그러나 이렇게 시작된 두 가족의 만남 뒤로, 걷잡을 수 없는 사건이 기다리고  있는데.....",/jjHccoFjbqlfr4VGLVLT7yek0Xn.jpg,False
KR,대한민국,movie,121,반지의 제왕: 두 개의 탑,The Lord of the Rings: The Two Towers,en,2002-12-18,"12,14,28","모험, 판타지, 액션",41.9497,8.425,24281,"9명의 반지원정대는 사우론의 세력에 맞서 반지를 지켜냈지만 반지 원정대는 뿔뿔이 흩어지게 된다. 메리와 피핀을 구하기 위해 우르크하이 군대를 추격하던 아라곤과 레골라스, 김리는 유령 숲에서 백색의 마법사로 부활한 마법사 간달프를 만나게 되고 사우론이 암흑세계의 두 개의 탑을 통합하여 점점 그 세력을 넓혀가고 있다는 사실을 듣게 된다. 이에 아라곤과 원정대는 중간계의 선한 무리의 통합을 이뤄 사우론의 세력을 견제해야 하는 큰 임무를 맡게 된다. 하지만 원수지간인 곤도르와 로한으로 나뉜 인간 종족의 통합은 쉽지 않고 게다가 로한의 왕마저 사루만에게 동화되는데...",/zxZdTi3fA7aDxEOivmzZAY2bmTu.jpg,False
KR,대한민국,movie,218,터미네이터,The Terminator,en,1984-10-26,"28,53,878","액션, 스릴러, SF",43.7169,7.686,14876,"1997년, 인간이 만든 인공지능 컴퓨터 전략 방어 네트워크가 스스로의 지능을 갖추고는 인류를 핵전쟁의 참화을 일으켜 30억이라는 인류를 잿더미 속에 묻어버린다. 그리고 남은 인간들은 기계의 지배를 받아 시체를 처리하는 일 등에 동원된다. 이때 비상한 지휘력과 작전으로 인간들을 이끌던 사령관 존 코너는 반기계 연합을 구성, 기계와의 전쟁을 시작하면서 상황은 반전된다. 이에 기계는 존 코너의 탄생 자체를 막기 위해 2029년의 어느 날 타임머신에 터미네이터를 태워서 1984년의 L.A로 보내게 된다.",/y6FmrimVoBBKsERc08VyVP1NyNs.jpg,False
KR,대한민국,movie,1306368,더 립,The Rip,en,2026-01-13,"28,53,80","액션, 스릴러, 범죄",32.454,7.087,1817,"허름한 은닉처에서 수백만 달러의 현금을 발견한 마이애미 경찰. 신뢰에 금이 가기 시작하면서 모든 사람, 모든 것이 의심의 대상이 된다.",/o0d6Us9VWOW0nHhoB7ZNIwigARG.jpg,False
KR,대한민국,movie,129,센과 치히로의 행방불명,千と千尋の神隠し,ja,2001-07-20,"16,10751,14","애니메이션, 가족, 판타지",35.4782,8.534,18643,평범한 열 살 짜리 소녀 치히로 식구는 이사 가던 중 길을 잘못 들어 낡은 터널을 지나가게 된다. 터널 저편엔 폐허가 된 놀이공원이 있었고 그곳엔 이상한 기운이 흘렀다. 인기척 하나 없는 이 마을의 낯선 분위기에 불길한 기운을 느낀 치히로는 부모님에게 돌아가자고 조르지만 부모님은 호기심에 들떠 마을 곳곳을 돌아다니기 시작한다. 어느 음식점에 도착한 치히로의 부모님은 그 곳에 차려진 음식들을 보고 즐거워하며 허겁지겁 먹어대다가 돼지로 변해버린다. 겁에 질려 당황하는 치히로에게 낯선 소년 하쿠가 나타나 빨리 이곳을 나가라고 소리치는데...,/u1L4qxIu5sC2P082uMHYt7Ifvnj.jpg,False
KR,대한민국,movie,244786,위플래쉬,Whiplash,en,2014-10-10,"18,10402,53","드라마, 음악, 스릴러",32.0158,8.4,16880,"최고의 드러머가 되기 위해서라면 무엇이든 할 각오가 되어있는 음악대학 신입생 앤드류는 아무도 없는 지하실에서 혼자 드럼을 연습하던 중 우연한 기회로 누구든지 성공으로 이끄는 최고의 실력자이지만, 또한 동시에 최악의 폭군인 플렛처 교수에게 발탁되어 그의 밴드에 들어가게 된다. 설레는 마음으로 참가한 첫 연습에서, 그는 플렛처 교수의 진짜 얼굴을 마주치게 된다. 폭언과 학대 속에 좌절과 성취를 동시에 안겨주는 플렛처의 지독한 교육방식은 천재가 되길 갈망하는 앤드류의 집착을 끌어내며 그를 점점 광기로 몰아넣는데...",/oKNkhmyIBiDENivK6ELZxfBWa3q.jpg,False
KR,대한민국,movie,37165,트루먼 쇼,The Truman Show,en,1998-06-04,"35,18","코미디, 드라마",31.4401,8.155,20559,"트루먼 버뱅크는 작고 조용한 섬마을에 사는 평범한 세일즈맨이다. 그런 그가 자신의 삶에 대해 의문을 갖기 시작한 것은 평소와 다름없이 평범한 어느 날, 갑자기 하늘에서 촬영용 조명등이 떨어지고, 어렸을 적 자신이 익사를 직접 목격했던 아버지가 살아오고, 또 누군가에 의해 끌려가는 등 상식 밖의 일들이 벌어지고 나서부터였다. 평생을 그다지 신경쓰지 않고 지냈던 일상이었지만 주변을 보니 이상한 일이 너무 많았다. 결국 자신이 특별한 상황에 놓여있다는 확신을 하게된 트루먼은 첫사랑 실비아의 모든 것이 다 거짓라는 말을 되새기며 일상으로부터 탈출을 결심하게 되는데...",/AsUv4pFf1UQuOLKf7nYUXgmgCNf.jpg,False
KR,대한민국,movie,614945,음성메시지가 도착했습니다,Voicemails for Isabelle,en,2026-06-20,"10749,35,18","로맨스, 코미디, 드라마",29.5308,8.362,745,"한 젊은 여성이 세상을 떠난 자매에게 웃기고 솔직한 음성 메시지를 남긴다. 그런데 이 메시지들이 본의 아니게 낯선 사람에게 전달되고, 그는 멀리서 그녀에게 마음을 뺏긴다.",/yOUKcPjv1cdTc2MsmXqqUwsrfOa.jpg,False
KR,대한민국,movie,558449,글래디에이터 II,Gladiator II,en,2024-11-13,"28,12,18","액션, 모험, 드라마",31.3694,6.603,4627,"로마의 영웅이자 최고의 검투사였던 막시무스가 콜로세움에서 죽음을 맞이한 뒤 20여 년이 흐른 후. 쌍둥이 황제 게타와 카라칼라의 폭압 아래 시민을 위한 자유로운 나라 로마의 꿈은 잊힌 지 오래다. 한편 아카시우스 장군이 이끄는 로마군에 대패한 후 모든 것을 잃고 노예로 전락한 루시우스는 강한 권력욕을 지닌 마크리누스의 눈에 띄어 검투사로 발탁된다. 로마를 향한 걷잡을 수 없는 분노, 타고난 투사의 기질로 콜로세움에 입성하게 된 루시우스는 결투를 거듭하며 자신이 진짜 누구인지 알게 되고 마침내 로마의 운명을 건 결전을 준비하게 되는데...!",/aJaKH3wJvdcMyq28vUhHnINWPjI.jpg,False
KR,대한민국,movie,1202033,에놀라 홈즈 3,Enola Holmes 3,en,2026-06-30,"12,80,9648","모험, 범죄, 미스터리",24.8975,6.859,565,결혼식을 위해 몰타로 향하는 에놀라 홈즈. 하지만 셜록의 실종으로 위험한 사건에 휘말리게 되면서 그녀의 결혼 계획은 난관에 부딪힌다.,/zBUJQKxmTGTXGGfsWTB93sk2DV1.jpg,False
KR,대한민국,movie,72190,월드워 Z,World War Z,en,2013-06-19,"28,27,878","액션, 공포, SF",27.4485,6.848,16837,"세계 곳곳에서 원인을 알 수 없는 이변이 일어나기 시작하고, 정체 불명의 존재들의 무차별적 공격으로 도시는 순식간에 아수라장으로 변한다. 군인 출신으로 전시 경험이 풍부하고 위기 대처 능력이 뛰어난 전직 UN 소속 조사관 제리는 위험한 상황에서 가까스로 가족들과 탈출하는데 성공하고 이제껏 본 적 없는 인류 최대의 위기 앞에 대재난에 맞설 최후의 적임자로 지목된다. 마침내 제리는 전 세계를 위협하는 거대한 정체들과 직면하게 되고, 그들의 끊임없는 공격에 맞서 필사의 사투를 벌이게 되는데...",/cnUlKvIXbTmDnyp6pIGIMgdl332.jpg,False
KR,대한민국,movie,545611,에브리씽 에브리웨어 올 앳 원스,Everything Everywhere All at Once,en,2022-03-24,"28,12,878","액션, 모험, SF",27.6322,7.708,8216,"남편과 세탁소를 운영하며 근근히 살아가고 있는 이민자 이블린 왕. 20대 시절 남편과 순수한 사랑을 불태우며 모든 것을 뒤로 하고 미국으로 이민을 떠났지만, 50대가 된 지금은 세탁소 운영 등 온갖 일로 허덕이며 단란했던 가족과도 삐그덕거리는 등 고달프게 살고 있다. 세무조사를 받던 중 자신이 멀티버스의 여러 다른 자신들과 연결되어 있음을 알게 되고, 강력한 악의 기운으로부터 모든 우주와 가족을 구해내기 위한 모험에 나서게 되는데...",/dd29Kt2p2voyP2sB6p3jC36A7ce.jpg,False
KR,대한민국,movie,1509599,கட்டா குஸ்தி 2,கட்டா குஸ்தி 2,ta,2026-07-03,"35,18","코미디, 드라마",26.8719,3.625,4,,/5U8MWIk9XZ60NALyOTpyX7vXIR7.jpg,False
KR,대한민국,movie,1659155,믿는 자들,Los creyentes,es,2026-07-24,"53,18,9648","스릴러, 드라마, 미스터리",26.2699,5.73,63,"한동안 가족과 연을 끊고 살아온 30세 여성 루트(스테파니 마그닌). 석연치 않은 어머니의 사망 소식을 듣고 고향으로 돌아온다. 오랜만에 재회한 아버지 마르틴(호세 코로나도)은 은퇴 후 음침한 음모론에 심취한 나머지 괴팍하고 신경질적인 사람으로 변해 있다. 부녀 사이에 팽팽한 긴장이 감돌고, 아버지는 종잡을 수 없는 행동을 일삼는다. 그러자 루트는 어머니의 죽음에 아버지가 연루된 것은 아닌지 의심하기 시작한다. 살인범과 한 지붕 아래 살고 있는 것은 아닐까?",/pUvs1iFFMDy3sNp5dNmkRak1oxD.jpg,False
KR,대한민국,movie,539972,크레이븐 더 헌터,Kraven the Hunter,en,2024-12-11,"28,12,53","액션, 모험, 스릴러",28.9821,6.427,2427,죽음의 문턱에서 맹수의 초인적인 힘을 얻고 살아 돌아온 크레이븐이 무자비한 복수의 길을 택하며 거침없는 사냥을 펼치는 액션 블록버스터,/gYOhHBHSqb3J0QaZWlKYDbpxY7Y.jpg,False
KR,대한민국,movie,1062722,프랑켄슈타인,Frankenstein,en,2025-10-17,"18,14,27","드라마, 판타지, 공포",29.1392,7.62,3674,과학자 빅터 프랑켄슈타인과 그의 손에서 탄생한 괴물이 펼치는 이야기. 고전이 된 메리 셸리의 소설을 오스카 수상 감독 기예르모 델토로가 영화화했다.,/vSMWJkBTEfa7kFxHizSz4uJNVlf.jpg,False
KR,대한민국,movie,345940,메가로돈,The Meg,en,2018-08-09,"28,878,27","액션, SF, 공포",25.535,6.252,8291,"국제 해저 관측 프로그램으로 일환으로 심해를 탐사 중인 해저 탐험대는 정체 모를 거대 생물에게 공격을 당한다. 긴급 투입된 심해 구조 전문가 조나스(제이슨 스타뎀)는 그것이 200만년 전 멸종된 것으로 알려진 ‘메가로돈’임을 주장한다. 아무도 믿으려 하지 않지만, 조나스는 역사상 가장 위대하고 가장 거대한 포식자와 두 번째로 마주하는 것인데…",/nJW6nWxQh9vq9RHayZFzuRF9ybj.jpg,False
KR,대한민국,movie,1100988,28년 후,28 Years Later,en,2025-06-18,"27,53,878","공포, 스릴러, SF",27.2853,6.606,2767,"28년 전 생물학 무기 연구소에서 세상을 재앙으로 몰아넣은 바이러스가 유출된 후, 일부 생존자들이 모여 철저히 격리된 채 살아가는 섬 홀리 아일랜드. 이곳에서 태어나 한 번도 섬 밖을 나가 본 적 없는 소년 스파이크는 어느 날 섬을 떠나 본토에 발을 들이게 되고 난생처음 바이러스에 잠식된 세상을 마주하게 된다. 변이된 바이러스는 10,228일의 시간 동안 감염자들을 더욱 충격적으로 진화시켰고 스파이크는 그 실체를 목격하며 극강의 공포에 휩싸이게 되는데...",/zRo90O0bTKJem1aDgVa6Sm0gthE.jpg,False
KR,대한민국,movie,49521,맨 오브 스틸,Man of Steel,en,2013-06-12,"28,12,878","액션, 모험, SF",25.234,6.7,16420,"무리한 자원 채취로 크립톤 행성의 종말이 다가오자 조드 장군은 반란을 일으켜 자신들만의 왕국을 건설하려 한다. 이에 반대한 조엘은 크립톤인의 유전자 정보가 담긴 코덱스를 빼돌려 이를 갓 태어난 자신의 아들 칼엘과 함께 지구로 보내고, 반란에 실패한 조드 장군은 감옥에 갇힌다. 지구에 도착한 칼엘은 뒤늦게 자신의 정체를 알아내지만 감옥에서 탈출한 조드 장군의 공격을 받는다. 조드 장군은 코덱스를 되찾아 지구에 새로운 왕국을 건설하려 하고클라크 켄트는 자신을 그토록 괴롭혔던 지구인을 지키기 위해 조드 장군과 전면 승부를 벌인다.",/8Qx9fp2lZJU4v67jks6MmOMBCQg.jpg,False
KR,대한민국,movie,546554,나이브스 아웃,Knives Out,en,2019-11-27,"35,80,9648","코미디, 범죄, 미스터리",25.5163,7.84,14262,"미스터리 소설의 대가인 작가 할란이 자신의 85살 생일에 자신의 방에서 날카로운 단검으로 목이 그인 채 발견된다. 외딴 저택에 모인 할란의 간병인과 자식 내외, 그리고 3세들은 유산 상속을 놓고 대거 혼란에 빠진다. 파견된 형사들은 가족과의 면담을 할 수록 자살로 의견이 모이지만, 면담 중 멀찍이 떨어져 상황을 전망하는 푸른 눈의 사내는 형사들마저 압도하며 심문을 주도해나간다. 남자의 이름은 바로 브누아 블랑. 챔피언 사건을 해결해서 이름이 높아진 유명한 사립탐정이다.",/7brBiaaH1sToGV1YBi5EIUnyjo0.jpg,False
KR,대한민국,movie,1396749,와일드 씽,와일드 씽,ko,2026-06-03,"35,10402","코미디, 음악",25.9935,5.941,17,"한때 가요계를 휩쓸었지만 예기치 못한 사건에 휘말려 하루아침에 해체된 3인조 혼성 댄스 그룹 트라이앵글. 20년 만에 리더 현우에게 재기의 발판이 될 트라이앵글 공연 제안이 들어오고, 인생의 마지막 기회를 잡기 위해 멤버들을 찾아 나선다. 생계형 방송인이 된 현우, 재벌가 며느리가 된 도미, 솔로 앨범으로 빚더미에 앉은 상구까지 세 사람은 다시 모여 공연장으로 향하지만, 과거 트라이앵글의 라이벌 발라드 왕자 성곤과 악연으로 얽힌 전소속사 박대표까지 나타나며 상황은 점점 걷잡을 수 없이 꼬여가는데…",/s4IUDzLZJb4CosgEXcmouY32Jfg.jpg,False
KR,대한민국,movie,101,레옹,Léon,fr,1994-09-14,"80,18,28","범죄, 드라마, 액션",25.8823,8.293,16312,"한 손엔 우유 2팩이 든 가방, 다른 한 손엔 화분을 들고 뿌리 없이 떠도는 킬러 레옹은 어느 날 옆 집 소녀 마틸다의 일가족이 몰살 당하는 것을 목격한다. 그 사이 심부름을 갔다 돌아 온 마틸다는 가족들이 처참히 몰살 당하자 레옹에게 도움을 청한다. 가족의 원수를 갚기 위해 킬러가 되기로 결심한 12세 소녀 마틸다는 레옹에게 글을 알려주는 대신 복수하는 법을 배우고, 그 사이 레옹에 대한 사랑을 키워나간다. 드디어 그녀는 가족을 죽인 사람이 부패한 마약 경찰 스탠스임을 알게 되고, 홀로 그의 사무실로 향하게 되는데...",/cVNasmF1Egd3v3mpq747Hizxx4x.jpg,False
KR,대한민국,movie,77338,언터처블: 1%의 우정,Intouchables,fr,2011-11-02,"18,35","드라마, 코미디",25.7293,8.272,18645,"상위 1% 귀족남과 하위 1% 무일푼이 만났다.  2주간의 내기로 시작된 상상초월 특별한 동거 스토리  하루 24시간 내내 돌봐주는 손길이 없으면 아무 것도 할 수 없는 전신불구의 상위 1% 백만장자 필립(프랑수아 클루제). 어느 날 우연히, 가진 것이라곤 건강한 신체가 전부인 하위 1% 무일푼 백수 드리스(오마 사이)를 만나게 된 그는 거침없이 자유로운 성격의 드리스에게 호기심을 느껴 특별한 내기를 제안한다. 바로 2주 동안 필립의 손발이 되어 한시도 떨어지지 않고 자신을 간호하며 버틸 수 있는지 시험해보겠다는 것. 참을성이라곤 눈꼽 만큼도 찾아 볼 수 없던 드리스는 오기가 발동해 엉겁결에 내기를 수락한다. 이렇게, 전혀 어울릴 것 같지 않던 극과 극, 두 남자의 예측불허 기막힌 동거가 시작 되는데…",/4oOf3pmDD5rMNQGgsf7zMbFKtKC.jpg,False
KR,대한민국,movie,402431,위키드,Wicked,en,2024-10-16,"18,10749,14","드라마, 로맨스, 판타지",25.3969,6.908,3145,"자신의 진정한 힘을 미처 발견하지 못한 엘파바, 자신의 진정한 본성을 아직 발견하지 못한 글린다. 전혀 다른 두 사람은 마법 같은 우정을 쌓아간다. 그러던 어느 날, 마법사의 초대를 받아 에메랄드 시티로 가게 되고 운명은 예상치 못한 위기와 모험으로 두 사람을 이끄는데...",/mCB6biaBEafLGbs1eTImqlOgZj9.jpg,False
KR,대한민국,movie,9502,쿵푸팬더,Kung Fu Panda,en,2008-06-04,"28,16,35,10751","액션, 애니메이션, 코미디, 가족",25.2216,7.332,12838,"평화의 계곡에서 아버지의 국수 가게를 돕고 있는 팬더 포. 아버지는 국수의 비법을 알려주어 가업을 잇게 하고 싶지만, 포의 관심사는 오로지 쿵푸 마스터. 가게 일은 뒷전으로 하고 쿵푸의 비법이 적힌 용문서의 전수자를 정하는 무적의 5인방 대결을 보러 시합장을 찾은 포. 그런데 마을의 현인 우그웨이 대사부가 포를 용문서의 전수자로 점지하는 이변이 일어난다. 무적의 5인방은 물론 시푸 사부 역시 이 사태를 받아들이지 못하는 가운데, 용문서를 노리고 어둠의 감옥에서 탈출한 타이 렁이 마을을 습격해오자 그를 막아야 하는 미션이 포에게 떨어지는데...",/c3Dzd3A3QE0LkKb5HMOHTzs2Fyg.jpg,False
KR,대한민국,movie,426063,노스페라투,Nosferatu,en,2024-12-25,"27,14","공포, 판타지",24.8641,6.7,3836,오랜 시간 통제할 수 없는 강력한 힘에 이끌려 악몽과 괴로움에 시달려 온 엘렌. 남편 토마스가 거액의 부동산 계약을 위해 머나먼 올록성으로 떠난 후부터 엘렌은 불안 증세가 심해지고 알 수 없는 말을 되뇌인다. 기이한 현상들이 일어나며 마을로 점점 짙게 번져오는 그림자. 영원한 어둠 속에서 깨어난 올록 백작이 찾아오는데…,/soIj2QYF9eBhQquSzStkzmtRwJn.jpg,False
KR,대한민국,movie,1330021,아쿠아리움이 문을 닫으면,Remarkably Bright Creatures,en,2026-05-07,"18,9648","드라마, 미스터리",24.8163,8.476,809,작은 마을의 아쿠아리움에서 야간 근무를 하는 여자. 남편과 사별한 그녀는 영리한 문어와 삶의 방향을 잃은 젊은 남자와 친구가 된다. 베스트셀러를 원작으로 한 감동적인 드라마 영화.,/mUt0SnTp0oAN38BHD7NGX8hmwAT.jpg,False
KR,대한민국,movie,1100782,스마일 2,Smile 2,en,2024-10-16,"27,10402,9648,53","공포, 음악, 미스터리, 스릴러",24.3073,6.584,2260,월드투어를 앞두고 자신의 눈 앞에서 기괴한 미소와 함께 끔찍한 죽음을 맞은 친구를 목격한 팝스타 ‘스카이’. 그 날 이후 공연 리허설과 팬 미팅 행사 등 그녀의 삶 곳곳에서 끔찍한 일들이 잇따라 발생한다. 화려한 스타의 삶을 뒤덮은 공포에서 벗어나기 위해 몸부림치던 ‘스카이’는 자신이 죽어야만 전염처럼 번지는 저주가 끝난다는 사실을 듣게 되는데…,/4nQk1OgbtdnKYMEQiOwwMB4yGxn.jpg,False
KR,대한민국,movie,111,스카페이스,Scarface,en,1983-12-09,"28,80,18","액션, 범죄, 드라마",24.1355,8.154,13250,"1980년 5월 쿠바가 마리엘 항을 개항하여 반카스트로 지지자들이 미국 플로리다에 입항한다. 토니 몬타나와 마니리베라도 이민 수용소로 보내진다. 3개월 후 마니가 수용소에 있는 레벤가라는 자를 살해해 주면 신분증을 입수해 주겠다는 일을 받아 수용소에 폭동을 일으켜 레벤가를 암살한다. 접시닦이로 근근히 살아가던 토니는 프랭크의 부하로부터 콜롬비아 마약상과의 거래일을 맡았다가 위험천만한 위기를 넘긴다. 그 사건을 계기로, 토니는 프랭크의 신임을 얻고 그의 부하가 되지만, 수 개월 후 결국 자신을 없애려는 프랭크를 죽이고 조직을 장악, 보스 자리에 오르는데...",/zx7sXrMISbs8RI4URbjPyKocRgP.jpg,False
KR,대한민국,movie,24,킬 빌: 1부,Kill Bill: Vol. 1,en,2003-10-10,"28,80","액션, 범죄",24.0586,7.971,19199,"어느 한적한 오후, 행복한 결혼식을 앞둔 더 브라이드와 그녀의 신랑, 그리고 모든 하객들이 의문의 조직에 의해 처참하게 살해당한다. 그로부터 5년 후, 코마상태의 더 브라이드는 죽음 직전까지 갔다가 어렵게 깨어난다. 그리고 피로 얼룩진 과거가 그녀의 뇌리에 스치면서 서서히 복수의 리스트를 작성하기 시작한다. 그녀는 전세계적으로 악명높은 살인조직 데들리 바이퍼의 일원이었고, 조직의 보스인 빌을 포함한 5명의 일원이 새로운 삶을 앞둔 그녀를 처참하게 무너뜨렸음이 밝혀지자, 그녀는 텍사스, 멕시코, 일본을 방문하며 가장 잔인한 복수를 실행하게 되는데...",/lH82lk837fACeVZUmqHH0UiEeWL.jpg,False
KR,대한민국,movie,4935,하울의 움직이는 성,ハウルの動く城,ja,2004-09-09,"14,16,12","판타지, 애니메이션, 모험",23.7707,8.388,11267,"19세기 말 마법과 과학이 공존하고 있는 세계 앵거리. 소피는 돌아가신 아버지의 모자상점에서 쉴틈없이 일하는 18살 소녀이다. 어느 날 오랫만에 마을로 나간 소피는 우연히 하울을 만나게 된다. 하울은 왕실 마법사로서 핸섬하지만 조금 겁이 많은 청년이다. 황무지 마녀는 두 사람의 사이를 오해, 주문을 걸어 소피를 90살의 늙은 할머니로 만들어 버린다. 가족을 걱정한 소피는 집을 나오게 되고 황무지를 헤매다가 하울이 사는 성에서 가정부로 낯선 생활을 시작한다. 4개의 다리로 걷는 기괴한 움직이는 성 안에서 하울과 소피의 기묘한 사랑과 모험이 시작되는데...",/xiz6TiSduvR1U3VLfWVlBEdT9fO.jpg,False
KR,대한민국,movie,785084,더 웨일,The Whale,en,2022-12-09,18,드라마,23.6391,7.76,4788,"272kg의 거구로 세상을 거부한 채 살아가는 대학 강사 찰리는 남은 시간이 얼마 없음을 느끼고 오랫동안 만나지 못한 10대 딸 엘리를 집으로 초대한다. 그리고, 매일 자신을 찾아와 에세이 한 편을 완성하면 전 재산을 주겠다고 제안한다.",/q0xV5Lnq30JiegbVGBOvVwrgUDT.jpg,False
KR,대한민국,movie,1317149,멈출 수 없는 말,I Swear,en,2025-09-22,"18,36","드라마, 역사",23.5863,8.2,431,"스코틀랜드 활동가 존 데이비드슨의 실화에 기반한 작품. 투렛 증후군을 가진 한 남자가 주변 동료들로부터 용기를 얻고, 거침없는 목소리로 편견에 맞서는 이야기를 그린다.",/vUwyhNWBKkSwK8ELvEeBRwV724h.jpg,False
KR,대한민국,movie,603692,존 윅 4,John Wick: Chapter 4,en,2023-03-21,"28,53,80","액션, 스릴러, 범죄",23.5707,7.708,8139,"죽을 위기에서 살아난 존 윅은 최고 회의를 쓰러트릴 방법을 찾아낸다. 비로소 완전한 자유의 희망을 보지만, 빌런 그라몽 후작과 전 세계의 최강 연합은 존 윅의 오랜 친구까지 적으로 만들어 버리고, 새로운 위기에 놓인 존 윅은 최후의 반격을 준비하는데...",/h3LsdSBzhRnBebz4BTpAhh63PD3.jpg,False
KR,대한민국,movie,701387,부고니아,Bugonia,en,2025-10-23,"878,53,35","SF, 스릴러, 코미디",23.3753,7.3,2196,"벌들은 사라지고, 지구는 병들고 있고, 인류는 고통받고 있다. 거대 바이오 기업의 물류센터 직원인 테디는 이 모든 것이 은밀하게 진행되고 있는 외계인의 지구침공 계획 때문이고, 사장 미셸이 안드로메다에서 온 외계인이라고 굳게 믿는다. 오랜 준비 끝, 함께 사는 사촌 동생 돈과 함께 결국 미셸을 납치하는데 성공한 테디. 그는 지하실에 미셸을 감금한 채 지구를 찾아온 이유와 앞으로의 음모를 캐묻지만 자신은 외계인이 아니라는 말만 반복하는 미셸. 과연 테디는 미셸에게서 원하는 답을 얻고 지구를 지킬 수 있을까?",/ko6Wxr4sB9RM3pJb5JlWPqiSOIp.jpg,False
KR,대한민국,movie,6479,나는 전설이다,I Am Legend,en,2007-12-12,"18,878,53","드라마, SF, 스릴러",23.176,7.221,17101,바이러스 감염으로 전 인류가 사망하고 홀로 뉴욕에 살아 남은 과학자 로버트 네빌(윌 스미스). 혹시라도 있을 다른 생존자를 찾아 절박한 심정으로 네빌은 3년 동안 방송을 송신해 왔다. 마침내 그는 혼자가 아니라는 것을 알게 되는데...,/yvaDfiS0DzsHDWBjlqxo6CPgDVJ.jpg,False
KR,대한민국,movie,1234731,아나콘다,Anaconda,en,2025-12-24,"12,35,27","모험, 코미디, 공포",23.169,5.821,1335,"중년의 위기를 겪고 있는 친구들이 젊은 시절 가장 좋아했던 영화를 재현하기 위해 열대우림으로 떠난다. 그러나 그들은 자연 재해, 거대한 뱀, 그리고 폭력적인 범죄자들과 맞서 싸우며 생존을 위한 사투를 벌이게 된다.",/4HxOXiEFPAFQhzkobIU9Lqlezlq.jpg,False
KR,대한민국,movie,168259,분노의 질주: 더 세븐,Furious 7,en,2015-04-01,"28,80,53","액션, 범죄, 스릴러",22.464,7.216,11401,"도미닉과 멤버들은 범죄조직 소탕 후 모든 전과를 사면 받고 평범한 일상으로 돌아간다. 하지만 평화도 잠시, 전작에서 처리한 범죄조직의 리더 오웬 쇼의 형 데카드 쇼가 동생의 복수를 위해 멤버들을 차례로 공격한다. 특수부대 출신 용병 데카드 쇼의 난입으로 한이 갑작스레 사망하게 되고, 도미닉의 집은 순식간에 폭파당한다. 이에 맞서는 정부요원 페티는 도미닉을 돕는 조건으로 납치당한 해커 램지의 구출을 의뢰하고, 도미닉은 멤버들을 다시 모아 숨막히는 반격을 시작한다.",/cuQdgDYANbKA46e4va2fz6fODkc.jpg,False
KR,대한민국,movie,985939,폴: 600미터,Fall,en,2022-08-11,53,스릴러,22.246,7.145,4747,내려갈 길이 끊겨버린 600미터 TV 타워 위에서  두 명의 친구가 살아남기 위해 펼치는 사상 최초의 고공 서바이벌 여기에서,/uyiALGPVtVsrTY4YHSq2osSYls5.jpg,False
KR,대한민국,movie,77,메멘토,Memento,en,2000-10-11,"9648,53","미스터리, 스릴러",22.0745,8.174,16510,"전직 보험 수사관이었던 레너드에게 기억이란 없다. 자신의 아내가 강간당하고 살해되던 날의 충격으로 기억을 10분 이상 지속시키지 못하는 단기 기억상실증 환자가 되었던 것이다. 그가 마지막으로 기억하고 있는 것은 자신의 이름이 레너드 셸비 라는 것과 아내가 강간당하고 살해당했다는 것, 그리고 범인은 존 G 라는 것이 전부. 레너드는 자신의 가정을 파탄 낸 범인을 찾기 위한 방법으로 메모와 문신을 사용하게 된다. 하지만 진실에 다가갈수록 자신의 기억, 주위 사람들에 대한 의심이 갈수록 커져만 가는데...",/x5FPVwJHyf1SnDW04fwr9rsyWm4.jpg,False
KR,대한민국,tv,5920,멘탈리스트,The Mentalist,en,2008-09-23,"80,18,9648","범죄, 드라마, 미스터리",282.3209,8.374,4510,"2008년 9월 CBS에서 방영을 시작한 범죄심리수사물. 예리한 관찰력과 날카로운 추리력을 가진 패트릭 제인은 사람들의 행동을 관찰해서 그 마음을 읽는 능력을 이용하여 돈벌이를 하며 살아가고 있었다. 그러다가 한 방송에서 연쇄살인범 레드존에 대한 언급을 하게 되고, 그로 인해 아내와 딸이 레드존에게 죽임을 당한다. 그 후 제인은 레드존에 대한 정보를 얻기 위해 CBI(캘리포니아 연방수사대)를 찾아가게 되고, 우연히 그들의 수사를 돕게 되면서 수사대의 자문위원이 되고 각종 범죄를 해결하며 레드존을 잡기 위한 정보도 취합해 간다.",/82hq7b8rPG0TFTV4SJk8Zfxj24H.jpg,False
KR,대한민국,tv,2734,로 앤 오더: 성범죄전담반,Law & Order: Special Victims Unit,en,1999-09-20,"80,18,9648","범죄, 드라마, 미스터리",266.8222,7.959,4308,추악한 성범죄를 수사하는 뉴욕 경찰 성범죄전담수사반의 활약을 그린 드라마.,/iofokHZoUB4Qhik4PflvJl8TT6a.jpg,False
KR,대한민국,tv,79744,루키,The Rookie,en,2018-10-16,"80,18,35","범죄, 드라마, 코미디",250.4278,8.547,3441,이혼 후 은행 강도를 당한 일을 계기로 LAPD에 지원한 40세의 최고령 신입을 중심으로 펼쳐지는 이야기,/9wz0GDLxCdKVCRfeBo951WETopv.jpg,False
KR,대한민국,tv,60625,릭 앤 모티,Rick and Morty,en,2013-12-02,"16,35,10765,10759","애니메이션, 코미디, Sci-Fi & Fantasy, Action & Adventure",216.1674,8.681,11237,술에 절어 사는 천재 과학자 릭은 투정이 심한 10대 손자 모티를 데리고 외계와 대체 현실로 아슬아슬한 모험을 떠난다.,/owhkU6KRqdXoUQpjV8uyZGPtX58.jpg,False
KR,대한민국,tv,65334,미라큘러스 레이디버그,"Miraculous, les aventures de Ladybug et Chat Noir",fr,2015-10-19,"10759,16,10762","Action & Adventure, 애니메이션, Kids",217.7688,8.057,4633,"프랑스 파리를 배경으로, 백인 아버지와 중국인 어머니 사이에서 태어난 중국계 프랑스인 소녀, 마리네트 청이 ‘레이디버그’로 변신해 악당으로부터 파리를 지키는 내용이다.",/2StXCVS3mm09HwRBWsee3QCz3TM.jpg,False
KR,대한민국,tv,1396,브레이킹 배드,Breaking Bad,en,2008-01-20,"18,80","드라마, 범죄",191.6317,8.947,18315,2008년 1월 AMC에서 방영을 시작한 범죄 스릴러. Breaking Bad는 막가기를 뜻하는 미국 남부 지방의 속어이다. 한때 노벨화학상까지 바라 볼 정도로 뛰어난 과학자였던 고등학교 화학 교사 월터 화이트는 자신의 50세 생일 날에 폐암 3기 진단을 받는다. 어느 날 동서와 함께 마약 단속 현장을 참관한 그는 현장에서 달아나는 옛 제자 제시를 발견한다. 뇌성마비에 걸린 고등학생 아들과 임신한 아내를 위해 제시에게 동업을 제의한 월터는 자신의 화학지식을 이용해 전례없는 고순도 고품질의 메스암페타민을 제조한다.,/anFx9aTOOYqgS3v7x3R84Kz67ly.jpg,False
KR,대한민국,tv,1408,하우스,House,en,2004-11-16,18,드라마,166.0173,8.566,7764,"2004년 11월 FOX에서 방영을 시작한 미스터리 의학 시리즈. 프린스턴 플레인즈보로 대학병원의 진단의학과 과장인 그레고리 하우스는 환자들을 성심성의껏 돌보는 데는 영 꽝인 의사. 사사건건 병원 원장인 리사 커디와 부딪히는 그는 못된 매너와 그 매너를 더욱 돋보이게 하는 외모로 유명하지만, 또한 창조적인 생각과 결점없는 의학적 본능을 유감없이 발휘하는 최고의 의사이기도 하다. 천재적인 분석능력을 갖춘 전염병 전문의로서 그가 이제 인명을 살리기 위한 흥미롭고 미스터리한 의학의 퍼즐을 풀어간다.",/3Cz7ySOQJmqiuTdrc6CY0r65yDI.jpg,False
KR,대한민국,tv,34307,쉐임리스,Shameless,en,2011-01-09,"18,35","드라마, 코미디",155.5561,8.167,3423,미국 시카고 후미진 마을에서 힘겹게 살고 있는 싱글 대디 프랭크와 총명하고 독립적인 그의 여섯 자녀들의 리얼한 이야기,/9ZTivNsXHQWVq578CIsvsM5zd08.jpg,False
KR,대한민국,tv,94664,무직전생 ~이세계에 갔으면 최선을 다한다~,無職転生 ～異世界行ったら本気だす～,ja,2021-01-11,"10759,16,10765","Action & Adventure, 애니메이션, Sci-Fi & Fantasy",149.1897,8.469,1634,"'나는 이 세계에서 최선을 다하겠어!' 34세 총각에 무직인 방구석 폐인이었던 남자. 그는 부모님의 장례식 날에 집에서 쫓겨나 트럭에 치여 목숨을 잃었다. 다시 눈을 떴을 때 그는 검과 마법이 존재하는 이세계에서 아기로 다시 환생해 있었다! 쓰레기처럼 살아온 남자는 소년 루데우스로서 이세계에서 최선을 다해 살아가기로 맹세한다! 루데우스를 기다리는 것은 로리 마술사, 엘프 귀를 가진 소꿉친구, 흉포한 새침데기 아가씨와 그 외 다양한 인간들과의 만남. 그리고 가혹한 모험과 전투. 그의 새로운 인생이 움직이기 시작한다! '인생 재시작' 판타지, 개막!",/bKGRbhv6ivalbt9sMniyxLVGnUZ.jpg,False
KR,대한민국,tv,66732,기묘한 이야기,Stranger Things,en,2016-07-15,"10759,9648,10765","Action & Adventure, 미스터리, Sci-Fi & Fantasy",138.0794,8.6,21593,"인디애나주의 작은 마을에서 행방불명된 소년. 이와 함께 미스터리한 힘을 가진 소녀가 나타나고, 마을에는 기묘한 현상들이 일어나기 시작한다. 아들을 찾으려는 엄마와 마을 사람들은 이제 정부의 일급비밀 실험의 실체와 무시무시한 기묘한 현상들에 맞서야 한다.",/mpOQpOKdo2XJnTqRzo1lTmDNsc1.jpg,False
KR,대한민국,tv,1911,본즈,Bones,en,2005-09-13,"80,18","범죄, 드라마",113.9606,8.185,3545,"워싱턴 D.C.의 제퍼소니안 재단의 연구소 소속 법인류학자인 템퍼런스 브레넌 박사와 FBI 워싱턴 지국 요원인 실리 부스, 그리고 브레넌 박사의 팀이 뼈만 남다시피한 시신을 조사해 해결하는 내용으로 실제 법인류학자인 '캐시 라익스'의 소설을 각색해 제작되었으며 국내에도 '본즈'라는 제목으로 원작 소설 시리즈가 발매되었다.",/24Mi1oDrdc1zbHju7FVHJA4sgYt.jpg,False
KR,대한민국,tv,1668,프렌즈,Friends,en,1994-09-22,35,코미디,132.7185,8.413,9268,"1994년 5월 NBC에서 방영을 시작한 시트콤. 미국 뉴욕 시 맨해튼의 그리니치 빌리지의 아파트와 까페 센트럴 퍼크를 중심으로 2-30대의 세 명의 남자와 세 명의 여자의 우정과 사랑, 삶을 그렸다. 부잣집 맏딸이자 응석받이로 자라 온 레이첼은 결혼식을 앞두고 결혼 선물들을 쳐다보던 중 자신이 남편보다 결혼선물을 더 사랑한다는 사실을 깨닫고 회의감을 느끼게 된다. 이를 계기로 불현듯 결혼식에서 도망쳐 나오게 되고, 뉴욕에 아버지의 그늘을 피할 곳을 찾다가 결혼식 전 우연히 만난 고등학교 동창 모니카와 재회하게 된다.",/2koX1xLkpTQM4IZebYvKysFW1Nh.jpg,False
KR,대한민국,tv,30984,블리치,BLEACH,ja,2004-10-05,"10759,16,10765","Action & Adventure, 애니메이션, Sci-Fi & Fantasy",114.2729,8.365,2204,"'쿠로사키 이치고'는 유령을 볼 수 있는 15세의 남자다. 특수한 체질을 가지고도 평범한 생활을 하던 이치고에게 갑자기 스스로를 사신이라고 소개하는 소녀 '쿠치키 루키아'가 나타난다. 유아울러 산 사람, 죽은 사람 안 가리고 공격해서 영혼을 먹어치우는 나쁜 혼령 '호로'도 모습을 드러낸다. 그런데 호로로 인해 이치고의 가족이 쓰러져가는데...",/2cT8jkEVsAL86CVKALR4pnaVLDb.jpg,False
KR,대한민국,tv,1402,워킹 데드,The Walking Dead,en,2010-10-31,"10759,18,10765","Action & Adventure, 드라마, Sci-Fi & Fantasy",106.4559,8.1,18043,"2010년 10월 AMC에서 방영을 시작한 좀비 아포칼립스물. 조지아 주의 보안관 릭은 범인 검거 중에 총상을 입고 혼수상태에 빠진다. 어느 날 혼수 상태에서 깨어난 릭은 폐허가 되어 버린 세상이 좀비들로 뒤덮여 있는 것을 발견한다. 쇠약해진 몸으로 병원을 빠져나온 릭은 워커라고 불리는 좀비들을 피해 생존자를 찾아다니고, 마을의 생존자 모건 부자의 도움을 받아 건강을 회복한 후 아내 로리와 아들 칼을 찾으러 애틀랜타로 떠나지만, 릭을 반긴 것은 셀 수 없이 많은 워커 무리들. 간신히 전차 내부로 피신한 릭을 백화점에 숨어있던 생존자 일행이 도와서 겨우 전차에서 빠져나오는데...",/nXzLSn04H4QyapOSwH76R3UE7Iw.jpg,False
KR,대한민국,tv,46952,블랙리스트,The Blacklist,en,2013-09-23,"18,80,9648","드라마, 범죄, 미스터리",118.8463,7.632,3669,FBI 10대 수배범에 올라가있는 거물 범죄 브로커 레이먼드 레딩턴이 어느날 갑자기 FBI 본부에 나타나 자수를 한다. 그러면서 레딩턴은 자신이 1급 범죄자들의 블랙리스트를 가지고 있다면서 사법거래를 요구하고 그 조건으로 FBI의 신참 프로파일러인 엘리자베스 킨하고만 이야기 하겠다고 요구한다. 한편 암에 걸린 양아버지를 두면서 남편과 함께 아기의 입양을 꿈꾸며 행복하게 살고 있던 엘리자베스의 삶은 레딩턴과의 만남과 우연히 발견하게 된 남편의 가짜 여권들을 통해 급변하게 되는데...,/4HTfd1PhgFUenJxVuBDNdLmdr0c.jpg,False
KR,대한민국,tv,37680,슈츠,Suits,en,2011-06-23,18,드라마,110.629,8.219,5841,"뜻밖의 행운일까, 아니면 뛰어난 재능일까. 뉴욕의 거대 로펌에 들어간 대학 중퇴 청년. 엘리트 변호사와 의기투합한 그가 시시하고 따분한 세상을 상대로 소송을 건다.",/lvYWwQj89ioSk9WzhC1KEujmpWa.jpg,False
KR,대한민국,tv,44217,바이킹스,Vikings,en,2013-03-03,"10759,18,10768","Action & Adventure, 드라마, War & Politics",108.6536,8.098,7765,2013년 3월 History에서 방영을 시작한 역사물. 바이킹 영웅 라그나 로스브로크는 새로운 대륙을 향해 탐험하고 싶어하지만 카테가트의 영주인 백작은 모험적인 항해를 원치 않아 라그나의 의견을 묵살한다. 라그나는 친구이자 배를 만드는 기술자인 플로키의 도움을 받아 백작 몰래 출항에 성공한다. 라그나는 새로운 대륙인 잉글랜드를 발견하고 동료들과 함께 노섬브리아 왕국 영토에 있는 수도원을 잔인하게 약탈하고 수도승 애설스탠을 노예로 삼는다. 처음 보는 바이킹의 야만적인 침략에 노섬브리아 왕국은 크게 분노하면서도 바이킹을 두려워하는데...,/bQLrHIRNEkE3PdIWQrZHynQZazu.jpg,False
KR,대한민국,tv,32798,하와이 파이브 오,Hawaii Five-0,en,2010-09-20,"80,18,10759","범죄, 드라마, Action & Adventure",113.0208,7.727,1888,하와이를 배경으로 범죄 조직에 맞서 싸우는 블록버스터 액션 드라마,/sIdCKlmM2nU4akIvFQaAIiU8YES.jpg,False
KR,대한민국,tv,2316,오피스,The Office,en,2005-03-24,35,코미디,103.9015,8.587,5357,팬실베니아 스크랜튼에 위치한 사무용지 판매회사 던더 미플린의 스크랜턴 지점. 무미건조한 사무실에서 깐깐한 지점장과 독특한 캐릭터의 부하들이 벌이는 코믹 해프닝과 가슴 찡한 이야기가 펼쳐진다. BBC에서 방영된 동명 영국 시리즈의 할리우드 리메이크.,/7DJKHzAi83BmQrWLrYYOqcoKfhR.jpg,False
KR,대한민국,tv,58841,시카고 PD,Chicago P.D.,en,2014-01-08,"80,18","범죄, 드라마",101.7094,8.426,2612,"시카고 경찰들의 이야기. 일선에서 직접 범죄자들과 싸우는 제복 경찰들과, 조직범죄나 마약밀매 등의 범죄를 조사하는 정보팀 소속 대원들의 활약을 그린다.",/bez40PgT36RUu4gstD2A6GSM0tP.jpg,False
KR,대한민국,tv,502,세서미 스트리트,Sesame Street,en,1969-11-10,"10762,35","Kids, 코미디",109.3396,7.1,288,"새서미 스트리트는 미국 어린 아이들을 위한 장수 TV 시리즈였습니다. 이 프로그램은 교육적인 목적으로 만들어졌지만 짐 핸슨의 인형극, 애니메이션, 짧은 영화, 유머와 문화에 대한 내용들로 매우 창의적인 내용들을 다루고 있습니다. 첫 시리즈는 1969년 11월 10일 방영되었으며 당시 긍정적인 리뷰가 있었고 논란이 되기도 하였고 높은 평가를 받았습니다.",/wZC3fXTxR00YCjgqkc1N20seZJb.jpg,False
KR,대한민국,tv,33238,런닝맨,런닝맨,ko,2010-07-11,"35,10764","코미디, Reality",97.837,8.2,214,"대한민국 최고의 연예인들이 곳곳에 있는 미션을 해결하고, 끊임없는 질주와 긴박감 넘치는 대결을 통해 대한민국 랜드마크들의 숨겨진 뒷모습을 전격 공개하는 프로그램",/15SMnscZqd7HZ0bzruatOcKUlOV.jpg,False
KR,대한민국,tv,209867,장송의 프리렌,葬送のフリーレン,ja,2023-09-29,"16,10759,18,10765","애니메이션, Action & Adventure, 드라마, Sci-Fi & Fantasy",87.4491,8.8,917,"용사 힘멜 일행과 함께 10년에 걸친 모험 끝에 마왕을 물리치고 세계에 평화를 가져온 마법사 프리렌. 천 년을 넘게 사는 엘프인 그녀는 힘멜 일행과 재회를 약속하고 혼자 여행을 떠난다. 그로부터 50년 후 프리렌은 힘멜을 찾아갔지만 50년 전과 달라진 게 없는 그녀에 비해 힘멜은 늙었고 수명이 얼마 남아있지 않았다. 그 후 죽음을 맞이한 힘멜을 보고 지금까지 '인간을 아는' 일을 하지 않았던 것을 후회하고 자신을 반성한 프리렌은 '인간을 알기 위한' 여행을 떠난다. 그 여로에는 다양한 사람들과의 만남, 다양한 사건들이 기다리고 있었는데──.",/mnj30hYDVAbL9BOA0f4HrKubAGF.jpg,False
KR,대한민국,tv,45140,틴 타이탄 GO!,Teen Titans Go!,en,2013-04-23,"16,10759,35,10751,10765","애니메이션, Action & Adventure, 코미디, 가족, Sci-Fi & Fantasy",83.6493,6.432,717,10대 히어로들의 평범하지만 평범하지 않은 일상을 그린 틴 타이탄의 외전격인 애니메이션,/kPKAigYUlWRpnfo4Ptiwlz4FWXU.jpg,False
KR,대한민국,tv,71790,스와트,S.W.A.T.,en,2017-11-02,"80,10759,18","범죄, Action & Adventure, 드라마",82.347,8.041,1590,"로스앤젤레스에서 발생하는 특수임무를 수행하는 특수 기동대, S.W.A.T.은 리더 혼도의 지휘 아래, 팀원들은 꼬리에 꼬리를 무는 사건과 그 뒤에 숨은 거대한 세력에 맞서 도시를 지킨다.",/eQOVfnoxU2q670BiFojrLC767vq.jpg,False
KR,대한민국,tv,71712,굿 닥터,The Good Doctor,en,2017-09-25,18,드라마,94.077,8.454,12898,자폐증을 가진 젊은 외과 의사가 명문 병원에 들어가게된다. 이에 사람들과 소통하지 못하는 의사가 사람의 목숨을 구할 수 있을 까 하는 의문이 제기되는데...,/luhKkdD80qe62fwop6sdrXK9jUT.jpg,False
KR,대한민국,tv,65733,신 도라에몽,ドラえもん,ja,2005-04-22,"10759,16,35,10765,10762,10751","Action & Adventure, 애니메이션, 코미디, Sci-Fi & Fantasy, Kids, 가족",94.9191,8.065,239,도라에몽과 진구 친구의 이야기,/vhythNI2xgNwXLmDvZzw6f48uPg.jpg,False
KR,대한민국,tv,95479,주술회전,呪術廻戦,ja,2020-10-03,"16,10759,10765","애니메이션, Action & Adventure, Sci-Fi & Fantasy",99.4051,8.6,4593,"소년은 싸운다 '올바른 죽음'을 위해  쓰라린 고통, 후회, 치욕. 인간으로부터 흘러나온 부정적인 감정이 저주로 변해 일상에 숨어든다. 저주는 세상에 만연한 재앙의 근원이며, 최악의 경우 인간을 죽음으로 이끈다. 그리고 저주는 저주로밖에 없앨 수 없다.  경이적인 신체능력을 가진 소년 이타도리 유지는 아주 평범한 고등학생이었지만, 어느 날 '저주'에 습격당한 친구를 구하기 위해 특급 주물 '양면 스쿠나의 손가락'을 먹고 영혼에 저주가 깃들게 된다. 저주인 '양면 스쿠나'와 몸을 공유하게 된 이타도리는 최강의 주술사인 고죠 사토루의 안내로 저주에 대항하는 전문 기관인 '도쿄 도립 주술 고등전문학교'에 편입하게 되는데... 저주를 없애기 위해 저주가 된 소년의 돌이킬 수 없는 장렬한 이야기가 움직이기 시작한다.",/pnn223i9v5kfYku6TbqdSbPePJp.jpg,False
KR,대한민국,tv,18165,뱀파이어 다이어리,The Vampire Diaries,en,2009-09-10,"18,10765","드라마, Sci-Fi & Fantasy",79.7466,8.3,9701,"L. J. 스미스의 뱀파이어 다이어리 소설 시리즈 원작. 뉴욕 외곽도시, 미스틱 폴즈의 한 고등학교를 배경으로 두 뱀파이어 형제 스테판과 데미언, 그리고 인간 소녀 엘레나의 로맨스를 그린다.",/b3vl6wV1W8PBezFfntKTrhrehCY.jpg,False
KR,대한민국,tv,63174,루시퍼,Lucifer,en,2016-01-25,"80,10765","범죄, Sci-Fi & Fantasy",92.0361,8.43,15600,지긋지긋한 지옥 생활을 청산하고 은퇴를 선언한 악마. LA로 와 나이트클럽을 열고 인생을 즐기던 어느 날 강력계 형사를 만나면서 새로운 삶을 살기 시작한다.,/ekZobS8isE6mA53RAiGDG93hBxL.jpg,False
KR,대한민국,tv,269,원 트리 힐,One Tree Hill,en,2003-09-23,18,드라마,86.118,7.8,610,"배다른 형제가 사랑, 그리고 농구를 두고 경쟁하는 드라마.  고등학교 농구팀의 에이스 네이선. 루커스가 팀에 새로 들어온 뒤, 경기력이 흔들린다. 루커스는 팀 내 라이벌일 뿐만 아니라, 네이선의 이복형제다.",/sOrelBaAhp7DZbPTivDwKEyPslC.jpg,False
KR,대한민국,tv,82452,아바타: 아앙의 전설,Avatar: The Last Airbender,en,2024-02-22,"10759,10765,18,10751","Action & Adventure, Sci-Fi & Fantasy, 드라마, 가족",74.7037,7.783,1310,"아바타로 밝혀진 소년이 전쟁에 휩싸인 세계를 구하려 한다. 그러기 위해서는 네 가지 원소의 힘을 마스터하고, 자신을 막으려 혈안이 된 무자비한 적에 맞서 싸워야 한다.",/toMLugPXtSiGTLmYrWKXIvbLG9R.jpg,False
KR,대한민국,tv,60574,피키 블라인더스,Peaky Blinders,en,2013-09-12,"18,80","드라마, 범죄",85.4071,8.525,11270,"1919년 영국 버밍엄. 토마스 셸비를 주축으로 한 셸비 가문은 악명 높은 범죄 조직 ""피키 블라인더스""를 이끌고 암흑가의 정상을 차지하기 위해 수단과 방법을 가리지 않는다.",/tNywkichh1mbS8BZA6CUPB8Zqgd.jpg,False
KR,대한민국,tv,60735,플래시,The Flash,en,2014-10-07,"18,10765","드라마, Sci-Fi & Fantasy",98.3957,7.8,11715,낙뢰 사고의 후유증으로 초인적인 스피드를 가지게 된 CSI 수사관 배리 앨런이 범죄에 맞서 싸우는 영웅 플래시로 활약하는 이야기를 그리는 드라마,/yZevl2vHQgmosfwUdVNzviIfaWS.jpg,False
KR,대한민국,tv,57532,퍼피 구조대,PAW Patrol,en,2013-08-12,"16,10762","애니메이션, Kids",72.8193,6.985,815,"퍼피구조대 대장 라이더와 용감한 여섯마리의 강아지 구조대의 이야기. 안전한 어드벤쳐 베이를 만들기 위한 라이더 대장과 여섯마리 귀여운 강아지 구조대의 끊임없는 연습과 도전! 경찰견 체이스와 소방견 마샬, 공사견 러블, 미화견 로키에 해양구조견 주마와 하늘을 나는 스카이까지! 여섯마리 강아지의 엉뚱발랄 신나는 구조활동을 지켜봐주세요!",/juAmsE4GC6gql0L1HsDmABkLWuX.jpg,False
KR,대한민국,tv,4656,WWE Raw,Raw,en,1993-01-11,10764,Reality,89.3726,6.8,367,WWE의 신기원을 연 획기적인 시리즈. 링 위에 오른 슈퍼스타들이 비할 데 없이 탁월한 기량과 극적인 드라마를 매주 실시간으로 선보인다.,/26v1iP77K6PySQRV0jBSnh3GtRc.jpg,False
KR,대한민국,tv,71728,영 셸던,Young Sheldon,en,2017-09-25,"35,10751,18","코미디, 가족, 드라마",68.3097,8.026,3051,'빅뱅이론'의 주인공 셸든 쿠퍼의 어린 시절을 다룬 이야기.,/c9J6uYthPPYpBHjOVEEWg7MvMtY.jpg,False
KR,대한민국,tv,296206,김부장,김부장,ko,2026-06-26,"10759,80,18","Action & Adventure, 범죄, 드라마",74.4886,7.931,87,"평범한 가장이자 아빠. 어느 날 딸이 흔적도 없이 실종되자, 그는 딸을 되찾기 위해 오래전 봉인해 둔 비밀 작전 기술을 다시 꺼내 든다. 하지만 곧 위험한 시선이 그를 향하기 시작한다.",/eKJNWq4akdrviR9qEF6xPhzKQU.jpg,False
KR,대한민국,tv,1407,홈랜드,Homeland,en,2011-10-02,"18,10768,80","드라마, War & Politics, 범죄",78.5816,7.591,2648,"이라크에서 사망한 것으로 추정되는 미군 병사가 실종된 지 8년 만에 돌아온다. 그러나 귀향의 기쁨이 사그라든 후, 그가 정말로 미국의 영웅이었는지 아니면 그가 테러를 계획하는 잠복 조직의 일원이었는지에 대한 의혹이 제기된다.",/6GAvS2e6VIRsms9FpVt33PsCoEW.jpg,False
KR,대한민국,tv,60059,베터 콜 사울,Better Call Saul,en,2015-02-08,"80,18","범죄, 드라마",74.8063,8.71,6721,"에미상 후보작 《브레이킹 배드》의 스핀 오프 시리즈로, 삼류 변호사 지미 맥길이 악덕 변호사 사울 굿맨으로 변하게 되는 과정을 그린다.",/4VrmpuhjCtsFNAyW8Cd1fYBKJtf.jpg,False
KR,대한민국,tv,46296,스파르타쿠스,Spartacus,en,2010-01-22,18,드라마,75.1026,8.027,3013,"2010년 1월 Starz에서 방영을 시작한 드라마. 기원전 73년부터 2년 뒤인 기원전 71년까지 노예들을 이끌고 반(反)로마 공화정 항쟁을 지도한 노예 검투사 스파르타쿠스의 이야기를 바탕으로 각색했다. 로마의 접경시대에 살던 소수민족 트라키아의 전사였던 스파르타쿠스가 로마군에 사로잡힌 후 투기장의 노예로 팔려가지만, 극적으로 목숨을 부지하고 카푸아의 검투사 양성소에서 글래디에이터로 명성을 떨치는 이야기를 중심으로 당시 로마 귀족들의 사치와 부패, 사회상, 그리고 자유를 향한 노예 출신 등장 인물들의 갈망을 적나라하게 보여준다.",/9aehAV4zGOWad1Gz31gibjfIEnx.jpg,False
KR,대한민국,tv,1400,사인필드,Seinfeld,en,1989-07-05,35,코미디,63.2264,8.255,2403,코미디언 제리 사인필드가 직접 자신의 삶을 무대로 연기한 드라마.  래리 데이비드(《Curb Your Enthusiasm》)와 제리 사인펠드 제작. 뉴욕에 사는 4명의 싱글 친구들이 등장하는 거침없는 시트콤. 《LA Times》는 '끝내주는 작품'이라고 평했다.,/aCw8ONfyz3AhngVQa1E2Ss4KSUQ.jpg,False
KR,대한민국,tv,276161,참교육,참교육,ko,2026-06-05,"10759,18,35","Action & Adventure, 드라마, 코미디",72.9407,9.422,773,"선 넘는 학생, 학부모, 교사. 대한민국 교권이 무너졌다. 교육 현장을 바로잡기 위해 창설된 ‘교권보호국’. 그들의 유쾌, 상쾌, 통쾌한 참교육이 시작된다.",/bUsdsCTUUrqd1l9MZFgiJRypQG1.jpg,False
KR,대한민국,tv,12225,페파 피그,Peppa Pig,en,2004-05-31,"16,10762","애니메이션, Kids",63.8906,6.6,757,"페파 피그는 엄마, 아빠, 그리고 남동생 조지와 함께 사는 활기찬 돼지입니다. 그녀는 진흙 웅덩이에 뛰어드는 것과 큰 코웃음 소리를 내는 것을 좋아합니다.",/aTaGTqkbMWoy0ef0M48qJkMltxE.jpg,False
KR,대한민국,tv,65942,Re: 제로부터 시작하는 이세계 생활,Re:ゼロから始める異世界生活,ja,2016-04-04,"16,18,9648,10759,10765","애니메이션, 드라마, 미스터리, Action & Adventure, Sci-Fi & Fantasy",61.7654,8.025,733,"편의점에서 돌아가는 길. 갑자기 이세계로 날아간 소년, 나츠키 스바루.  무력한 소년이 손에 넣은 유일한 힘. 그것은 죽어서 시간을 되돌리는 사망귀환의 힘이었다.  소중한 사람을 지키기 위해. 그리고 분명히 존재했던 하나뿐인 시간을 되찾기 위해.  소년은 가혹한 운명에 맞선다.  널 구하기 위해서라면, 난 몇 번이든 죽겠어!",/i7rka8OksNjM0BXjTmz8zwEDfO1.jpg,False
KR,대한민국,tv,56570,아웃랜더,Outlander,en,2014-08-09,"18,10765","드라마, Sci-Fi & Fantasy",84.0856,8.2,2944,"제2차 세계대전, 평범한 간호사가 알 수 없는 힘으로 18세기 스코틀랜드 중세시대로 타임슬립하면서 겪는 이야기.  다이애나 개벌든(Diana Gabaldon)의 인기 판타지 로맨스 소설 시리즈를 각색한 서사시적 드라마로, 시간을 초월하여 만난 두 연인의 사랑 이야기를 다룬다. 어느 날 1743년으로 시간 여행을 하게 된 20세기 종군 간호사 클레어(Claire)는 자신이 심각한 위험에 처했음을 알게 된다.",/xLvJrOTIftHwZSTlZTeu6aQUC3n.jpg,False
KR,대한민국,tv,85077,더 초즌: 부름 받은 자,The Chosen,en,2019-04-21,"10759,10751,18","Action & Adventure, 가족, 드라마",73.4995,8.8,938,가르침과 기적을 행하는 나사렛 예수. 다양한 계층의 사람들이 제자와 추종자를 자청하며 그를 따른다. 하지만 로마 당국은 이런 상황에 불안을 느끼기 시작한다.,/dqVUFuNrMFWt7uGNWlpo91VKYOI.jpg,False
KR,대한민국,tv,259140,란마1/2,らんま1/2,ja,2024-10-06,"16,10759,35","애니메이션, Action & Adventure, 코미디",61.6788,8.12,171,"텐도 아카네 앞에 초면인 약혼남 사오토메 란마가 나타난다. 게다가 천재 무술 소년 란마에겐 대반전의 비밀이 있는데. 바로, 찬물을 뒤집어쓰면 소녀로 변신하는 것.",/yOFvSq8YGKSVvnbCc6IY4PWEssa.jpg,False
KR,대한민국,tv,38693,레고 닌자고,Ninjago: Masters of Spinjitzu,en,2012-01-11,"16,10759,10765,35,10751","애니메이션, Action & Adventure, Sci-Fi & Fantasy, 코미디, 가족",71.3387,7.974,784,"최초의 스핀짓주 마스터로 부터 내려져온, 선과 악의 대결을 종결시킬 그린닌자(로이드)를 지키기 위해, 마스터 우는 불, 번개, 얼음, 흙의 속성을 가진 원소 마스터들을 훈련시키는데....",/wz6ZqlyndVpdRayZi1gbYHWcqFi.jpg,False
KR,대한민국,tv,60572,포켓몬스터,ポケットモンスター,ja,1997-04-01,"16,10759,10765","애니메이션, Action & Adventure, Sci-Fi & Fantasy",69.5568,7.991,2223,"관동지방의 태초마을에 살고 있는 주인공 지우는 오박사로부터 피카츄와 몬스터볼, 포켓몬도감을 받아 포켓몬 마스터를 목표로 여행을 나선다. 회색체육관, 갈색체육관 등에서 격렬한 시합과 여러 곳에서 이루어지는 포켓몬과의 만남.",/vaXQOBNdQVtxUMN96cR4qQRxmoQ.jpg,False
KR,대한민국,tv,46298,헌터x헌터,HUNTER×HUNTER,ja,2011-10-02,"16,10759,10765","애니메이션, Action & Adventure, Sci-Fi & Fantasy",65.948,8.661,2166,"곤프릭스는 보물섬에 사는 어린 소년이다. 곤은 아버지가 죽었다고 알려준 ‘헌터’ 카이트로부터 가르침을 받았지만, 아버지가 어디에선가 생존하여 최고의 헌터로 목숨을 걸고 미지의 아이템, 숨겨진 보물이나 진본을 찾아 다니고 있다고 생각한다. 곤은 전문 헌터가 되기로 결심하고 섬을 떠난다. 헌터가 되기 위해서는 반드시 헌터시험을 통과해야 되는데, 그 와중에 다른 세 명의 지원자 크라피카, 레오리오, 키르아와 친구가 된다. 곤은 이 어려운 관문을 넘어서 세계 최고의 헌터가 될 수 있을까? 그리고 아버지를 만날 수 있을까?",/8YKlXBit3PlVTXf9A1ohccCf9lQ.jpg,False
KR,대한민국,tv,12971,드래곤볼 Z,ドラゴンボールゼット,ja,1989-04-26,"16,10765,10759","애니메이션, Sci-Fi & Fantasy, Action & Adventure",62.6445,8.4,4947,"흥미진진한 드래곤 볼! 계속되는 이야기! 성장한 손오공이 치치와 결혼하여 손오반이라는 아들까지 둔 모습을 보여주고 있다. 어느 날 우주로부터 형 라데츠가 찾아와 지구를 멸망시키려고 하며 손오공에게 동참할 것을 설득한다. 하지만, 자신의 설득이 먹혀들지 않자 조카인 오반을 납치한다. 오공과 피콜로가 합심하여 라데츠를 물리치지만, 오공도 죽어버리는 사태가 발생한다. 지구를 위해, 그리고 우주를 위해 싸우는 Z 용사들!",/70gAmYUfEVOFMuC3gJBIo0MSfbh.jpg,False
KR,대한민국,tv,42009,블랙 미러,Black Mirror,en,2011-12-04,"10765,18,9648","Sci-Fi & Fantasy, 드라마, 미스터리",65.048,8.287,6370,"인간이 지닌 최악의 본성, 최고의 혁신 등을 드러내는 연작 시리즈. 틀을 깨는 기이하고 과감한 이야기들이 펼쳐진다.",/ej7Br2B8dkZZBGa6vDE8HqATgU7.jpg,False
KR,대한민국,tv,212989,레고 닌자고: 드래곤 라이징,LEGO Ninjago: Dragons Rising,en,2023-06-01,"16,10762,10759","애니메이션, Kids, Action & Adventure",65.8931,8.1,108,"서로 다른 세계에서 온 두 십 대. 새로이 얻은, 닌자의 힘을 바탕으로 임무에 나선다. 그건 바로, 드래곤의 생명력을 악용하려는 악당들로부터 드래곤을 지켜내는 것.",/cpKdJHbe6FIKlAbowG2ge8M8PYS.jpg,False
KR,대한민국,tv,313101,무사피르 카페,मुसाफ़िर कैफ़े,hi,2026-07-24,18,드라마,50.7472,7.3,9,"찬데르와 수다는 거부할 수 없는 끌림을 느끼지만, 운명은 두 사람을 갈라놓는다. 스쳐 지나간 사랑은 찬데르를 무사피르 카페로 이끌고, 프리티와의 만남으로 이어진다.",/1SbKjtoRKIpVQG5iYnumnfQIqhd.jpg,False
KR,대한민국,tv,48891,브루클린 나인-나인,Brooklyn Nine-Nine,en,2013-09-17,"35,80","코미디, 범죄",62.662,8.209,4062,"경찰의 명예를 중시하는 원칙주의자 홀트 서장. 그 아래 재능은 물론 꼼수, 공갈, 운까지 총동원해서 어떻게든 사건을 해결해내는 듬직한(?) 형사들이 있는 곳. 브루클린 99 관할 경찰서에 오신 것을 환영합니다!",/mpjlDzVjp7oyHUe2LaF9ltKe6f1.jpg,False
KR,대한민국,tv,120089,스파이 패밀리,SPY×FAMILY,ja,2022-04-09,"16,10759,35","애니메이션, Action & Adventure, 코미디",67.3412,8.508,2316,"사람은 누구나 아무에게도 보여줄 수 없는 자신을 갖고 있다. 세계 각국이 물밑에서 치열하게 정보전을 펼치는 시대. 오스타니아와 웨스탈리스는 십수 년간에 걸쳐 냉전 상태에 있었다. 웨스탈리스의 정보국 대동과 'WISE' 소속의 수완가 스파이인 '황혼' 은 동서 평화를 위협하는 위험인물, 오스타니아의 국가통일당 총재 도노반 데스몬드의 동향을 살피기 위해 어떤 극비 임무를 수행하게 된다. 그 이름은 오퍼레이션 '올빼미'. 임무 내용은 ""일주일 이내에 가족을 만들어, 데스몬드의 아들이 다니는 명문 학교의 친목회에 잠입하라"". '황혼' 은 정신과 의사 로이드 포저로 위장하고 가족을 만들게 된다. 하지만, 그가 만난 딸 아냐는 마음을 읽을 수 있는 초능력자, 아내 요르는 암살자였다! 3명의 이해가 일치하여 서로 정체를 숨기면서 함께 생활하게 되는데. 해프닝 연속인 임시 가족에게, 세계의 평화는 맡겨졌다.",/rikBBQHmCTOiZ7YoJVkYcKdXgNx.jpg,False
KR,대한민국,tv,207333,백년의 고독,Cien años de soledad,es,2024-12-11,"18,10765","드라마, Sci-Fi & Fantasy",73.1753,7.9,222,"시간을 초월한 마콘도 마을. 7대에 걸쳐 이곳에서 살아가는 부엔디아 가문 사람들이 사랑과 망각, 그리고 벗어날 수 없는 과거와 운명 속을 헤쳐 나간다.",/8tMVYuw7GNmrEVGSeoE6o0hk2dn.jpg,False
KR,대한민국,tv,91239,브리저튼,Bridgerton,en,2020-12-25,18,드라마,49.9372,8.06,3366,진실한 애정과 끈끈한 유대로 맺어진 브리저튼 가문의 8남매. 그들이 런던의 상류사회에서 사랑과 행복을 향한 여정을 떠난다.,/a80pxtZrNSyqrME9rmFC6sZevZ7.jpg,False
KR,대한민국,tv,119051,웬즈데이,Wednesday,en,2022-11-23,"10765,9648,35","Sci-Fi & Fantasy, 미스터리, 코미디",60.1321,8.338,10705,"똑똑함은 기본, 비꼬는 것에도 도가 튼 웬즈데이 아담스. 암울함을 풍기는 그녀가 네버모어 아카데미에서 얽히고설킨 미스터리를 파헤치기 시작한다. 새 친구도 사귀고, 앙숙도 만들며.",/oCpvKD0yuRV9OAZ8xklRy9HWc6l.jpg,False
JP,일본,movie,315635,스파이더맨: 홈커밍,Spider-Man: Homecoming,en,2017-07-05,"28,12,878","액션, 모험, SF",215.1899,7.3,23508,"토니 스타크의 제안을 받고 시빌 워에 참여한 피터 파커는 다음 임무가 언제일지 설렘을 안고 하루하루를 보낸다. 토니는 MIT 진학 준비에 전념할 것을 권하지만 친절한 이웃에 머무는 것은 피터의 성에 차지 않는다. 한편 어벤져스 군단과 외계 세력의 전투로 생긴 산업폐기물을 처리하던 아드리안 툼즈는 그 일이 토니 스타크와 정부에 넘어가면서 하루아침에 빈털터리가 된다. 이에 앙심을 품은 아드리안은 외계 첨단무기를 훔쳐서 개조하는 빌런이 되고, 그의 존재를 알게 된 피터는 도움을 빌리지 않고 자기가 일을 해결해보려고 한다.",/hjki9weYYVABvkpZbX5jBOmKXXv.jpg,False
JP,일본,movie,1630409,채권추심원,คนเดือดทวงแค้น,th,2026-07-20,"28,53,80","액션, 스릴러, 범죄",139.9791,7.706,68,"감옥에서 출소한 후 죄책감에 시달리던 한 전직 채권 추심원이 불치병과 사투를 벌이며, 사채 피해자들을 위해 복수하기 위해 과거의 세계로 돌아온다.",/2h4ikWt6TddvIAhMdS3WGVXhaRf.jpg,False
JP,일본,movie,1510795,"Shake, Rattle & Roll: Evil Origins","Shake, Rattle & Roll: Evil Origins",tl,2026-06-05,27,공포,132.5101,3.0,4,,/3OdniYj4P7XbGb8qe2e16JK0hwO.jpg,False
JP,일본,movie,429617,스파이더맨: 파 프롬 홈,Spider-Man: Far From Home,en,2019-06-28,"28,12,878","액션, 모험, SF",122.0066,7.394,17280,"어벤져스 멤버들과 타노스와의 대접전을 마친 뒤, 지난 5년 동안 사라졌던 사람들이 동시에 돌아왔다. 아이언맨이 떠난 채 한동안 지구를 구할 히어로가 공석인 상황을 수습할 히어로는 현재 스파이더맨 피터 파커뿐이다. 친구들과의 유럽 현장학습 도중 닉 퓨리의 부름을 받게 된 피터는 미스테리오라는 정체 모를 히어로와 힘을 합쳐 엘리멘탈이라는 괴생명체를 무찔러야 하는 상황에 처한다. 그런데 피터는 지구를 구하는 일보다 MJ에게 멋지게 고백할 계획이 우선인데...",/3YewJtji80oIroeXUavNRZkeXfQ.jpg,False
JP,일본,movie,1668364,당신의 욕망,Deseo,es,2026-05-07,"9648,18","미스터리, 드라마",98.92,6.745,194,"모든 걸 다 가진 것처럼 보이는 여자. 격정적인 로맨스에 휘말리면서 걷잡을 수 없는 파국으로 치닫는다. 이를 계기로 가족을 향한 사랑이 시험대에 오르고, 결국 그녀는 가족을 지키기 위해 자신이 어떤 일까지 할 수 있는지 깨닫게 된다. 완벽해 보이는 삶을 사는 성공한 변호사 루세로. 딸의 젊은 수영 코치와 격정적인 불륜에 빠져든다. 금지된 욕망으로 시작된 관계는 이내 아슬아슬하게 유지해 온 결혼 생활과 커리어를 위협하는 불씨가 된다. 결국 루세로의 세상이 무너지면서 걷잡을 수 없는 파국이 시작되고, 가족을 향한 사랑이 시험대에 오르는데. 이제 루세로는 가족을 지키기 위해 어디까지 갈 수 있는지 자신의 한계를 마주하게 된다.",/iHcyv2w6KBlnCtcpAmgsLpA85ny.jpg,False
JP,일본,movie,102382,어메이징 스파이더맨 2,The Amazing Spider-Man 2,en,2014-04-16,"28,12,878","액션, 모험, SF",97.3268,6.551,14488,"스파이더맨의 삶에 완전히 적응한 피터 파커는 거미줄로 뉴욕을 활강하며 위험에 처한 시민들을 구해주고 사랑하는 연인 그웬과 데이트를 즐기며 행복하게 살아간다. 그러던 어느 날, 스파이더맨의 열렬한 팬이자 오스코프사의 전기 엔지니어인 맥스는 작업 중 치명적인 사고로 자신에게 엄청난 능력이 생긴 것을 발견한다. 하지만 이 능력으로 인해 뉴욕을 마비시킨 대규모 정전사태가 발생하고 사태를 해결하기 위해 나선 자신의 영웅 스파이더맨에게 공격을 당하자 배신감을 느끼고 분노하는데...",/eYaFLrKuEdzrGw6XG5ZTVciH28v.jpg,True
JP,일본,movie,949838,72시간,72 HOURS,en,2026-07-20,"35,80","코미디, 범죄",85.235,6.778,272,20대 청년들의 단체 채팅방에 실수로 초대된 마흔 살 기업 임원. 커리어를 지키기 위해 마이애미에서 열리는 광란의 총각 파티에 합류한다.,/3CgkGMUnfR2gfuvO2DUnxCOV5Vi.jpg,False
JP,일본,movie,1930,어메이징 스파이더맨,The Amazing Spider-Man,en,2012-06-23,"28,12,878","액션, 모험, SF",93.8603,6.747,18801,"어릴적 사라진 부모 대신 삼촌 내외와 살고 있는 피터 파커는 평범한 학교 생활을 하며 일상을 보내고, 같은 학교 학생 그웬 스테이시와 첫사랑에 빠져 우정과 사랑, 그리고 둘 만의 비밀을 키워나간다. 어느 날 아버지가 사용했던 가방을 발견하고 부모님의 실종사건에 대한 의심을 품게 된 그는 숨겨져 왔던 과거의 비밀을 추적하게 된다. 아버지의 옛 동료 코너스 박사의 실험실을 찾아가게 된 피터는 우연한 사고로 특별한 능력을 갖게 되고, 피터의 도움으로 연구를 완성한 코너스 박사는 자신의 숨겨진 자아인 악당 리자드를 탄생시키는데...",/a1Kup5VnmxjAHnsT3Sz7RtrC9UU.jpg,True
JP,일본,movie,1487861,엘리지의 그림자,Elize: Sombras de uma Mulher,pt,2026-07-22,"53,80,18","스릴러, 범죄, 드라마",70.277,7.375,132,"브라질을 충격에 빠뜨린 엘리지 마쓰나가 사건에서 영감을 받은 작품. 《엘리지의 그림자》는 남편을 살해하고 시신을 훼손한 엘리지의 이야기를 픽션의 시각으로 재구성해, 파란만장한 관계의 내막과 끔찍한 범죄로 이어진 선택을 조명한다.",/rfGsWCzUDVtv9DXW0hTbZeuTA6R.jpg,False
JP,일본,movie,1007757,뒤바뀐 친구들의 신비한 모험,Swapped,en,2026-05-01,"12,16,10751,14","모험, 애니메이션, 가족, 판타지",63.4762,8.89,2063,갑자기 몸이 뒤바뀌게 된 작은 숲속 생물과 위풍당당한 새. 일생일대의 모험을 헤쳐나가기 위해 어쩔 수 없이 힘을 합친다.,/uv0iRQXDbtWHo1zPk3TZNo4Biti.jpg,False
JP,일본,movie,550,파이트 클럽,Fight Club,en,1999-10-15,"18,53","드라마, 스릴러",52.1098,8.437,32547,"자동차 회사의 리콜 심사관으로 일하는 주인공은 일상의 무료함과 공허함 속에서 늘 새로운 탈출을 꿈꾼다. 그는 비행기에서 자신을 비누 제조업자라고 소개하는 타일러 더든을 만난다. 집에 돌아온 주인공은 아파트가 누군가에 의해 폭파되었음을 발견하고, 타일러에게 도움을 청해 함께 생활하게 된다. 어느 날 밤 타일러는 주인공에게 자신을 때려달라고 부탁한다. 사람은 싸워봐야 진정한 자신을 알 수 있다는 것이다. 결국 이들은 매주 토요일 밤 술집 지하에서 맨주먹으로 격투를 벌이는 파이트 클럽을 결성하기에 이르는데...",/eKZ07Ted7VHxQjbuZrRBFOamcKJ.jpg,False
JP,일본,movie,122,반지의 제왕: 왕의 귀환,The Lord of the Rings: The Return of the King,en,2003-12-17,"12,14,28","모험, 판타지, 액션",54.0631,8.503,27009,"사우론이 인간들의 마지막 요새인 곤도르를 향해 야욕을 드러내고 있는 한편, 아라곤은 쇠락해가고 있는 곤도르의 재건을 위해 왕위 계승을 신중하게 결정지어야만 하는 상황. 이제 중간대륙의 미래는 그의 어깨에 달려있는 것. 사우론이 이끄는 어둠의 군대와의 마지막 전투를 위해 간달프는 곤도르에 흩어져 있던 병사들을 모으고, 로한의 왕 세오덴에게 도움을 받기도 하지만 사우론의 군대에 비하면 열세를 면치 못한다. 그러나 그들은 중간대륙을 사우론의 야욕으로부터 지키려는 사명감과, 마지막 반지 운반자에게 임무를 끝낼 기회를 주기 위해 어둠의 군대를 향해 돌진하게 되는데...",/n8BPIRqvj1SdTRND828ANXhmSng.jpg,False
JP,일본,movie,671,해리 포터와 마법사의 돌,Harry Potter and the Philosopher's Stone,en,2001-11-16,"12,14","모험, 판타지",56.0599,7.902,29938,"해리 포터는 위압적인 버논 숙부와 냉담한 이모 페투니아, 욕심 많고 버릇없는 사촌 더즐리 밑에서 갖은 구박을 견디며 계단 밑 벽장에서 생활한다. 이모네 식구들 역시 해리와의 동거가 불편하기는 마찬가지. 이모 페투니아에겐 해리가 이상한 언니 부부에 관한 기억을 떠올리게 만드는 달갑지 않은 존재다. 11살 생일이 며칠 앞으로 다가왔지만 한번도 생일파티를 치르거나 제대로 된 생일선물을 받아 본 적이 없는 해리로서는 특별히 신날 것도 기대 할 것도 없다. 11살 생일을 며칠 앞둔 어느 날 해리에게 초록색 잉크로 쓰여진 한 통의 편지가 배달된다. 그 편지의 내용은 다름 아닌 해리의 11살 생일을 맞이하여 호그와트에서 보낸 입학 초대장이었다. 그리고 해리의 생일을 축하하러 온 거인 해그리드는 해리가 모르고 있었던 해리의 진정한 정체를 알려주는데...",/8YaP48tVfngbURGldWk1I5odsBK.jpg,True
JP,일본,movie,872585,오펜하이머,Oppenheimer,en,2023-07-19,"18,36","드라마, 역사",54.5797,8.024,12167,세상을 구하기 위해 세상을 파괴할 지도 모르는 선택을 해야 하는 천재 과학자의 핵개발 프로젝트.,/jpD6z9fgNe7OqsHoDeAWQWoULde.jpg,True
JP,일본,movie,1318447,정점,Apex,en,2026-04-24,"28,53","액션, 스릴러",48.7424,6.885,1771,"슬픔에 잠긴 채 호주 오지로 모험을 떠난 여성. 홀로 자신의 한계를 밀어붙이던 중 목숨을 노리는 살인마를 맞닥뜨리고, 그가 교활하게 설계한 뒤틀린 게임에 속수무책으로 휘말린다.",/wGHGVAJGTn2BqsuFfPK8lzPiKjH.jpg,False
JP,일본,movie,120,반지의 제왕: 반지 원정대,The Lord of the Rings: The Fellowship of the Ring,en,2001-12-18,"12,14,28","모험, 판타지, 액션",46.7788,8.441,28021,"호빗이라 불리우는 난장이 종족 중의 한 명인 프로도는 자신의 삼촌에게서 우연히 절대 반지를 물려받게 되고, 마법사 간달프를 통해서 절대반지가 사우론의 손에 들어가면 악의 세력이 세상을 지배하게 된다는 것을 알게 된다. 하지만 절대반지를 영원히 파괴할 수 있는 유일한 방법은 반지가 만들어진 불의 산의 용암에 그것을 던져 넣는 길 뿐이다. 마침내 프로도와 그의 친구들, 엘프족인 레골라스, 난장이족 김리, 두명의 인간 전사 아라곤과 보로미르, 그리고 마법사 간달프로 구성된 반지 원정대가 길고도 험난한 여정을 떠나게 되는데...",/r18JdjImbWDRwkbVDIzWoLQqkCo.jpg,False
JP,일본,movie,803796,케이팝 데몬 헌터스,KPop Demon Hunters,en,2025-06-20,"14,10402,35,16","판타지, 음악, 코미디, 애니메이션",45.625,8.007,3065,"케이팝 슈퍼스타 루미, 미라, 조이. 매진을 기록하는 대형 스타디움 공연이 없을 때면 이들은 또 다른 활동에 나선다. 바로 비밀 능력을 이용해 팬들을 초자연적 위협으로부터 보호하는 것.",/5fqcLmrgVDicMuGLOa9PKErFP72.jpg,False
JP,일본,movie,1265609,워 머신: 전쟁 기계,War Machine,en,2026-02-12,"28,878,53","액션, SF, 스릴러",41.2676,7.44,2234,미 육군 레인저 훈련에서 마지막 혹독한 임무를 받은 전투 공병. 자신이 속한 부대를 이끌고 거대한 외계 살상 병기에 맞서 싸워야 한다.,/cfeIYPthWgq5XFZnx7cbpr7xFTp.jpg,False
JP,일본,movie,496243,기생충,기생충,ko,2019-05-30,"35,53,18","코미디, 스릴러, 드라마",41.3171,8.489,21019,"전원 백수로 살 길 막막하지만 사이는 좋은 기택 가족. 장남 기우에게 명문대생 친구가 연결시켜 준 고액 과외 자리는 모처럼 싹튼 고정수입의 희망이다. 온 가족의 도움과 기대 속에 박 사장 집으로 향하는 기우. 글로벌 IT기업의 CEO인 박 사장의 저택에 도착하자 젊고 아름다운 사모님 연교와 가정부 문광이 기우를 맞이한다. 큰 문제 없이 박 사장의 딸 다혜의 과외를 시작한 기우. 그러나 이렇게 시작된 두 가족의 만남 뒤로, 걷잡을 수 없는 사건이 기다리고  있는데.....",/jjHccoFjbqlfr4VGLVLT7yek0Xn.jpg,False
JP,일본,movie,121,반지의 제왕: 두 개의 탑,The Lord of the Rings: The Two Towers,en,2002-12-18,"12,14,28","모험, 판타지, 액션",41.9497,8.425,24281,"9명의 반지원정대는 사우론의 세력에 맞서 반지를 지켜냈지만 반지 원정대는 뿔뿔이 흩어지게 된다. 메리와 피핀을 구하기 위해 우르크하이 군대를 추격하던 아라곤과 레골라스, 김리는 유령 숲에서 백색의 마법사로 부활한 마법사 간달프를 만나게 되고 사우론이 암흑세계의 두 개의 탑을 통합하여 점점 그 세력을 넓혀가고 있다는 사실을 듣게 된다. 이에 아라곤과 원정대는 중간계의 선한 무리의 통합을 이뤄 사우론의 세력을 견제해야 하는 큰 임무를 맡게 된다. 하지만 원수지간인 곤도르와 로한으로 나뉜 인간 종족의 통합은 쉽지 않고 게다가 로한의 왕마저 사루만에게 동화되는데...",/zxZdTi3fA7aDxEOivmzZAY2bmTu.jpg,False
JP,일본,movie,672,해리 포터와 비밀의 방,Harry Potter and the Chamber of Secrets,en,2002-11-13,"12,14","모험, 판타지",41.9111,7.707,23854,"해리 포터에겐 이번 여름방학이 별로 즐겁질 못했다. 마법이라면 질색을 하는 페투니아 이모와 버논 이모부의 구박도 그렇지만, 무엇보다 속상한 건 단짝이었던 론 위즐리와 헤르미온느 그레인저가 그 사이 자신을 까맣게 잊었는지 자신의 편지에 답장 한 통 없다는 것.  그러던 어느날 꼬마 집요정 도비가 해리의 침실에 나타나 뜻밖의 얘기를 한다. 호그와트 마법학교로 돌아가면 무서운 일을 당할 거라는 것. 도비는 해리를 학교에 못 가게 하려고 자신이 여태까지 론과 헤르미온느의 답장을 가로채 왔음을 고백한다. 그러나 도비와 더즐리 가족의 방해에도 불구, 해리는 론과 그의 형제들이 타고 온 하늘을 나는 자동차를 타고 이모집을 탈출, 따뜻한 가족애가 넘치는 론의 집으로 가는데...",/bo8FuQPWKLqbg3WgAXYISkwrbZ9.jpg,True
JP,일본,movie,438631,듄,Dune,en,2021-09-15,"878,12","SF, 모험",36.0259,7.8,15248,"10191년, 아트레이데스 가문의 후계자인 폴은 시간과 공간을 초월해 과거와 미래를 모두 볼 수 있고, 더 나은 미래를 만들 유일한 구원자인 예지된 자의 운명을 타고났다. 그리고 어떤 계시처럼 매일 꿈에서 아라키스의 행성에 있는 한 여인을 만난다. 귀족들이 지지하는 아트레이데스 가문에 대한 황제의 질투는 폴과 그 일족들을 죽음이 기다리는 아라키스로 이끄는데...",/7zV8FTYofAORGm0Umgh1mNNCym8.jpg,True
JP,일본,movie,673,해리 포터와 아즈카반의 죄수,Harry Potter and the Prisoner of Azkaban,en,2004-05-31,"12,14","모험, 판타지",39.6696,8.01,23418,"13세가 된 해리 포터는 또 한번의 여름 방학을 이모 가족인 더즐리 일가와 우울하게 보내야 했다. 물론 마법을 쓰는 건 일체 금지. 하지만, 버논 이모부의 누이인 마지 아줌마가 더즐리 가를 방문하면서 상황은 변한다. 위압적인 마지는 해리에겐 늘 공포의 대상. 마지 아줌마 때문에 스트레스를 받던 해리는 급기야 실수로 그녀를 거대한 괴물 풍선으로 만들어 하늘 높이 띄워 보내버리고 만다. 이모와 이모부에게 벌을 받을 것도 두렵고, 일반 세상에선 마법 사용이 금지돼 있는 것을 어겼기 때문에 호그와트 마법학교와 마법부의 징계가 걱정된 해리는 밤의 어둠 속으로 도망치지만, 순식간에 근사한 보라색 3층 버스에 태워져 한 술집으로 인도되고 마는데...",/anwNl1xbzXoj5Ax1nVw3WoDzHlw.jpg,True
JP,일본,movie,674,해리 포터와 불의 잔,Harry Potter and the Goblet of Fire,en,2005-11-16,"12,14","모험, 판타지",39.1877,7.802,22427,"요즘 들어 매일 꾸는 악몽 때문에 이마의 상처에 더욱 통증을 느끼는 해리는 친구 론과 헤르미온느와 함께 퀴디치 월드컵에 참가해 악몽에서 벗어날 수 있게 돼 마냥 기쁘다. 그러나 퀴디치 캠프장 근방 하늘에 불길한 기운이 나타난다. 바로 마왕 볼드모트의 상징인 어둠의 표식이 나타난 것. 볼드모트가 13년 전에 자취를 감춘 뒤, 감히 모습을 드러내지 못했던 그의 추종자 데스 이터들이 그 표식을 불러낸 것이다. 두려움으로 가득 찬 해리는 안전한 호그와트 마법학교로 돌아가고 싶어한다. 덤블도어 교장이라면 자신을 지켜줄 수 있을 것이기에. 그러나 올해는 예년과 상황이 좀 다른데...",/uWPnKtu1eutmgBQ2hoWm0Xe8nfN.jpg,True
JP,일본,movie,218,터미네이터,The Terminator,en,1984-10-26,"28,53,878","액션, 스릴러, SF",43.7169,7.686,14876,"1997년, 인간이 만든 인공지능 컴퓨터 전략 방어 네트워크가 스스로의 지능을 갖추고는 인류를 핵전쟁의 참화을 일으켜 30억이라는 인류를 잿더미 속에 묻어버린다. 그리고 남은 인간들은 기계의 지배를 받아 시체를 처리하는 일 등에 동원된다. 이때 비상한 지휘력과 작전으로 인간들을 이끌던 사령관 존 코너는 반기계 연합을 구성, 기계와의 전쟁을 시작하면서 상황은 반전된다. 이에 기계는 존 코너의 탄생 자체를 막기 위해 2029년의 어느 날 타임머신에 터미네이터를 태워서 1984년의 L.A로 보내게 된다.",/y6FmrimVoBBKsERc08VyVP1NyNs.jpg,False
JP,일본,movie,12445,해리 포터와 죽음의 성물 2,Harry Potter and the Deathly Hallows: Part 2,en,2011-07-12,"12,14","모험, 판타지",38.1648,8.08,22227,덤블도어 교장이 남긴 죽음의 성물의 단서를 쫓던 해리 포터는 볼드모트가 그토록 찾아 다닌 절대적인 힘을 가진 지팡이의 비밀을 통해 드디어 마지막 퍼즐을 완성한다. 볼드모트의 영혼이 담긴 다섯 번째 호크룩스를 찾기 위해 마법학교 호그와트로 돌아온 해리와 친구들은 그들을 잡으려는 보안마법에 걸려 위기를 맞지만 덤블도어의 동생인 에버포스의 도움으로 벗어난다. 그리고 그에게서 덤블도어와 어둠의 마법사 그린델왈드에 관한 놀라운 과거에 대해 알게 된다. 한편 볼드모트는 해리에 의해 호크룩스들이 파괴되었음을 느끼고 호그와트로 향한다. 해리를 주축으로 한 불사조 기사단과 죽음을 먹는 자들 간의 전투가 벌어지며 호그와트는 거대한 전쟁터로 변하게 되는데...,/ehUeFvQeo8Vr2aDIKLsLbC8okcw.jpg,True
JP,일본,movie,76341,매드맥스: 분노의 도로,Mad Max: Fury Road,en,2015-05-13,"28,12,878","액션, 모험, SF",39.3025,7.635,24349,"핵전쟁으로 멸망한 22세기. 얼마 남지 않은 물과 기름을 차지한 독재자 임모탄 조가 살아남은 인류를 지배한다. 한편 아내와 딸을 잃고 살아남기 위해 사막을 떠돌던 맥스는 임모탄의 부하들에게 납치되어 노예로 끌려가고, 폭정에 반발한 외팔의 사령관 퓨리오사는 인류 생존의 열쇠를 쥔 임모탄의 여인들을 탈취해 분노의 도로로 폭주한다. 이에 임모탄의 전사인 워보이들과 신인류 눅스는 피주머니 신세로 전락한 맥스를 이끌고 퓨리오사의 뒤를 쫓는데...",/cadVm6gKYYukmPysHGCwrawUHHa.jpg,True
JP,일본,movie,12444,해리 포터와 죽음의 성물 1,Harry Potter and the Deathly Hallows: Part 1,en,2010-11-17,"12,14","모험, 판타지",36.9082,7.734,20607,"덤블도어 교장의 죽음 이후, 마법부는 죽음을 먹는 자들에게 점령당하고 호그와트는 위기에 빠진다. 성년이 되며 해리를 지켜주던 수호 마법은 사라지고 해리와 론, 헤르미온느는 볼드모트 영혼의 조각이 보관된 호크룩스를 찾아 파괴하기 위한 모험을 떠난다. 그러나 이미 볼드모트에 의해 장악된 마법세계에서 죽음을 먹는 자들을 피해 숨어다니는 것만으로도 쉽지 않다. 세 사람에게 남겨진 덤블도어의 유품은 수수께끼처럼 그저 막막하고, 아무런 단서도 없이 떠난 그들의 모험은 불안과 초조함으로 가득하다. 계속되는 시련의 나날 속에 세 친구는 끊임없이 서로에 대한 믿음과 숙명에 대한 의지를 시험받는다.",/lOXvz8HrgOkp7AXGQp1APKeZqag.jpg,True
JP,일본,movie,1306368,더 립,The Rip,en,2026-01-13,"28,53,80","액션, 스릴러, 범죄",32.454,7.087,1817,"허름한 은닉처에서 수백만 달러의 현금을 발견한 마이애미 경찰. 신뢰에 금이 가기 시작하면서 모든 사람, 모든 것이 의심의 대상이 된다.",/o0d6Us9VWOW0nHhoB7ZNIwigARG.jpg,False
JP,일본,movie,675,해리 포터와 불사조 기사단,Harry Potter and the Order of the Phoenix,en,2007-07-08,"12,14","모험, 판타지",35.5743,7.673,21037,"길고도 지루한 여름 날 호그와트 마법학교 다섯 번째 해를 기다리고 있는 해리포터. 이모부 더즐리 식구들과 참고 사는 것도 지겨운데다 친구 론과 헤르미온느에게서는 편지 한 통 오지 않는다. 그러던 중 예상치 못했던 편지 한 장이 도착한다. 그것은 해리가 학교 밖인 리틀 위닝에서 얄미운 사촌 두들리, 즉 머글 앞에서 디멘터들의 공격을 막는 마법을 사용했기 때문에 호그와트 마법학교에서 퇴학 당하게 되었다는 소식이었다. 앞이 캄캄한 해리. 갑자기 어둠의 마법사 오러들이 나타나 해리를 불사조 기사단의 비밀 장소로 데리고 가는데...",/1ItejykqHTbFWbZXdzqlvqriv7K.jpg,True
JP,일본,movie,767,해리 포터와 혼혈왕자,Harry Potter and the Half-Blood Prince,en,2009-07-15,"12,14","모험, 판타지",34.5025,7.682,21016,"어둠의 세력이 더욱 강력해져 머글 세계와 호그와트까지 위협해온다. 위험한 기운을 감지한 덤블도어 교수는 다가올 전투에 대비하기 위해 해리 포터와 함께 대장정의 길을 나선다. 볼드모트를 물리칠 수 있는 유일한 단서이자 그의 영혼을 나누어 놓은 7개의 호크룩스를 파괴하는 미션을 수행해야만 하는 것! 또한 덤블도어 교수는 호크룩스를 찾는 기억여행에 결정적 도움을 줄 슬러그혼 교수를 호그와트로 초청한다. 한편 학교에서는 계속된 수업과 함께 로맨스의 기운도 무르익는다. 해리는 자신도 모르게 지니에게 점점 끌리게 되고, 새로운 여자 친구가 생긴 론에게 헤르미온느는 묘한 질투심을 느끼는데...",/yrGlb3HLtjGp39mv4MJ5UuIHcj4.jpg,True
JP,일본,movie,614945,음성메시지가 도착했습니다,Voicemails for Isabelle,en,2026-06-20,"10749,35,18","로맨스, 코미디, 드라마",29.5308,8.365,746,"한 젊은 여성이 세상을 떠난 자매에게 웃기고 솔직한 음성 메시지를 남긴다. 그런데 이 메시지들이 본의 아니게 낯선 사람에게 전달되고, 그는 멀리서 그녀에게 마음을 뺏긴다.",/yOUKcPjv1cdTc2MsmXqqUwsrfOa.jpg,False
JP,일본,movie,558449,글래디에이터 II,Gladiator II,en,2024-11-13,"28,12,18","액션, 모험, 드라마",31.3694,6.603,4627,"로마의 영웅이자 최고의 검투사였던 막시무스가 콜로세움에서 죽음을 맞이한 뒤 20여 년이 흐른 후. 쌍둥이 황제 게타와 카라칼라의 폭압 아래 시민을 위한 자유로운 나라 로마의 꿈은 잊힌 지 오래다. 한편 아카시우스 장군이 이끄는 로마군에 대패한 후 모든 것을 잃고 노예로 전락한 루시우스는 강한 권력욕을 지닌 마크리누스의 눈에 띄어 검투사로 발탁된다. 로마를 향한 걷잡을 수 없는 분노, 타고난 투사의 기질로 콜로세움에 입성하게 된 루시우스는 결투를 거듭하며 자신이 진짜 누구인지 알게 되고 마침내 로마의 운명을 건 결전을 준비하게 되는데...!",/aJaKH3wJvdcMyq28vUhHnINWPjI.jpg,False
JP,일본,movie,1422,디파티드,The Departed,en,2006-10-04,"18,53,80","드라마, 스릴러, 범죄",29.4796,8.159,16437,"프랭크 코스텔로가 이끄는 남부 보스턴의 최대 범죄 조직망, 아일랜드 마피아를 일망타진하기 위해 매사추세츠 주 경찰청은 신참 경찰 빌리 코스티건을 조직에 침투시킨다. 한편, 또다른 신참 경찰 콜린 설리반은 경찰청 내에서 승승장구하여 코스텔로를 제거하기 위한 특별 수사반에 배치된다. 그러나 콜린은 경찰청에 투입된 코스텔로의 첩자였다. 그들은 곧 그들 사이에 첩자가 있다는 사실을 알아차리게 되는데...",/j7REKrvSiC2GSsvXfxyAvXQVj7q.jpg,True
JP,일본,movie,807,세븐,Se7en,en,1995-09-22,"80,9648,53","범죄, 미스터리, 스릴러",29.4545,8.381,23459,"은퇴를 7일 앞둔 관록의 형사 윌리엄 소머셋(모건 프리먼)과 새로 전근 온 신참내기 형사 밀스(브래드 피트)가 팀이 된 바로 다음날, 강압에 의해 위가 찢어질 때까지 먹다가 죽은 초고도 비만 남자와 역시 강압에 의해 식칼로 자기 살을 베어내 죽은 악덕 변호사의 사건과 마주한다. 식탐, 탐욕, 그리고 나태, 분노, 교만, 욕정, 시기. 소머셋은 현장에 남은 흔적들로 단테의 신곡과 쵸서의 캔터베리 서사시를 근거로 한 기나긴 연쇄 살인이 시작되었음을 직감하고 성서의 7가지 죄악을 따라 발생하는 사건들을 추적하기 시작하는데...",/izzk8dbmrLowcoGbFaebqJvzyXg.jpg,True
JP,일본,movie,1202033,에놀라 홈즈 3,Enola Holmes 3,en,2026-06-30,"12,80,9648","모험, 범죄, 미스터리",24.8975,6.859,565,결혼식을 위해 몰타로 향하는 에놀라 홈즈. 하지만 셜록의 실종으로 위험한 사건에 휘말리게 되면서 그녀의 결혼 계획은 난관에 부딪힌다.,/zBUJQKxmTGTXGGfsWTB93sk2DV1.jpg,False
JP,일본,movie,11324,셔터 아일랜드,Shutter Island,en,2010-02-14,"18,53,9648","드라마, 스릴러, 미스터리",28.4944,8.197,26160,"보스턴 셔터아일랜드의 정신병원은 중범죄를 저지른 정신병자를 격리하는 병동으로 탈출 자체가 불가능하다. 하지만 자식 셋을 죽인 혐의를 받고 있는 여인이 이상한 쪽지만을 남긴 채 감쪽같이 사라지는 사건이 발생한다. 연방보안관 테디 다니엘스(레오나르도 디카프리오)는 수사를 위해 동료 척(마크 러팔로)과 함께 셔터아일랜드로 향한다. 테디는 수사를 위해 의사, 간호사, 병원관계자 등을 심문하지만 수사는 전혀 진척되지 않는다. 설상가상 폭풍이 불어 닥쳐 테디와 척은 섬에 고립되게 되고, 그들에게 점점 괴이한 일들이 일어나기 시작하는데...",/aywZdSOXtwcqqLTl271EUJemi2.jpg,True
JP,일본,movie,4247,무서운 영화,Scary Movie,en,2000-07-07,35,코미디,26.5333,6.425,8018,"{""나는 네가 지난 할로윈 데이에 소리치는 걸보고 육감적으로 뭔가 특별한 일이 일어날 것이라는 것을 알았다!!""}  팝콘을 튀기던 드류에게 음산한 목소리의 남자에게서 이상한 전화가 걸려온다. ""공포영화를 좋아하냐?""는 괴기한 질문을 던지고, 갑자기 등장해 그녀를 해치려 든다. 달아나는 드류는 속옷바람으로 슈퍼모델인양 멋진 포즈로 취하기도 하지만 결국 집으로 오던 그녀의 아버지의 차에 치어 죽고 만다. 드류가 죽었다는 소식을 전해들은 친구 신디는 드류의 죽음에 어떤 의문이 숨어있을까를 고민하다 문득 지난 할로윈 데이에 있었던 일을 떠올리는데..  흥겨운 할로윈 데이 파티를 마치고 집으로 돌아가던 고등학교 친구들 신디, 바비와 버피, 브렌다, 그렉, 레이 등은 차안에서 정신없이 즐기다 타고 있던 차에 한 사내를 치고 만다. 쓰러진 사내는 죽지 않고 일어나지만, 어이없게도 그 사내는 날아온 콜라병을 맞고 그자리에서 즉사하고 만다. 그 끔직한 사건과 드류의 죽음에 뭔가 연관이 있다고 느낀 신디는 친구들과 자신에게도 곧 위협이 닥칠 것이라고 예감하는데...",/7WgS8qO4KYZxjUQMs0JSFxqcYgn.jpg,True
JP,일본,movie,372058,너의 이름은.,君の名は。,ja,2016-07-01,"16,10749,18","애니메이션, 로맨스, 드라마",31.0824,8.483,12798,"시골에 사는 소녀 미츠하(가미시라이시 모네)는 어느 날 잠에서 깬 후 자신의 몸이 남자로 바뀐 걸 알게 된다.  같은 시간, 도쿄에 사는 소년 타키(가미키 류노스케) 역시 이 기이한 상황을 겪고 있다.  낯선 가족, 낯선 친구들, 낯선 풍경들...  서로에게 이어진 끈을 알게 된 둘은 둘만의 규칙을 정하고 점차 상황을 받아들이기 시작한다.  서로에게 남긴 메모를 확인하며  점점 친구가 되어가는 타키와 미츠하.  언제부턴가 더 이상 몸이 바뀌지 않자  자신들이 특별하게 이어져있었음을 깨달은  타키는 미츠하를 만나러 가는데...",/2DJCufz3Oa703PbLjNX1pM6MCG2.jpg,True
JP,일본,movie,72190,월드워 Z,World War Z,en,2013-06-19,"28,27,878","액션, 공포, SF",27.4485,6.848,16837,"세계 곳곳에서 원인을 알 수 없는 이변이 일어나기 시작하고, 정체 불명의 존재들의 무차별적 공격으로 도시는 순식간에 아수라장으로 변한다. 군인 출신으로 전시 경험이 풍부하고 위기 대처 능력이 뛰어난 전직 UN 소속 조사관 제리는 위험한 상황에서 가까스로 가족들과 탈출하는데 성공하고 이제껏 본 적 없는 인류 최대의 위기 앞에 대재난에 맞설 최후의 적임자로 지목된다. 마침내 제리는 전 세계를 위협하는 거대한 정체들과 직면하게 되고, 그들의 끊임없는 공격에 맞서 필사의 사투를 벌이게 되는데...",/cnUlKvIXbTmDnyp6pIGIMgdl332.jpg,False
JP,일본,movie,545611,에브리씽 에브리웨어 올 앳 원스,Everything Everywhere All at Once,en,2022-03-24,"28,12,878","액션, 모험, SF",27.6322,7.708,8216,"남편과 세탁소를 운영하며 근근히 살아가고 있는 이민자 이블린 왕. 20대 시절 남편과 순수한 사랑을 불태우며 모든 것을 뒤로 하고 미국으로 이민을 떠났지만, 50대가 된 지금은 세탁소 운영 등 온갖 일로 허덕이며 단란했던 가족과도 삐그덕거리는 등 고달프게 살고 있다. 세무조사를 받던 중 자신이 멀티버스의 여러 다른 자신들과 연결되어 있음을 알게 되고, 강력한 악의 기운으로부터 모든 우주와 가족을 구해내기 위한 모험에 나서게 되는데...",/dd29Kt2p2voyP2sB6p3jC36A7ce.jpg,False
JP,일본,movie,1509599,கட்டா குஸ்தி 2,கட்டா குஸ்தி 2,ta,2026-07-03,"35,18","코미디, 드라마",26.8719,3.625,4,,/5U8MWIk9XZ60NALyOTpyX7vXIR7.jpg,False
JP,일본,movie,18,제5원소,Le Cinquième Élément,fr,1997-05-02,"878,28,12","SF, 액션, 모험",27.6635,7.587,11958,"1914년 이집트. 한 노학자가 피라미드의 벽에 새겨진 5개 원소의 비밀을 밝혀낸다. 2259년 뉴욕. 지구에 거대한 행성이 다가와 대통령을 비롯한 전 군대는 비상상태에 빠진다. 지구를 구할 4개 원소를 가진 몬도샤인들은 지구로 오는 도중에 모두 죽게 되고 과학자들은 남은 팔로 유전자 합성을 통해 빨간 머리 소녀 리루를 만든다. 리루는 과학자들에게서 도망치던 중 전직 연방 요원인 코벤을 만나고, 두 사람은 4개 원소를 찾기 위해 피라미드의 예언을 알고 있는 코넬리우스 신부와 함께 파라다이스 행성으로 간다. 한편 무기상인 조르그도 4개 원소를 손에 넣기 위해 그들을 뒤쫓는데...",/npcHgyp5MmKMe4lWqJi2ma1CuhC.jpg,True
JP,일본,movie,1659155,믿는 자들,Los creyentes,es,2026-07-24,"53,18,9648","스릴러, 드라마, 미스터리",26.2699,5.73,63,"한동안 가족과 연을 끊고 살아온 30세 여성 루트(스테파니 마그닌). 석연치 않은 어머니의 사망 소식을 듣고 고향으로 돌아온다. 오랜만에 재회한 아버지 마르틴(호세 코로나도)은 은퇴 후 음침한 음모론에 심취한 나머지 괴팍하고 신경질적인 사람으로 변해 있다. 부녀 사이에 팽팽한 긴장이 감돌고, 아버지는 종잡을 수 없는 행동을 일삼는다. 그러자 루트는 어머니의 죽음에 아버지가 연루된 것은 아닌지 의심하기 시작한다. 살인범과 한 지붕 아래 살고 있는 것은 아닐까?",/pUvs1iFFMDy3sNp5dNmkRak1oxD.jpg,False
JP,일본,movie,539972,크레이븐 더 헌터,Kraven the Hunter,en,2024-12-11,"28,12,53","액션, 모험, 스릴러",28.9821,6.427,2427,죽음의 문턱에서 맹수의 초인적인 힘을 얻고 살아 돌아온 크레이븐이 무자비한 복수의 길을 택하며 거침없는 사냥을 펼치는 액션 블록버스터,/gYOhHBHSqb3J0QaZWlKYDbpxY7Y.jpg,False
JP,일본,movie,857,라이언 일병 구하기,Saving Private Ryan,en,1998-07-24,"10752,18,36","전쟁, 드라마, 역사",28.7538,8.231,17546,노르망디 상륙 작전에서 살아남은 존 밀러 미군 대위가 대원들을 이끌고 적진에 침투한다. 그들의 임무는 이 전쟁으로 형제 셋을 모두 잃은 공수부대원을 구출하는 것.,/9W0XUvNtoJMG6kI4F4Y2mbsS2kt.jpg,True
JP,일본,movie,1062722,프랑켄슈타인,Frankenstein,en,2025-10-17,"18,14,27","드라마, 판타지, 공포",29.1392,7.62,3674,과학자 빅터 프랑켄슈타인과 그의 손에서 탄생한 괴물이 펼치는 이야기. 고전이 된 메리 셸리의 소설을 오스카 수상 감독 기예르모 델토로가 영화화했다.,/vSMWJkBTEfa7kFxHizSz4uJNVlf.jpg,False
JP,일본,movie,912649,베놈: 라스트 댄스,Venom: The Last Dance,en,2024-10-22,"878,28,12","SF, 액션, 모험",27.5922,6.665,4383,환상의 케미스트리의 에디 브록과 그의 심비오트 베놈은 그들을 노리는 정체불명 존재의 추격을 피해 같이 도망을 다니게 된다. 한편 베놈의 창조자 널은 고향 행성에서부터 그들을 찾아내기 위해 지구를 침략하고 에디와 베놈은 그동안 겪어보지 못한 최악의 위기를 맞이하게 되는데…,/ptfoRD0MmL8Ry0iBVccYbqoN9Xc.jpg,True
JP,일본,movie,546554,나이브스 아웃,Knives Out,en,2019-11-27,"35,80,9648","코미디, 범죄, 미스터리",25.5163,7.84,14262,"미스터리 소설의 대가인 작가 할란이 자신의 85살 생일에 자신의 방에서 날카로운 단검으로 목이 그인 채 발견된다. 외딴 저택에 모인 할란의 간병인과 자식 내외, 그리고 3세들은 유산 상속을 놓고 대거 혼란에 빠진다. 파견된 형사들은 가족과의 면담을 할 수록 자살로 의견이 모이지만, 면담 중 멀찍이 떨어져 상황을 전망하는 푸른 눈의 사내는 형사들마저 압도하며 심문을 주도해나간다. 남자의 이름은 바로 브누아 블랑. 챔피언 사건을 해결해서 이름이 높아진 유명한 사립탐정이다.",/7brBiaaH1sToGV1YBi5EIUnyjo0.jpg,False
JP,일본,movie,519182,슈퍼배드 4,Despicable Me 4,en,2024-06-20,"16,35,28,878,10751","애니메이션, 코미디, 액션, SF, 가족",25.5294,6.979,3304,"슈트-업 하고 악당 전담 처리반 AVL이 된 에이전트 미니언즈와 미니언즈 만큼 귀여운 그루 주니어가 태어나면서 더욱 완벽해진 그루 패밀리. 이들 앞에 과거 그루의 고등학교 동창이자 그에게 체포당했던 빌런 맥심이 등장하고, 오직 그루를 향한 복수심에 불타올라 탈옥까지 감행한 맥심은 그루 패밀리의 뒤를 바짝 추격하며 위협을 가하기 시작하는데... 과연 에이전트 미니언즈와 그루 패밀리는 맥심을 막아낼 수 있을까?",/vZmCFVff9JySHTUp9zbYUIAcxzc.jpg,True
JP,일본,movie,1396749,와일드 씽,와일드 씽,ko,2026-06-03,"35,10402","코미디, 음악",24.1277,5.941,17,"한때 가요계를 휩쓸었지만 예기치 못한 사건에 휘말려 하루아침에 해체된 3인조 혼성 댄스 그룹 트라이앵글. 20년 만에 리더 현우에게 재기의 발판이 될 트라이앵글 공연 제안이 들어오고, 인생의 마지막 기회를 잡기 위해 멤버들을 찾아 나선다. 생계형 방송인이 된 현우, 재벌가 며느리가 된 도미, 솔로 앨범으로 빚더미에 앉은 상구까지 세 사람은 다시 모여 공연장으로 향하지만, 과거 트라이앵글의 라이벌 발라드 왕자 성곤과 악연으로 얽힌 전소속사 박대표까지 나타나며 상황은 점점 걷잡을 수 없이 꼬여가는데…",/s4IUDzLZJb4CosgEXcmouY32Jfg.jpg,False
JP,일본,movie,101,레옹,Léon,fr,1994-09-14,"80,18,28","범죄, 드라마, 액션",27.2757,8.3,16312,"한 손엔 우유 2팩이 든 가방, 다른 한 손엔 화분을 들고 뿌리 없이 떠도는 킬러 레옹은 어느 날 옆 집 소녀 마틸다의 일가족이 몰살 당하는 것을 목격한다. 그 사이 심부름을 갔다 돌아 온 마틸다는 가족들이 처참히 몰살 당하자 레옹에게 도움을 청한다. 가족의 원수를 갚기 위해 킬러가 되기로 결심한 12세 소녀 마틸다는 레옹에게 글을 알려주는 대신 복수하는 법을 배우고, 그 사이 레옹에 대한 사랑을 키워나간다. 드디어 그녀는 가족을 죽인 사람이 부패한 마약 경찰 스탠스임을 알게 되고, 홀로 그의 사무실로 향하게 되는데...",/cVNasmF1Egd3v3mpq747Hizxx4x.jpg,False
JP,일본,movie,77338,언터처블: 1%의 우정,Intouchables,fr,2011-11-02,"18,35","드라마, 코미디",28.0017,8.272,18646,"상위 1% 귀족남과 하위 1% 무일푼이 만났다.  2주간의 내기로 시작된 상상초월 특별한 동거 스토리  하루 24시간 내내 돌봐주는 손길이 없으면 아무 것도 할 수 없는 전신불구의 상위 1% 백만장자 필립(프랑수아 클루제). 어느 날 우연히, 가진 것이라곤 건강한 신체가 전부인 하위 1% 무일푼 백수 드리스(오마 사이)를 만나게 된 그는 거침없이 자유로운 성격의 드리스에게 호기심을 느껴 특별한 내기를 제안한다. 바로 2주 동안 필립의 손발이 되어 한시도 떨어지지 않고 자신을 간호하며 버틸 수 있는지 시험해보겠다는 것. 참을성이라곤 눈꼽 만큼도 찾아 볼 수 없던 드리스는 오기가 발동해 엉겁결에 내기를 수락한다. 이렇게, 전혀 어울릴 것 같지 않던 극과 극, 두 남자의 예측불허 기막힌 동거가 시작 되는데…",/4oOf3pmDD5rMNQGgsf7zMbFKtKC.jpg,False
JP,일본,movie,9502,쿵푸팬더,Kung Fu Panda,en,2008-06-04,"28,16,35,10751","액션, 애니메이션, 코미디, 가족",24.5784,7.332,12838,"평화의 계곡에서 아버지의 국수 가게를 돕고 있는 팬더 포. 아버지는 국수의 비법을 알려주어 가업을 잇게 하고 싶지만, 포의 관심사는 오로지 쿵푸 마스터. 가게 일은 뒷전으로 하고 쿵푸의 비법이 적힌 용문서의 전수자를 정하는 무적의 5인방 대결을 보러 시합장을 찾은 포. 그런데 마을의 현인 우그웨이 대사부가 포를 용문서의 전수자로 점지하는 이변이 일어난다. 무적의 5인방은 물론 시푸 사부 역시 이 사태를 받아들이지 못하는 가운데, 용문서를 노리고 어둠의 감옥에서 탈출한 타이 렁이 마을을 습격해오자 그를 막아야 하는 미션이 포에게 떨어지는데...",/c3Dzd3A3QE0LkKb5HMOHTzs2Fyg.jpg,False
JP,일본,movie,1330021,아쿠아리움이 문을 닫으면,Remarkably Bright Creatures,en,2026-05-07,"18,9648","드라마, 미스터리",24.2445,8.478,811,작은 마을의 아쿠아리움에서 야간 근무를 하는 여자. 남편과 사별한 그녀는 영리한 문어와 삶의 방향을 잃은 젊은 남자와 친구가 된다. 베스트셀러를 원작으로 한 감동적인 드라마 영화.,/mUt0SnTp0oAN38BHD7NGX8hmwAT.jpg,False
JP,일본,movie,313369,라라랜드,La La Land,en,2016-12-01,"35,18,10749","코미디, 드라마, 로맨스",25.4163,7.9,18300,"차들로 빽빽이 들어찬 LA의 고속도로. 거북이 걸음이던 도로가 뚫리기 시작하지만 미아 지금 손에 든 연기 오디션 대본을 놓지 못한다. 세바스찬은 경적을 누르며 미아를 노려보고는 사라진다. 악연의 시작. 이후 미아는 감미로운 피아노 선율에 이끌려 재즈바로 향하는데, 연주자가 바로 세바스찬이다. 미아가 세바스찬에게 인사를 건네려고 다가가던 순간은 하필 그가 재즈바의 레퍼토리를 무시하고 연주한 탓에 해고된 직후. 세바스찬은 인사를 건네려 다가온 미아를 쌩하니 스쳐 지나가버린다. 세 번째로 두 사람은 파티에 온 손님과 출장 밴드의 키보드 연주자로 다시 만나는데...",/ad9ndytwOckyShSc0A6tx1rZRkW.jpg,True
JP,일본,movie,111,스카페이스,Scarface,en,1983-12-09,"28,80,18","액션, 범죄, 드라마",22.7914,8.154,13250,"1980년 5월 쿠바가 마리엘 항을 개항하여 반카스트로 지지자들이 미국 플로리다에 입항한다. 토니 몬타나와 마니리베라도 이민 수용소로 보내진다. 3개월 후 마니가 수용소에 있는 레벤가라는 자를 살해해 주면 신분증을 입수해 주겠다는 일을 받아 수용소에 폭동을 일으켜 레벤가를 암살한다. 접시닦이로 근근히 살아가던 토니는 프랭크의 부하로부터 콜롬비아 마약상과의 거래일을 맡았다가 위험천만한 위기를 넘긴다. 그 사건을 계기로, 토니는 프랭크의 신임을 얻고 그의 부하가 되지만, 수 개월 후 결국 자신을 없애려는 프랭크를 죽이고 조직을 장악, 보스 자리에 오르는데...",/zx7sXrMISbs8RI4URbjPyKocRgP.jpg,False
JP,일본,movie,24,킬 빌: 1부,Kill Bill: Vol. 1,en,2003-10-10,"28,80","액션, 범죄",24.0267,8.0,19200,"어느 한적한 오후, 행복한 결혼식을 앞둔 더 브라이드와 그녀의 신랑, 그리고 모든 하객들이 의문의 조직에 의해 처참하게 살해당한다. 그로부터 5년 후, 코마상태의 더 브라이드는 죽음 직전까지 갔다가 어렵게 깨어난다. 그리고 피로 얼룩진 과거가 그녀의 뇌리에 스치면서 서서히 복수의 리스트를 작성하기 시작한다. 그녀는 전세계적으로 악명높은 살인조직 데들리 바이퍼의 일원이었고, 조직의 보스인 빌을 포함한 5명의 일원이 새로운 삶을 앞둔 그녀를 처참하게 무너뜨렸음이 밝혀지자, 그녀는 텍사스, 멕시코, 일본을 방문하며 가장 잔인한 복수를 실행하게 되는데...",/lH82lk837fACeVZUmqHH0UiEeWL.jpg,False
JP,일본,movie,512200,쥬만지: 넥스트 레벨,Jumanji: The Next Level,en,2019-12-04,"12,35,14","모험, 코미디, 판타지",24.1763,6.872,9493,"쥬만지 게임으로부터 가까스로 탈출해 평화로운 일상을 보내고 있었던 스펜서와 친구들. 어느 날, 스펜서는 망가져버린 쥬만지 게임 속으로 사라지고 그를 찾기 위해 친구들은 다시 위험천만한 게임 속으로 들어간다. 우연히 함께 빨려 들어간 스펜서의 할아버지 에디&마일로와 랜덤으로 선택된 새로운 아바타가 된 이들은 정글부터 설산, 사막까지 한층 진화된 예측 불가능한 게임 속에서 목숨을 건 미션을 수행하게 되는데...",/n7KDDIWOY5IZrGlkeizuFMZfJFl.jpg,True
JP,일본,movie,603692,존 윅 4,John Wick: Chapter 4,en,2023-03-21,"28,53,80","액션, 스릴러, 범죄",23.4554,7.708,8139,"죽을 위기에서 살아난 존 윅은 최고 회의를 쓰러트릴 방법을 찾아낸다. 비로소 완전한 자유의 희망을 보지만, 빌런 그라몽 후작과 전 세계의 최강 연합은 존 윅의 오랜 친구까지 적으로 만들어 버리고, 새로운 위기에 놓인 존 윅은 최후의 반격을 준비하는데...",/h3LsdSBzhRnBebz4BTpAhh63PD3.jpg,False
JP,일본,tv,5920,멘탈리스트,The Mentalist,en,2008-09-23,"80,18,9648","범죄, 드라마, 미스터리",282.3209,8.374,4510,"2008년 9월 CBS에서 방영을 시작한 범죄심리수사물. 예리한 관찰력과 날카로운 추리력을 가진 패트릭 제인은 사람들의 행동을 관찰해서 그 마음을 읽는 능력을 이용하여 돈벌이를 하며 살아가고 있었다. 그러다가 한 방송에서 연쇄살인범 레드존에 대한 언급을 하게 되고, 그로 인해 아내와 딸이 레드존에게 죽임을 당한다. 그 후 제인은 레드존에 대한 정보를 얻기 위해 CBI(캘리포니아 연방수사대)를 찾아가게 되고, 우연히 그들의 수사를 돕게 되면서 수사대의 자문위원이 되고 각종 범죄를 해결하며 레드존을 잡기 위한 정보도 취합해 간다.",/82hq7b8rPG0TFTV4SJk8Zfxj24H.jpg,False
JP,일본,tv,2734,로 앤 오더: 성범죄전담반,Law & Order: Special Victims Unit,en,1999-09-20,"80,18,9648","범죄, 드라마, 미스터리",266.8222,7.959,4308,추악한 성범죄를 수사하는 뉴욕 경찰 성범죄전담수사반의 활약을 그린 드라마.,/iofokHZoUB4Qhik4PflvJl8TT6a.jpg,False
JP,일본,tv,60625,릭 앤 모티,Rick and Morty,en,2013-12-02,"16,35,10765,10759","애니메이션, 코미디, Sci-Fi & Fantasy, Action & Adventure",216.1674,8.681,11237,술에 절어 사는 천재 과학자 릭은 투정이 심한 10대 손자 모티를 데리고 외계와 대체 현실로 아슬아슬한 모험을 떠난다.,/owhkU6KRqdXoUQpjV8uyZGPtX58.jpg,False
JP,일본,tv,1396,브레이킹 배드,Breaking Bad,en,2008-01-20,"18,80","드라마, 범죄",191.6317,8.947,18315,2008년 1월 AMC에서 방영을 시작한 범죄 스릴러. Breaking Bad는 막가기를 뜻하는 미국 남부 지방의 속어이다. 한때 노벨화학상까지 바라 볼 정도로 뛰어난 과학자였던 고등학교 화학 교사 월터 화이트는 자신의 50세 생일 날에 폐암 3기 진단을 받는다. 어느 날 동서와 함께 마약 단속 현장을 참관한 그는 현장에서 달아나는 옛 제자 제시를 발견한다. 뇌성마비에 걸린 고등학생 아들과 임신한 아내를 위해 제시에게 동업을 제의한 월터는 자신의 화학지식을 이용해 전례없는 고순도 고품질의 메스암페타민을 제조한다.,/anFx9aTOOYqgS3v7x3R84Kz67ly.jpg,False
JP,일본,tv,1408,하우스,House,en,2004-11-16,18,드라마,166.0173,8.566,7764,"2004년 11월 FOX에서 방영을 시작한 미스터리 의학 시리즈. 프린스턴 플레인즈보로 대학병원의 진단의학과 과장인 그레고리 하우스는 환자들을 성심성의껏 돌보는 데는 영 꽝인 의사. 사사건건 병원 원장인 리사 커디와 부딪히는 그는 못된 매너와 그 매너를 더욱 돋보이게 하는 외모로 유명하지만, 또한 창조적인 생각과 결점없는 의학적 본능을 유감없이 발휘하는 최고의 의사이기도 하다. 천재적인 분석능력을 갖춘 전염병 전문의로서 그가 이제 인명을 살리기 위한 흥미롭고 미스터리한 의학의 퍼즐을 풀어간다.",/3Cz7ySOQJmqiuTdrc6CY0r65yDI.jpg,False
JP,일본,tv,34307,쉐임리스,Shameless,en,2011-01-09,"18,35","드라마, 코미디",155.5561,8.167,3423,미국 시카고 후미진 마을에서 힘겹게 살고 있는 싱글 대디 프랭크와 총명하고 독립적인 그의 여섯 자녀들의 리얼한 이야기,/9ZTivNsXHQWVq578CIsvsM5zd08.jpg,False
JP,일본,tv,94664,무직전생 ~이세계에 갔으면 최선을 다한다~,無職転生 ～異世界行ったら本気だす～,ja,2021-01-11,"10759,16,10765","Action & Adventure, 애니메이션, Sci-Fi & Fantasy",149.1897,8.469,1634,"'나는 이 세계에서 최선을 다하겠어!' 34세 총각에 무직인 방구석 폐인이었던 남자. 그는 부모님의 장례식 날에 집에서 쫓겨나 트럭에 치여 목숨을 잃었다. 다시 눈을 떴을 때 그는 검과 마법이 존재하는 이세계에서 아기로 다시 환생해 있었다! 쓰레기처럼 살아온 남자는 소년 루데우스로서 이세계에서 최선을 다해 살아가기로 맹세한다! 루데우스를 기다리는 것은 로리 마술사, 엘프 귀를 가진 소꿉친구, 흉포한 새침데기 아가씨와 그 외 다양한 인간들과의 만남. 그리고 가혹한 모험과 전투. 그의 새로운 인생이 움직이기 시작한다! '인생 재시작' 판타지, 개막!",/bKGRbhv6ivalbt9sMniyxLVGnUZ.jpg,False
JP,일본,tv,66732,기묘한 이야기,Stranger Things,en,2016-07-15,"10759,9648,10765","Action & Adventure, 미스터리, Sci-Fi & Fantasy",138.0794,8.556,21593,"인디애나주의 작은 마을에서 행방불명된 소년. 이와 함께 미스터리한 힘을 가진 소녀가 나타나고, 마을에는 기묘한 현상들이 일어나기 시작한다. 아들을 찾으려는 엄마와 마을 사람들은 이제 정부의 일급비밀 실험의 실체와 무시무시한 기묘한 현상들에 맞서야 한다.",/mpOQpOKdo2XJnTqRzo1lTmDNsc1.jpg,False
JP,일본,tv,1405,덱스터,Dexter,en,2006-10-01,"80,18,9648","범죄, 드라마, 미스터리",131.2193,8.243,5724,"2006년 10월 Showtime에서 방영을 시작한 심리 스릴러. 미국 마이에미 메트로 경찰서의 젊은 법의학자이자 마이애미에서 제일가는 혈흔분석가인 덱스터는, 사실 어릴때 겪은 참혹한 기억으로 혹은 자신의 표현대로라면 괴물 잡아먹는 괴물인 소시오패스로 법망을 피해 처벌받지 않은 범죄자들을 살해하는 연쇄 살인범이다. 경찰이었던 아버지의 가르침대로 자신의 본성을 숨기고 여동생 데브라와 함께 마이애미 메트로 경찰서에서 근무하던 어느 날, 온 몸의 피가 모조리 빠져나간 토막살인 시체가 발견되고, 덱스터는 이유는 알 수 없지만 이 사건에 끌리게 된다.",/7v5mR5V60Lllc0Nv5rVTLWjSppA.jpg,True
JP,일본,tv,1911,본즈,Bones,en,2005-09-13,"80,18","범죄, 드라마",113.9606,8.185,3545,"워싱턴 D.C.의 제퍼소니안 재단의 연구소 소속 법인류학자인 템퍼런스 브레넌 박사와 FBI 워싱턴 지국 요원인 실리 부스, 그리고 브레넌 박사의 팀이 뼈만 남다시피한 시신을 조사해 해결하는 내용으로 실제 법인류학자인 '캐시 라익스'의 소설을 각색해 제작되었으며 국내에도 '본즈'라는 제목으로 원작 소설 시리즈가 발매되었다.",/24Mi1oDrdc1zbHju7FVHJA4sgYt.jpg,False
JP,일본,tv,1668,프렌즈,Friends,en,1994-09-22,35,코미디,132.7185,8.413,9268,"1994년 5월 NBC에서 방영을 시작한 시트콤. 미국 뉴욕 시 맨해튼의 그리니치 빌리지의 아파트와 까페 센트럴 퍼크를 중심으로 2-30대의 세 명의 남자와 세 명의 여자의 우정과 사랑, 삶을 그렸다. 부잣집 맏딸이자 응석받이로 자라 온 레이첼은 결혼식을 앞두고 결혼 선물들을 쳐다보던 중 자신이 남편보다 결혼선물을 더 사랑한다는 사실을 깨닫고 회의감을 느끼게 된다. 이를 계기로 불현듯 결혼식에서 도망쳐 나오게 되고, 뉴욕에 아버지의 그늘을 피할 곳을 찾다가 결혼식 전 우연히 만난 고등학교 동창 모니카와 재회하게 된다.",/2koX1xLkpTQM4IZebYvKysFW1Nh.jpg,False
JP,일본,tv,30984,블리치,BLEACH,ja,2004-10-05,"10759,16,10765","Action & Adventure, 애니메이션, Sci-Fi & Fantasy",114.2729,8.365,2204,"'쿠로사키 이치고'는 유령을 볼 수 있는 15세의 남자다. 특수한 체질을 가지고도 평범한 생활을 하던 이치고에게 갑자기 스스로를 사신이라고 소개하는 소녀 '쿠치키 루키아'가 나타난다. 유아울러 산 사람, 죽은 사람 안 가리고 공격해서 영혼을 먹어치우는 나쁜 혼령 '호로'도 모습을 드러낸다. 그런데 호로로 인해 이치고의 가족이 쓰러져가는데...",/2cT8jkEVsAL86CVKALR4pnaVLDb.jpg,False
JP,일본,tv,1402,워킹 데드,The Walking Dead,en,2010-10-31,"10759,18,10765","Action & Adventure, 드라마, Sci-Fi & Fantasy",106.4559,8.1,18043,"2010년 10월 AMC에서 방영을 시작한 좀비 아포칼립스물. 조지아 주의 보안관 릭은 범인 검거 중에 총상을 입고 혼수상태에 빠진다. 어느 날 혼수 상태에서 깨어난 릭은 폐허가 되어 버린 세상이 좀비들로 뒤덮여 있는 것을 발견한다. 쇠약해진 몸으로 병원을 빠져나온 릭은 워커라고 불리는 좀비들을 피해 생존자를 찾아다니고, 마을의 생존자 모건 부자의 도움을 받아 건강을 회복한 후 아내 로리와 아들 칼을 찾으러 애틀랜타로 떠나지만, 릭을 반긴 것은 셀 수 없이 많은 워커 무리들. 간신히 전차 내부로 피신한 릭을 백화점에 숨어있던 생존자 일행이 도와서 겨우 전차에서 빠져나오는데...",/nXzLSn04H4QyapOSwH76R3UE7Iw.jpg,False
JP,일본,tv,46952,블랙리스트,The Blacklist,en,2013-09-23,"18,80,9648","드라마, 범죄, 미스터리",118.8463,7.632,3669,FBI 10대 수배범에 올라가있는 거물 범죄 브로커 레이먼드 레딩턴이 어느날 갑자기 FBI 본부에 나타나 자수를 한다. 그러면서 레딩턴은 자신이 1급 범죄자들의 블랙리스트를 가지고 있다면서 사법거래를 요구하고 그 조건으로 FBI의 신참 프로파일러인 엘리자베스 킨하고만 이야기 하겠다고 요구한다. 한편 암에 걸린 양아버지를 두면서 남편과 함께 아기의 입양을 꿈꾸며 행복하게 살고 있던 엘리자베스의 삶은 레딩턴과의 만남과 우연히 발견하게 된 남편의 가짜 여권들을 통해 급변하게 되는데...,/4HTfd1PhgFUenJxVuBDNdLmdr0c.jpg,False
JP,일본,tv,37680,슈츠,Suits,en,2011-06-23,18,드라마,110.629,8.219,5841,"뜻밖의 행운일까, 아니면 뛰어난 재능일까. 뉴욕의 거대 로펌에 들어간 대학 중퇴 청년. 엘리트 변호사와 의기투합한 그가 시시하고 따분한 세상을 상대로 소송을 건다.",/lvYWwQj89ioSk9WzhC1KEujmpWa.jpg,False
JP,일본,tv,44217,바이킹스,Vikings,en,2013-03-03,"10759,18,10768","Action & Adventure, 드라마, War & Politics",108.6536,8.098,7765,2013년 3월 History에서 방영을 시작한 역사물. 바이킹 영웅 라그나 로스브로크는 새로운 대륙을 향해 탐험하고 싶어하지만 카테가트의 영주인 백작은 모험적인 항해를 원치 않아 라그나의 의견을 묵살한다. 라그나는 친구이자 배를 만드는 기술자인 플로키의 도움을 받아 백작 몰래 출항에 성공한다. 라그나는 새로운 대륙인 잉글랜드를 발견하고 동료들과 함께 노섬브리아 왕국 영토에 있는 수도원을 잔인하게 약탈하고 수도승 애설스탠을 노예로 삼는다. 처음 보는 바이킹의 야만적인 침략에 노섬브리아 왕국은 크게 분노하면서도 바이킹을 두려워하는데...,/bQLrHIRNEkE3PdIWQrZHynQZazu.jpg,False
JP,일본,tv,32798,하와이 파이브 오,Hawaii Five-0,en,2010-09-20,"80,18,10759","범죄, 드라마, Action & Adventure",113.0208,7.727,1888,하와이를 배경으로 범죄 조직에 맞서 싸우는 블록버스터 액션 드라마,/sIdCKlmM2nU4akIvFQaAIiU8YES.jpg,False
JP,일본,tv,2316,오피스,The Office,en,2005-03-24,35,코미디,103.9015,8.587,5357,팬실베니아 스크랜튼에 위치한 사무용지 판매회사 던더 미플린의 스크랜턴 지점. 무미건조한 사무실에서 깐깐한 지점장과 독특한 캐릭터의 부하들이 벌이는 코믹 해프닝과 가슴 찡한 이야기가 펼쳐진다. BBC에서 방영된 동명 영국 시리즈의 할리우드 리메이크.,/7DJKHzAi83BmQrWLrYYOqcoKfhR.jpg,False
JP,일본,tv,58841,시카고 PD,Chicago P.D.,en,2014-01-08,"80,18","범죄, 드라마",101.7094,8.426,2612,"시카고 경찰들의 이야기. 일선에서 직접 범죄자들과 싸우는 제복 경찰들과, 조직범죄나 마약밀매 등의 범죄를 조사하는 정보팀 소속 대원들의 활약을 그린다.",/bez40PgT36RUu4gstD2A6GSM0tP.jpg,False
JP,일본,tv,502,세서미 스트리트,Sesame Street,en,1969-11-10,"10762,35","Kids, 코미디",109.3396,7.1,288,"새서미 스트리트는 미국 어린 아이들을 위한 장수 TV 시리즈였습니다. 이 프로그램은 교육적인 목적으로 만들어졌지만 짐 핸슨의 인형극, 애니메이션, 짧은 영화, 유머와 문화에 대한 내용들로 매우 창의적인 내용들을 다루고 있습니다. 첫 시리즈는 1969년 11월 10일 방영되었으며 당시 긍정적인 리뷰가 있었고 논란이 되기도 하였고 높은 평가를 받았습니다.",/wZC3fXTxR00YCjgqkc1N20seZJb.jpg,False
JP,일본,tv,209867,장송의 프리렌,葬送のフリーレン,ja,2023-09-29,"16,10759,18,10765","애니메이션, Action & Adventure, 드라마, Sci-Fi & Fantasy",87.4491,8.8,917,"용사 힘멜 일행과 함께 10년에 걸친 모험 끝에 마왕을 물리치고 세계에 평화를 가져온 마법사 프리렌. 천 년을 넘게 사는 엘프인 그녀는 힘멜 일행과 재회를 약속하고 혼자 여행을 떠난다. 그로부터 50년 후 프리렌은 힘멜을 찾아갔지만 50년 전과 달라진 게 없는 그녀에 비해 힘멜은 늙었고 수명이 얼마 남아있지 않았다. 그 후 죽음을 맞이한 힘멜을 보고 지금까지 '인간을 아는' 일을 하지 않았던 것을 후회하고 자신을 반성한 프리렌은 '인간을 알기 위한' 여행을 떠난다. 그 여로에는 다양한 사람들과의 만남, 다양한 사건들이 기다리고 있었는데──.",/mnj30hYDVAbL9BOA0f4HrKubAGF.jpg,False
JP,일본,tv,30983,명탐정 코난,名探偵コナン,ja,1996-01-08,"16,80,9648,35","애니메이션, 범죄, 미스터리, 코미디",86.7297,8.01,778,검은 조직의 약물에 당해서 초등학생의 몸이 된 고등학생 쿠도 신이치가 에도가와 코난이라는 가명을 사용하여 소꿉친구인 란의 아버지가 운영하는 탐정사무소에서 얹혀 살며 사건을 해결하는 이야기를 다루고 있다.,/tg5Gya0yv7mScUMIX8CSXZzLCVd.jpg,True
JP,일본,tv,45140,틴 타이탄 GO!,Teen Titans Go!,en,2013-04-23,"16,10759,35,10751,10765","애니메이션, Action & Adventure, 코미디, 가족, Sci-Fi & Fantasy",83.6493,6.432,717,10대 히어로들의 평범하지만 평범하지 않은 일상을 그린 틴 타이탄의 외전격인 애니메이션,/kPKAigYUlWRpnfo4Ptiwlz4FWXU.jpg,False
JP,일본,tv,71790,스와트,S.W.A.T.,en,2017-11-02,"80,10759,18","범죄, Action & Adventure, 드라마",82.347,8.041,1590,"로스앤젤레스에서 발생하는 특수임무를 수행하는 특수 기동대, S.W.A.T.은 리더 혼도의 지휘 아래, 팀원들은 꼬리에 꼬리를 무는 사건과 그 뒤에 숨은 거대한 세력에 맞서 도시를 지킨다.",/eQOVfnoxU2q670BiFojrLC767vq.jpg,False
JP,일본,tv,71712,굿 닥터,The Good Doctor,en,2017-09-25,18,드라마,94.077,8.454,12898,자폐증을 가진 젊은 외과 의사가 명문 병원에 들어가게된다. 이에 사람들과 소통하지 못하는 의사가 사람의 목숨을 구할 수 있을 까 하는 의문이 제기되는데...,/luhKkdD80qe62fwop6sdrXK9jUT.jpg,False
JP,일본,tv,65733,신 도라에몽,ドラえもん,ja,2005-04-22,"10759,16,35,10765,10762,10751","Action & Adventure, 애니메이션, 코미디, Sci-Fi & Fantasy, Kids, 가족",94.9191,8.065,239,도라에몽과 진구 친구의 이야기,/vhythNI2xgNwXLmDvZzw6f48uPg.jpg,False
JP,일본,tv,95479,주술회전,呪術廻戦,ja,2020-10-03,"16,10759,10765","애니메이션, Action & Adventure, Sci-Fi & Fantasy",99.4051,8.6,4593,"소년은 싸운다 '올바른 죽음'을 위해  쓰라린 고통, 후회, 치욕. 인간으로부터 흘러나온 부정적인 감정이 저주로 변해 일상에 숨어든다. 저주는 세상에 만연한 재앙의 근원이며, 최악의 경우 인간을 죽음으로 이끈다. 그리고 저주는 저주로밖에 없앨 수 없다.  경이적인 신체능력을 가진 소년 이타도리 유지는 아주 평범한 고등학생이었지만, 어느 날 '저주'에 습격당한 친구를 구하기 위해 특급 주물 '양면 스쿠나의 손가락'을 먹고 영혼에 저주가 깃들게 된다. 저주인 '양면 스쿠나'와 몸을 공유하게 된 이타도리는 최강의 주술사인 고죠 사토루의 안내로 저주에 대항하는 전문 기관인 '도쿄 도립 주술 고등전문학교'에 편입하게 되는데... 저주를 없애기 위해 저주가 된 소년의 돌이킬 수 없는 장렬한 이야기가 움직이기 시작한다.",/pnn223i9v5kfYku6TbqdSbPePJp.jpg,False
JP,일본,tv,18165,뱀파이어 다이어리,The Vampire Diaries,en,2009-09-10,"18,10765","드라마, Sci-Fi & Fantasy",79.7466,8.3,9701,"L. J. 스미스의 뱀파이어 다이어리 소설 시리즈 원작. 뉴욕 외곽도시, 미스틱 폴즈의 한 고등학교를 배경으로 두 뱀파이어 형제 스테판과 데미언, 그리고 인간 소녀 엘레나의 로맨스를 그린다.",/b3vl6wV1W8PBezFfntKTrhrehCY.jpg,False
JP,일본,tv,63174,루시퍼,Lucifer,en,2016-01-25,"80,10765","범죄, Sci-Fi & Fantasy",92.0361,8.43,15600,지긋지긋한 지옥 생활을 청산하고 은퇴를 선언한 악마. LA로 와 나이트클럽을 열고 인생을 즐기던 어느 날 강력계 형사를 만나면서 새로운 삶을 살기 시작한다.,/ekZobS8isE6mA53RAiGDG93hBxL.jpg,False
JP,일본,tv,269,원 트리 힐,One Tree Hill,en,2003-09-23,18,드라마,86.118,7.8,610,"배다른 형제가 사랑, 그리고 농구를 두고 경쟁하는 드라마.  고등학교 농구팀의 에이스 네이선. 루커스가 팀에 새로 들어온 뒤, 경기력이 흔들린다. 루커스는 팀 내 라이벌일 뿐만 아니라, 네이선의 이복형제다.",/sOrelBaAhp7DZbPTivDwKEyPslC.jpg,False
JP,일본,tv,82452,아바타: 아앙의 전설,Avatar: The Last Airbender,en,2024-02-22,"10759,10765,18,10751","Action & Adventure, Sci-Fi & Fantasy, 드라마, 가족",74.7037,7.783,1310,"아바타로 밝혀진 소년이 전쟁에 휩싸인 세계를 구하려 한다. 그러기 위해서는 네 가지 원소의 힘을 마스터하고, 자신을 막으려 혈안이 된 무자비한 적에 맞서 싸워야 한다.",/toMLugPXtSiGTLmYrWKXIvbLG9R.jpg,False
JP,일본,tv,60574,피키 블라인더스,Peaky Blinders,en,2013-09-12,"18,80","드라마, 범죄",85.4071,8.525,11270,"1919년 영국 버밍엄. 토마스 셸비를 주축으로 한 셸비 가문은 악명 높은 범죄 조직 ""피키 블라인더스""를 이끌고 암흑가의 정상을 차지하기 위해 수단과 방법을 가리지 않는다.",/tNywkichh1mbS8BZA6CUPB8Zqgd.jpg,False
JP,일본,tv,60735,플래시,The Flash,en,2014-10-07,"18,10765","드라마, Sci-Fi & Fantasy",98.3957,7.8,11715,낙뢰 사고의 후유증으로 초인적인 스피드를 가지게 된 CSI 수사관 배리 앨런이 범죄에 맞서 싸우는 영웅 플래시로 활약하는 이야기를 그리는 드라마,/yZevl2vHQgmosfwUdVNzviIfaWS.jpg,False
JP,일본,tv,57532,퍼피 구조대,PAW Patrol,en,2013-08-12,"16,10762","애니메이션, Kids",72.8193,6.985,815,"퍼피구조대 대장 라이더와 용감한 여섯마리의 강아지 구조대의 이야기. 안전한 어드벤쳐 베이를 만들기 위한 라이더 대장과 여섯마리 귀여운 강아지 구조대의 끊임없는 연습과 도전! 경찰견 체이스와 소방견 마샬, 공사견 러블, 미화견 로키에 해양구조견 주마와 하늘을 나는 스카이까지! 여섯마리 강아지의 엉뚱발랄 신나는 구조활동을 지켜봐주세요!",/juAmsE4GC6gql0L1HsDmABkLWuX.jpg,False
JP,일본,tv,199001,어느 날 월터 형제들과 살게 됐다,My Life with the Walter Boys,en,2023-12-07,18,드라마,82.4948,7.8,389,"비극적인 사건으로 삶의 위기를 만난 10대 소녀. 작은 시골 마을에서 후견인의 대가족과 함께 생활하면서 사랑과 희망, 우정에 관해 새로운 깨달음을 얻는다.",/eism6aN11LXaV3wpcuvf82wwcMM.jpg,True
JP,일본,tv,71728,영 셸던,Young Sheldon,en,2017-09-25,"35,10751,18","코미디, 가족, 드라마",68.3097,8.026,3051,'빅뱅이론'의 주인공 셸든 쿠퍼의 어린 시절을 다룬 이야기.,/c9J6uYthPPYpBHjOVEEWg7MvMtY.jpg,False
JP,일본,tv,296206,김부장,김부장,ko,2026-06-26,"10759,80,18","Action & Adventure, 범죄, 드라마",74.4886,7.931,87,"평범한 가장이자 아빠. 어느 날 딸이 흔적도 없이 실종되자, 그는 딸을 되찾기 위해 오래전 봉인해 둔 비밀 작전 기술을 다시 꺼내 든다. 하지만 곧 위험한 시선이 그를 향하기 시작한다.",/eKJNWq4akdrviR9qEF6xPhzKQU.jpg,False
JP,일본,tv,1407,홈랜드,Homeland,en,2011-10-02,"18,10768,80","드라마, War & Politics, 범죄",78.5816,7.591,2648,"이라크에서 사망한 것으로 추정되는 미군 병사가 실종된 지 8년 만에 돌아온다. 그러나 귀향의 기쁨이 사그라든 후, 그가 정말로 미국의 영웅이었는지 아니면 그가 테러를 계획하는 잠복 조직의 일원이었는지에 대한 의혹이 제기된다.",/6GAvS2e6VIRsms9FpVt33PsCoEW.jpg,False
JP,일본,tv,60059,베터 콜 사울,Better Call Saul,en,2015-02-08,"80,18","범죄, 드라마",74.8063,8.71,6721,"에미상 후보작 《브레이킹 배드》의 스핀 오프 시리즈로, 삼류 변호사 지미 맥길이 악덕 변호사 사울 굿맨으로 변하게 되는 과정을 그린다.",/4VrmpuhjCtsFNAyW8Cd1fYBKJtf.jpg,False
JP,일본,tv,46296,스파르타쿠스,Spartacus,en,2010-01-22,18,드라마,75.1026,8.027,3013,"2010년 1월 Starz에서 방영을 시작한 드라마. 기원전 73년부터 2년 뒤인 기원전 71년까지 노예들을 이끌고 반(反)로마 공화정 항쟁을 지도한 노예 검투사 스파르타쿠스의 이야기를 바탕으로 각색했다. 로마의 접경시대에 살던 소수민족 트라키아의 전사였던 스파르타쿠스가 로마군에 사로잡힌 후 투기장의 노예로 팔려가지만, 극적으로 목숨을 부지하고 카푸아의 검투사 양성소에서 글래디에이터로 명성을 떨치는 이야기를 중심으로 당시 로마 귀족들의 사치와 부패, 사회상, 그리고 자유를 향한 노예 출신 등장 인물들의 갈망을 적나라하게 보여준다.",/9aehAV4zGOWad1Gz31gibjfIEnx.jpg,False
JP,일본,tv,1400,사인필드,Seinfeld,en,1989-07-05,35,코미디,63.2264,8.255,2403,코미디언 제리 사인필드가 직접 자신의 삶을 무대로 연기한 드라마.  래리 데이비드(《Curb Your Enthusiasm》)와 제리 사인펠드 제작. 뉴욕에 사는 4명의 싱글 친구들이 등장하는 거침없는 시트콤. 《LA Times》는 '끝내주는 작품'이라고 평했다.,/aCw8ONfyz3AhngVQa1E2Ss4KSUQ.jpg,False
JP,일본,tv,276161,참교육,참교육,ko,2026-06-05,"10759,18,35","Action & Adventure, 드라마, 코미디",72.9407,9.422,773,"선 넘는 학생, 학부모, 교사. 대한민국 교권이 무너졌다. 교육 현장을 바로잡기 위해 창설된 ‘교권보호국’. 그들의 유쾌, 상쾌, 통쾌한 참교육이 시작된다.",/bUsdsCTUUrqd1l9MZFgiJRypQG1.jpg,False
JP,일본,tv,12225,페파 피그,Peppa Pig,en,2004-05-31,"16,10762","애니메이션, Kids",63.8906,6.6,757,"페파 피그는 엄마, 아빠, 그리고 남동생 조지와 함께 사는 활기찬 돼지입니다. 그녀는 진흙 웅덩이에 뛰어드는 것과 큰 코웃음 소리를 내는 것을 좋아합니다.",/aTaGTqkbMWoy0ef0M48qJkMltxE.jpg,False
JP,일본,tv,65942,Re: 제로부터 시작하는 이세계 생활,Re:ゼロから始める異世界生活,ja,2016-04-04,"16,18,9648,10759,10765","애니메이션, 드라마, 미스터리, Action & Adventure, Sci-Fi & Fantasy",61.7654,8.0,733,"편의점에서 돌아가는 길. 갑자기 이세계로 날아간 소년, 나츠키 스바루.  무력한 소년이 손에 넣은 유일한 힘. 그것은 죽어서 시간을 되돌리는 사망귀환의 힘이었다.  소중한 사람을 지키기 위해. 그리고 분명히 존재했던 하나뿐인 시간을 되찾기 위해.  소년은 가혹한 운명에 맞선다.  널 구하기 위해서라면, 난 몇 번이든 죽겠어!",/i7rka8OksNjM0BXjTmz8zwEDfO1.jpg,False
JP,일본,tv,56570,아웃랜더,Outlander,en,2014-08-09,"18,10765","드라마, Sci-Fi & Fantasy",84.0856,8.2,2944,"제2차 세계대전, 평범한 간호사가 알 수 없는 힘으로 18세기 스코틀랜드 중세시대로 타임슬립하면서 겪는 이야기.  다이애나 개벌든(Diana Gabaldon)의 인기 판타지 로맨스 소설 시리즈를 각색한 서사시적 드라마로, 시간을 초월하여 만난 두 연인의 사랑 이야기를 다룬다. 어느 날 1743년으로 시간 여행을 하게 된 20세기 종군 간호사 클레어(Claire)는 자신이 심각한 위험에 처했음을 알게 된다.",/xLvJrOTIftHwZSTlZTeu6aQUC3n.jpg,False
JP,일본,tv,85077,더 초즌: 부름 받은 자,The Chosen,en,2019-04-21,"10759,10751,18","Action & Adventure, 가족, 드라마",73.4995,8.8,938,가르침과 기적을 행하는 나사렛 예수. 다양한 계층의 사람들이 제자와 추종자를 자청하며 그를 따른다. 하지만 로마 당국은 이런 상황에 불안을 느끼기 시작한다.,/dqVUFuNrMFWt7uGNWlpo91VKYOI.jpg,False
JP,일본,tv,259140,란마1/2,らんま1/2,ja,2024-10-06,"16,10759,35","애니메이션, Action & Adventure, 코미디",61.6788,8.12,171,"텐도 아카네 앞에 초면인 약혼남 사오토메 란마가 나타난다. 게다가 천재 무술 소년 란마에겐 대반전의 비밀이 있는데. 바로, 찬물을 뒤집어쓰면 소녀로 변신하는 것.",/yOFvSq8YGKSVvnbCc6IY4PWEssa.jpg,False
JP,일본,tv,38693,레고 닌자고,Ninjago: Masters of Spinjitzu,en,2012-01-11,"16,10759,10765,35,10751","애니메이션, Action & Adventure, Sci-Fi & Fantasy, 코미디, 가족",71.3387,7.974,784,"최초의 스핀짓주 마스터로 부터 내려져온, 선과 악의 대결을 종결시킬 그린닌자(로이드)를 지키기 위해, 마스터 우는 불, 번개, 얼음, 흙의 속성을 가진 원소 마스터들을 훈련시키는데....",/wz6ZqlyndVpdRayZi1gbYHWcqFi.jpg,False
JP,일본,tv,60572,포켓몬스터,ポケットモンスター,ja,1997-04-01,"16,10759,10765","애니메이션, Action & Adventure, Sci-Fi & Fantasy",69.5568,7.991,2223,"관동지방의 태초마을에 살고 있는 주인공 지우는 오박사로부터 피카츄와 몬스터볼, 포켓몬도감을 받아 포켓몬 마스터를 목표로 여행을 나선다. 회색체육관, 갈색체육관 등에서 격렬한 시합과 여러 곳에서 이루어지는 포켓몬과의 만남.",/vaXQOBNdQVtxUMN96cR4qQRxmoQ.jpg,False
JP,일본,tv,1450,클로저,The Closer,en,2005-06-13,"80,18,9648","범죄, 드라마, 미스터리",56.6338,7.86,346,증거가 없는 범죄의 자백을 받아내기로 유명한 LAPD 국장 브렌다가 능력을 발휘해 어려운 사건들을 해결해 나가는 과정을 그린 드라마,/q6FhABXGf3TaYKoKNwzGAEzW7bt.jpg,True
JP,일본,tv,46298,헌터x헌터,HUNTER×HUNTER,ja,2011-10-02,"16,10759,10765","애니메이션, Action & Adventure, Sci-Fi & Fantasy",65.948,8.661,2166,"곤프릭스는 보물섬에 사는 어린 소년이다. 곤은 아버지가 죽었다고 알려준 ‘헌터’ 카이트로부터 가르침을 받았지만, 아버지가 어디에선가 생존하여 최고의 헌터로 목숨을 걸고 미지의 아이템, 숨겨진 보물이나 진본을 찾아 다니고 있다고 생각한다. 곤은 전문 헌터가 되기로 결심하고 섬을 떠난다. 헌터가 되기 위해서는 반드시 헌터시험을 통과해야 되는데, 그 와중에 다른 세 명의 지원자 크라피카, 레오리오, 키르아와 친구가 된다. 곤은 이 어려운 관문을 넘어서 세계 최고의 헌터가 될 수 있을까? 그리고 아버지를 만날 수 있을까?",/8YKlXBit3PlVTXf9A1ohccCf9lQ.jpg,False
JP,일본,tv,12971,드래곤볼 Z,ドラゴンボールゼット,ja,1989-04-26,"16,10765,10759","애니메이션, Sci-Fi & Fantasy, Action & Adventure",62.6445,8.4,4947,"흥미진진한 드래곤 볼! 계속되는 이야기! 성장한 손오공이 치치와 결혼하여 손오반이라는 아들까지 둔 모습을 보여주고 있다. 어느 날 우주로부터 형 라데츠가 찾아와 지구를 멸망시키려고 하며 손오공에게 동참할 것을 설득한다. 하지만, 자신의 설득이 먹혀들지 않자 조카인 오반을 납치한다. 오공과 피콜로가 합심하여 라데츠를 물리치지만, 오공도 죽어버리는 사태가 발생한다. 지구를 위해, 그리고 우주를 위해 싸우는 Z 용사들!",/70gAmYUfEVOFMuC3gJBIo0MSfbh.jpg,False
JP,일본,tv,42009,블랙 미러,Black Mirror,en,2011-12-04,"10765,18,9648","Sci-Fi & Fantasy, 드라마, 미스터리",65.048,8.287,6370,"인간이 지닌 최악의 본성, 최고의 혁신 등을 드러내는 연작 시리즈. 틀을 깨는 기이하고 과감한 이야기들이 펼쳐진다.",/ej7Br2B8dkZZBGa6vDE8HqATgU7.jpg,False
JP,일본,tv,212989,레고 닌자고: 드래곤 라이징,LEGO Ninjago: Dragons Rising,en,2023-06-01,"16,10762,10759","애니메이션, Kids, Action & Adventure",65.8931,8.1,108,"서로 다른 세계에서 온 두 십 대. 새로이 얻은, 닌자의 힘을 바탕으로 임무에 나선다. 그건 바로, 드래곤의 생명력을 악용하려는 악당들로부터 드래곤을 지켜내는 것.",/cpKdJHbe6FIKlAbowG2ge8M8PYS.jpg,False
JP,일본,tv,313101,무사피르 카페,मुसाफ़िर कैफ़े,hi,2026-07-24,18,드라마,50.7472,7.3,9,"찬데르와 수다는 거부할 수 없는 끌림을 느끼지만, 운명은 두 사람을 갈라놓는다. 스쳐 지나간 사랑은 찬데르를 무사피르 카페로 이끌고, 프리티와의 만남으로 이어진다.",/1SbKjtoRKIpVQG5iYnumnfQIqhd.jpg,False
JP,일본,tv,48891,브루클린 나인-나인,Brooklyn Nine-Nine,en,2013-09-17,"35,80","코미디, 범죄",62.662,8.209,4062,"경찰의 명예를 중시하는 원칙주의자 홀트 서장. 그 아래 재능은 물론 꼼수, 공갈, 운까지 총동원해서 어떻게든 사건을 해결해내는 듬직한(?) 형사들이 있는 곳. 브루클린 99 관할 경찰서에 오신 것을 환영합니다!",/mpjlDzVjp7oyHUe2LaF9ltKe6f1.jpg,False
JP,일본,tv,120089,스파이 패밀리,SPY×FAMILY,ja,2022-04-09,"16,10759,35","애니메이션, Action & Adventure, 코미디",67.3412,8.508,2316,"사람은 누구나 아무에게도 보여줄 수 없는 자신을 갖고 있다. 세계 각국이 물밑에서 치열하게 정보전을 펼치는 시대. 오스타니아와 웨스탈리스는 십수 년간에 걸쳐 냉전 상태에 있었다. 웨스탈리스의 정보국 대동과 'WISE' 소속의 수완가 스파이인 '황혼' 은 동서 평화를 위협하는 위험인물, 오스타니아의 국가통일당 총재 도노반 데스몬드의 동향을 살피기 위해 어떤 극비 임무를 수행하게 된다. 그 이름은 오퍼레이션 '올빼미'. 임무 내용은 ""일주일 이내에 가족을 만들어, 데스몬드의 아들이 다니는 명문 학교의 친목회에 잠입하라"". '황혼' 은 정신과 의사 로이드 포저로 위장하고 가족을 만들게 된다. 하지만, 그가 만난 딸 아냐는 마음을 읽을 수 있는 초능력자, 아내 요르는 암살자였다! 3명의 이해가 일치하여 서로 정체를 숨기면서 함께 생활하게 되는데. 해프닝 연속인 임시 가족에게, 세계의 평화는 맡겨졌다.",/rikBBQHmCTOiZ7YoJVkYcKdXgNx.jpg,False
JP,일본,tv,207333,백년의 고독,Cien años de soledad,es,2024-12-11,"18,10765","드라마, Sci-Fi & Fantasy",73.1753,7.9,222,"시간을 초월한 마콘도 마을. 7대에 걸쳐 이곳에서 살아가는 부엔디아 가문 사람들이 사랑과 망각, 그리고 벗어날 수 없는 과거와 운명 속을 헤쳐 나간다.",/8tMVYuw7GNmrEVGSeoE6o0hk2dn.jpg,False
JP,일본,tv,91239,브리저튼,Bridgerton,en,2020-12-25,18,드라마,49.9372,8.06,3366,진실한 애정과 끈끈한 유대로 맺어진 브리저튼 가문의 8남매. 그들이 런던의 상류사회에서 사랑과 행복을 향한 여정을 떠난다.,/a80pxtZrNSyqrME9rmFC6sZevZ7.jpg,False
JP,일본,tv,119051,웬즈데이,Wednesday,en,2022-11-23,"10765,9648,35","Sci-Fi & Fantasy, 미스터리, 코미디",60.1321,8.338,10705,"똑똑함은 기본, 비꼬는 것에도 도가 튼 웬즈데이 아담스. 암울함을 풍기는 그녀가 네버모어 아카데미에서 얽히고설킨 미스터리를 파헤치기 시작한다. 새 친구도 사귀고, 앙숙도 만들며.",/oCpvKD0yuRV9OAZ8xklRy9HWc6l.jpg,False
US,미국,movie,315635,스파이더맨: 홈커밍,Spider-Man: Homecoming,en,2017-07-05,"28,12,878","액션, 모험, SF",215.1899,7.331,23508,"토니 스타크의 제안을 받고 시빌 워에 참여한 피터 파커는 다음 임무가 언제일지 설렘을 안고 하루하루를 보낸다. 토니는 MIT 진학 준비에 전념할 것을 권하지만 친절한 이웃에 머무는 것은 피터의 성에 차지 않는다. 한편 어벤져스 군단과 외계 세력의 전투로 생긴 산업폐기물을 처리하던 아드리안 툼즈는 그 일이 토니 스타크와 정부에 넘어가면서 하루아침에 빈털터리가 된다. 이에 앙심을 품은 아드리안은 외계 첨단무기를 훔쳐서 개조하는 빌런이 되고, 그의 존재를 알게 된 피터는 도움을 빌리지 않고 자기가 일을 해결해보려고 한다.",/hjki9weYYVABvkpZbX5jBOmKXXv.jpg,False
US,미국,movie,1630409,채권추심원,คนเดือดทวงแค้น,th,2026-07-20,"28,53,80","액션, 스릴러, 범죄",139.9791,7.667,66,"감옥에서 출소한 후 죄책감에 시달리던 한 전직 채권 추심원이 불치병과 사투를 벌이며, 사채 피해자들을 위해 복수하기 위해 과거의 세계로 돌아온다.",/2h4ikWt6TddvIAhMdS3WGVXhaRf.jpg,False
US,미국,movie,1510795,"Shake, Rattle & Roll: Evil Origins","Shake, Rattle & Roll: Evil Origins",tl,2026-06-05,27,공포,132.5101,3.0,4,,/3OdniYj4P7XbGb8qe2e16JK0hwO.jpg,False
US,미국,movie,1668364,당신의 욕망,Deseo,es,2026-05-07,"9648,18","미스터리, 드라마",98.92,6.745,194,"모든 걸 다 가진 것처럼 보이는 여자. 격정적인 로맨스에 휘말리면서 걷잡을 수 없는 파국으로 치닫는다. 이를 계기로 가족을 향한 사랑이 시험대에 오르고, 결국 그녀는 가족을 지키기 위해 자신이 어떤 일까지 할 수 있는지 깨닫게 된다. 완벽해 보이는 삶을 사는 성공한 변호사 루세로. 딸의 젊은 수영 코치와 격정적인 불륜에 빠져든다. 금지된 욕망으로 시작된 관계는 이내 아슬아슬하게 유지해 온 결혼 생활과 커리어를 위협하는 불씨가 된다. 결국 루세로의 세상이 무너지면서 걷잡을 수 없는 파국이 시작되고, 가족을 향한 사랑이 시험대에 오르는데. 이제 루세로는 가족을 지키기 위해 어디까지 갈 수 있는지 자신의 한계를 마주하게 된다.",/iHcyv2w6KBlnCtcpAmgsLpA85ny.jpg,False
US,미국,movie,949838,72시간,72 HOURS,en,2026-07-20,"35,80","코미디, 범죄",85.235,6.778,272,20대 청년들의 단체 채팅방에 실수로 초대된 마흔 살 기업 임원. 커리어를 지키기 위해 마이애미에서 열리는 광란의 총각 파티에 합류한다.,/3CgkGMUnfR2gfuvO2DUnxCOV5Vi.jpg,False
US,미국,movie,1487861,엘리지의 그림자,Elize: Sombras de uma Mulher,pt,2026-07-22,"53,80,18","스릴러, 범죄, 드라마",70.277,7.375,132,"브라질을 충격에 빠뜨린 엘리지 마쓰나가 사건에서 영감을 받은 작품. 《엘리지의 그림자》는 남편을 살해하고 시신을 훼손한 엘리지의 이야기를 픽션의 시각으로 재구성해, 파란만장한 관계의 내막과 끔찍한 범죄로 이어진 선택을 조명한다.",/rfGsWCzUDVtv9DXW0hTbZeuTA6R.jpg,False
US,미국,movie,324857,스파이더맨: 뉴 유니버스,Spider-Man: Into the Spider-Verse,en,2018-12-06,"16,28,12,878","애니메이션, 액션, 모험, SF",72.6553,8.393,17553,"평범한 10대 마일스 모랄레스는 우연히 방사능 거미에 물려 스파이더맨 능력을 가지게 된다. 혼란스러워하던 마일스는 악당과 싸우고 있는 피터 파커를 마주치게 되고 피터 파커는 마일스가 자신과 같은 능력을 가지고 있음을 직감한다. 여러 개의 평행세계가 존재한다는 것을 알게 된 마일스와 피터 파커는 이후 스파이더우먼 스파이더 그웬, 스파이더맨 누아르, 스파이더햄 등 평행세계 속 공존하는 모든 스파이더맨들을 만나게 되는데... 하나의 유니버스에서 만나 팀을 결성한 스파이더맨들은 과연 세계를 구할 수 있을까?",/d9V6Q9vpVpmaca7vwSUbCajtDb3.jpg,False
US,미국,movie,1007757,뒤바뀐 친구들의 신비한 모험,Swapped,en,2026-05-01,"12,16,10751,14","모험, 애니메이션, 가족, 판타지",63.4762,8.89,2062,갑자기 몸이 뒤바뀌게 된 작은 숲속 생물과 위풍당당한 새. 일생일대의 모험을 헤쳐나가기 위해 어쩔 수 없이 힘을 합친다.,/uv0iRQXDbtWHo1zPk3TZNo4Biti.jpg,False
US,미국,movie,1234821,쥬라기 월드: 새로운 시작,Jurassic World Rebirth,en,2025-06-23,"878,12,28","SF, 모험, 액션",59.9394,6.271,3611,"지구 최상위 포식자가 된 공룡들이 인간 세상으로 나온 5년 후, 인간과 공룡의 위태로운 공존이 이어지는 가운데 인류를 구할 신약 개발을 위해 육지, 하늘, 바다를 지배하는 가장 거대한 공룡들의 DNA가 필요하게 된다. 불가능한 미션 수행을 위해 조라와 헨리 박사 그리고 던컨은 공룡들을 추적하며 지구상에서 가장 위험한 섬에 도착하고 폐쇄된 쥬라기 공원의 연구소가 감추어 온 충격적인 진실을 마주하게 되는데...",/ygr4hE8Qpagv8sxZbMw1mtYkcQE.jpg,True
US,미국,movie,1318447,정점,Apex,en,2026-04-24,"28,53","액션, 스릴러",48.7424,6.883,1770,"슬픔에 잠긴 채 호주 오지로 모험을 떠난 여성. 홀로 자신의 한계를 밀어붙이던 중 목숨을 노리는 살인마를 맞닥뜨리고, 그가 교활하게 설계한 뒤틀린 게임에 속수무책으로 휘말린다.",/wGHGVAJGTn2BqsuFfPK8lzPiKjH.jpg,False
US,미국,movie,803796,케이팝 데몬 헌터스,KPop Demon Hunters,en,2025-06-20,"14,10402,35,16","판타지, 음악, 코미디, 애니메이션",45.625,8.007,3065,"케이팝 슈퍼스타 루미, 미라, 조이. 매진을 기록하는 대형 스타디움 공연이 없을 때면 이들은 또 다른 활동에 나선다. 바로 비밀 능력을 이용해 팬들을 초자연적 위협으로부터 보호하는 것.",/5fqcLmrgVDicMuGLOa9PKErFP72.jpg,False
US,미국,movie,1265609,워 머신: 전쟁 기계,War Machine,en,2026-02-12,"28,878,53","액션, SF, 스릴러",41.2676,7.44,2232,미 육군 레인저 훈련에서 마지막 혹독한 임무를 받은 전투 공병. 자신이 속한 부대를 이끌고 거대한 외계 살상 병기에 맞서 싸워야 한다.,/cfeIYPthWgq5XFZnx7cbpr7xFTp.jpg,False
US,미국,movie,1297842,고트: 더 레전드,GOAT,en,2026-02-11,"16,35,10751","애니메이션, 코미디, 가족",43.6556,8.112,959,"큰 꿈을 품은 작은 염소 윌은 세계에서 가장 빠르고 사나운 동물들이 지배하는 고강도 혼성 풀컨택트 스포츠 ‘로어볼’의 프로 리그에 합류할 단 한 번의 기회를 얻게 된다. 새 팀의 동료들은 작은 염소가 팀 명단에 오른 것을 탐탁지 않게 여기지만, 윌은 ‘작아도 충분히 해낼 수 있다’는 것을 증명하고 스포츠의 판도를 바꾸겠다는 굳은 결의를 다진다. 이를 위해 그는 지금까지 한 번도 해본 적 없는 도전에 나서야 한다.",/otP94vckeMXAgQxzhcRkZSeSmYv.jpg,False
US,미국,movie,1272837,28년 후: 뼈의 사원,28 Years Later: The Bone Temple,en,2026-01-14,"27,53,878","공포, 스릴러, SF",41.0706,7.105,1557,"분노 바이러스로부터 격리된 섬 홀리아일랜드로 돌아가지 않고 본토에 남기로 한 스파이크, 감염자와 공존하며 살아가는 켈슨 박사, 정체불명 인간 집단의 리더 지미가 얽히고 설키며 벌어지는 이야기",/ubgOSHAEhv1ds8BNHodhCcI13oH.jpg,False
US,미국,movie,1087192,드래곤 길들이기,How to Train Your Dragon,en,2025-06-06,"14,10751,28,12","판타지, 가족, 액션, 모험",36.6879,7.929,3011,"수백년간 지속되어온 바이킹과 드래곤의 전쟁. 드래곤을 없애는 것이 삶의 모든 목적인 바이킹들과 다른 신념을 가진 '히컵'은 무리 속에 속하지 못하고 족장인 아버지에게도 인정받지 못한다. 그러던 어느 날, 히컵은 베일에 싸인 전설의 드래곤 나이트 퓨어리인 '투슬리스'와 만나게 되고, 드래곤을 죽이라는 바이킹의 신념을 깨고 '투슬리스'와 친구가 된다. 하지만 드래곤을 죽여야 된다고 믿는 바이킹 족과 모든 드래곤을 위협하는 더 거대한 존재와 맞닥뜨리게 된 '히컵'과 '투슬리스'. 세상을 변화시키기 위한 특별한 여정을 시작하게 되는데... 다르다는 건, 특별하다는 것. 세상을 바꿀 우리들의 모험이 시작된다!",/frXkpt1dLKO3iDbmBsjQUKseLiS.jpg,True
US,미국,movie,1306368,더 립,The Rip,en,2026-01-13,"28,53,80","액션, 스릴러, 범죄",32.454,7.087,1816,"허름한 은닉처에서 수백만 달러의 현금을 발견한 마이애미 경찰. 신뢰에 금이 가기 시작하면서 모든 사람, 모든 것이 의심의 대상이 된다.",/o0d6Us9VWOW0nHhoB7ZNIwigARG.jpg,False
US,미국,movie,210577,나를 찾아줘,Gone Girl,en,2014-10-01,"9648,53,18","미스터리, 스릴러, 드라마",32.9503,7.89,20185,"모두가 부러워하는 삶을 살아가는 완벽한 커플인 닉과 에이미. 결혼 5주년 기념일 아침, 에이미가 흔적도 없이 실종된다. 유년시절 어린이 동화 시리즈 어메이징 에이미의 실제 여주인공이었던  유명인사 아내가 사라지자, 세상은 그녀의 실종사건으로 떠들썩해진다. 한편 경찰은 에이미가 결혼기념일 선물로 숨겨뒀던 편지와 함께  곳곳에서 드러나는 단서들로 남편 닉을 유력한 용의자로 지목한다. 미디어들이 살인 용의자 닉의 일거수일투족을 보도하기 시작하고, 시간이 갈수록 세상의 관심이 그에게 더욱 집중되는데...",/m2Lw04GIjiTjylqPiccoo3WFMVb.jpg,True
US,미국,movie,614945,음성메시지가 도착했습니다,Voicemails for Isabelle,en,2026-06-20,"10749,35,18","로맨스, 코미디, 드라마",29.5308,8.36,744,"한 젊은 여성이 세상을 떠난 자매에게 웃기고 솔직한 음성 메시지를 남긴다. 그런데 이 메시지들이 본의 아니게 낯선 사람에게 전달되고, 그는 멀리서 그녀에게 마음을 뺏긴다.",/yOUKcPjv1cdTc2MsmXqqUwsrfOa.jpg,False
US,미국,movie,424,쉰들러 리스트,Schindler's List,en,1993-12-15,"18,36,10752","드라마, 역사, 전쟁",31.2029,8.57,17697,"2차 세계대전 당시 독일군이 점령한 폴란드. 시류에 맞춰 자신의 성공을 추구하는 기회주의자 쉰들러는 유태인이 경영하는 그릇 공장을 인수한다. 그는 공장을 인수하기 위해 나찌 당원이 되고 독일군에게 뇌물을 바치는 등 갖은 방법을 동원한다. 그러나 냉혹한 기회주의자였던 쉰들러는 유태인 회계사인 스턴과 친분을 맺으면서 냉혹한 유태인 학살에 대한 양심의 소리를 듣기 시작한다. 마침내 그는 강제 수용소로 끌려가 죽음을 맞게될 유태인들을 구해내기로 결심하고, 독일군 장교에게 빼내는 사람 숫자대로 뇌물을 주는 방법으로 유태인들을 구해내려는 계획을 세우는데...",/oyyUcGwLX7LTFS1pQbLrQpyzIyt.jpg,True
US,미국,movie,1202033,에놀라 홈즈 3,Enola Holmes 3,en,2026-06-30,"12,80,9648","모험, 범죄, 미스터리",24.8975,6.859,564,결혼식을 위해 몰타로 향하는 에놀라 홈즈. 하지만 셜록의 실종으로 위험한 사건에 휘말리게 되면서 그녀의 결혼 계획은 난관에 부딪힌다.,/zBUJQKxmTGTXGGfsWTB93sk2DV1.jpg,False
US,미국,movie,1509599,கட்டா குஸ்தி 2,கட்டா குஸ்தி 2,ta,2026-07-03,"35,18","코미디, 드라마",26.8719,3.625,4,,/5U8MWIk9XZ60NALyOTpyX7vXIR7.jpg,False
US,미국,movie,18,제5원소,Le Cinquième Élément,fr,1997-05-02,"878,28,12","SF, 액션, 모험",27.6635,7.587,11958,"1914년 이집트. 한 노학자가 피라미드의 벽에 새겨진 5개 원소의 비밀을 밝혀낸다. 2259년 뉴욕. 지구에 거대한 행성이 다가와 대통령을 비롯한 전 군대는 비상상태에 빠진다. 지구를 구할 4개 원소를 가진 몬도샤인들은 지구로 오는 도중에 모두 죽게 되고 과학자들은 남은 팔로 유전자 합성을 통해 빨간 머리 소녀 리루를 만든다. 리루는 과학자들에게서 도망치던 중 전직 연방 요원인 코벤을 만나고, 두 사람은 4개 원소를 찾기 위해 피라미드의 예언을 알고 있는 코넬리우스 신부와 함께 파라다이스 행성으로 간다. 한편 무기상인 조르그도 4개 원소를 손에 넣기 위해 그들을 뒤쫓는데...",/npcHgyp5MmKMe4lWqJi2ma1CuhC.jpg,True
US,미국,movie,1659155,믿는 자들,Los creyentes,es,2026-07-24,"53,18,9648","스릴러, 드라마, 미스터리",26.2699,5.73,63,"한동안 가족과 연을 끊고 살아온 30세 여성 루트(스테파니 마그닌). 석연치 않은 어머니의 사망 소식을 듣고 고향으로 돌아온다. 오랜만에 재회한 아버지 마르틴(호세 코로나도)은 은퇴 후 음침한 음모론에 심취한 나머지 괴팍하고 신경질적인 사람으로 변해 있다. 부녀 사이에 팽팽한 긴장이 감돌고, 아버지는 종잡을 수 없는 행동을 일삼는다. 그러자 루트는 어머니의 죽음에 아버지가 연루된 것은 아닌지 의심하기 시작한다. 살인범과 한 지붕 아래 살고 있는 것은 아닐까?",/pUvs1iFFMDy3sNp5dNmkRak1oxD.jpg,False
US,미국,movie,539972,크레이븐 더 헌터,Kraven the Hunter,en,2024-12-11,"28,12,53","액션, 모험, 스릴러",28.9821,6.427,2427,죽음의 문턱에서 맹수의 초인적인 힘을 얻고 살아 돌아온 크레이븐이 무자비한 복수의 길을 택하며 거침없는 사냥을 펼치는 액션 블록버스터,/gYOhHBHSqb3J0QaZWlKYDbpxY7Y.jpg,False
US,미국,movie,1062722,프랑켄슈타인,Frankenstein,en,2025-10-17,"18,14,27","드라마, 판타지, 공포",29.1392,7.62,3674,과학자 빅터 프랑켄슈타인과 그의 손에서 탄생한 괴물이 펼치는 이야기. 고전이 된 메리 셸리의 소설을 오스카 수상 감독 기예르모 델토로가 영화화했다.,/vSMWJkBTEfa7kFxHizSz4uJNVlf.jpg,False
US,미국,movie,12153,화이트 칙스,White Chicks,en,2004-06-23,"35,80","코미디, 범죄",27.0283,6.957,4654,"위장술 하나는 끝내주지만 정작 사건 해결은 못해본 FBI 명물 콤비 마커스(말론 웨이언스)와 케빈(숀 웨이언스)은 순간의 착각으로 거물급 마약상을 놓치는 일대 실수를 저지르고 만다. FBI에서 퇴출 위기에 몰린 둘은 얼떨결에 자선파티 참석을 위해 LA에 오는 호텔재벌 윌슨가 자매의 모두가 꺼려하는 경호를 떠맡게 된다. 하지만 첫날부터 호틀갑 자매의 귀하신 얼굴에 상처를 내는 대형사고(?)를 치고 마는데…  FBI고 뭐고 발각되면 인생 끝장이다! 힙 올리고 가슴 더 키워!!!  길길이 날뛰는 자매 앞에 이들이 살아남는 방법은 딱 하나! ‘뽕 넣고 찍어 발라서라도’ 그녀들로 변신, 그녀들 대신 사교계를 휘어잡는 것! 이제 풍만한 가슴에 쭉빠진 바디라인의 금발미녀가 된 그들, 아니 그녀들은 알고보면 첩보전을 능가하는 칵테일 파티와 총격전보다 살벌한 패션쇼 등 재벌계의 엄청난 사생활에 말려들기 시작하는데…?!",/4caC5bNljJiakF2r18Bb3j4URAe.jpg,True
US,미국,movie,1100988,28년 후,28 Years Later,en,2025-06-18,"27,53,878","공포, 스릴러, SF",27.2853,6.606,2767,"28년 전 생물학 무기 연구소에서 세상을 재앙으로 몰아넣은 바이러스가 유출된 후, 일부 생존자들이 모여 철저히 격리된 채 살아가는 섬 홀리 아일랜드. 이곳에서 태어나 한 번도 섬 밖을 나가 본 적 없는 소년 스파이크는 어느 날 섬을 떠나 본토에 발을 들이게 되고 난생처음 바이러스에 잠식된 세상을 마주하게 된다. 변이된 바이러스는 10,228일의 시간 동안 감염자들을 더욱 충격적으로 진화시켰고 스파이크는 그 실체를 목격하며 극강의 공포에 휩싸이게 되는데...",/zRo90O0bTKJem1aDgVa6Sm0gthE.jpg,False
US,미국,movie,912649,베놈: 라스트 댄스,Venom: The Last Dance,en,2024-10-22,"878,28,12","SF, 액션, 모험",27.5922,6.665,4383,환상의 케미스트리의 에디 브록과 그의 심비오트 베놈은 그들을 노리는 정체불명 존재의 추격을 피해 같이 도망을 다니게 된다. 한편 베놈의 창조자 널은 고향 행성에서부터 그들을 찾아내기 위해 지구를 침략하고 에디와 베놈은 그동안 겪어보지 못한 최악의 위기를 맞이하게 되는데…,/ptfoRD0MmL8Ry0iBVccYbqoN9Xc.jpg,True
US,미국,movie,1396749,와일드 씽,와일드 씽,ko,2026-06-03,"35,10402","코미디, 음악",24.1277,5.941,17,"한때 가요계를 휩쓸었지만 예기치 못한 사건에 휘말려 하루아침에 해체된 3인조 혼성 댄스 그룹 트라이앵글. 20년 만에 리더 현우에게 재기의 발판이 될 트라이앵글 공연 제안이 들어오고, 인생의 마지막 기회를 잡기 위해 멤버들을 찾아 나선다. 생계형 방송인이 된 현우, 재벌가 며느리가 된 도미, 솔로 앨범으로 빚더미에 앉은 상구까지 세 사람은 다시 모여 공연장으로 향하지만, 과거 트라이앵글의 라이벌 발라드 왕자 성곤과 악연으로 얽힌 전소속사 박대표까지 나타나며 상황은 점점 걷잡을 수 없이 꼬여가는데…",/s4IUDzLZJb4CosgEXcmouY32Jfg.jpg,False
US,미국,movie,436270,블랙 아담,Black Adam,en,2022-10-19,"28,12,878","액션, 모험, SF",27.3942,6.783,7147,"기원전 가장 번성하고 위대한 고대 국가였지만 현재는 국제 군사 조직 인터갱의 독재 국가로 전락한 칸다크. 인터갱의 눈을 피해 고대 유물을 찾던 아드리아나는 우연히 5000년 동안 잠들어 있던 블랙 아담을 깨우게 된다.  엄청난 괴력과 스피드, 방탄 능력과 자유자재의 고공비행, 번개를 쏘는 능력까지. 온몸이 무기인 블랙 아담은 자신의 앞을 막아서는 인터갱들을 모조리 쓸어버리고 칸다크 국민들은 이에 열광한다. 한편, 그의 폭주를 막기 위해 호크맨, 닥터 페이트, 아톰 스매셔, 사이클론으로 구성된 히어로 군단 저스티스 소사이어티가 칸다크에 나타나는데...",/mEdMHGy1FfCUc7PskFO0tibm8jp.jpg,True
US,미국,movie,1330021,아쿠아리움이 문을 닫으면,Remarkably Bright Creatures,en,2026-05-07,"18,9648","드라마, 미스터리",24.2445,8.478,811,작은 마을의 아쿠아리움에서 야간 근무를 하는 여자. 남편과 사별한 그녀는 영리한 문어와 삶의 방향을 잃은 젊은 남자와 친구가 된다. 베스트셀러를 원작으로 한 감동적인 드라마 영화.,/mUt0SnTp0oAN38BHD7NGX8hmwAT.jpg,False
US,미국,movie,1740877,Storm on Sesame Street,Storm on Sesame Street,en,2026-08-03,"10751,16","가족, 애니메이션",36.8099,0.0,0,,/w4GrHRGgRQOYG95f2oVLYzGJ4Md.jpg,True
US,미국,movie,701387,부고니아,Bugonia,en,2025-10-23,"878,53,35","SF, 스릴러, 코미디",24.8765,7.302,2196,"벌들은 사라지고, 지구는 병들고 있고, 인류는 고통받고 있다. 거대 바이오 기업의 물류센터 직원인 테디는 이 모든 것이 은밀하게 진행되고 있는 외계인의 지구침공 계획 때문이고, 사장 미셸이 안드로메다에서 온 외계인이라고 굳게 믿는다. 오랜 준비 끝, 함께 사는 사촌 동생 돈과 함께 결국 미셸을 납치하는데 성공한 테디. 그는 지하실에 미셸을 감금한 채 지구를 찾아온 이유와 앞으로의 음모를 캐묻지만 자신은 외계인이 아니라는 말만 반복하는 미셸. 과연 테디는 미셸에게서 원하는 답을 얻고 지구를 지킬 수 있을까?",/ko6Wxr4sB9RM3pJb5JlWPqiSOIp.jpg,False
US,미국,movie,1234731,아나콘다,Anaconda,en,2025-12-24,"12,35,27","모험, 코미디, 공포",23.1842,5.821,1335,"중년의 위기를 겪고 있는 친구들이 젊은 시절 가장 좋아했던 영화를 재현하기 위해 열대우림으로 떠난다. 그러나 그들은 자연 재해, 거대한 뱀, 그리고 폭력적인 범죄자들과 맞서 싸우며 생존을 위한 사투를 벌이게 된다.",/4HxOXiEFPAFQhzkobIU9Lqlezlq.jpg,False
US,미국,movie,858024,햄넷,Hamnet,en,2025-11-26,"18,10749","드라마, 로맨스",21.6748,7.713,1495,"자연 속에서 자유롭게 살아온 아녜스는 마을에 새로 온 교사 윌리엄 셰익스피어와 사랑에 빠져 가정을 이룬다. 어느 날, 두 사람에게 예기치 못한 비극이 찾아오고 삶의 가장 소중한 것을 잃은 참혹한 상실의 고통 속에서 두 사람은 각자의 방식으로 상처와 비극을 극복하게 되는데…",/96ikpEmn7Uxct77x6kTIUgnldh2.jpg,True
US,미국,movie,629542,배드 가이즈,The Bad Guys,en,2022-03-17,"28,16,35,80,10751","액션, 애니메이션, 코미디, 범죄, 가족",22.2456,7.511,2632,"작전 설계부터 금고 해제, 해킹, 액션, 위장까지 완벽한 팀플레이를 펼치는 자타공인 최고의 나쁜 녀석들이 한순간의 실수로 체포된다.  하지만 그들도 착해질 수 있다는 ‘마멀레이드 박사’의 주장으로 나쁜 녀석들은 바른 생활 갓생 프로젝트에 투입되고, 이들은 다시 한번 자유의 몸을 위해 태어나 처음으로 바른 생활에 도전하게 되는데…  나쁜 녀석들의 사상 초유 바른 생활 갓생 프로젝트가 시작된다!",/x6KSvale7iuxLhsrEfhYNoICyfK.jpg,True
US,미국,movie,490132,그린 북,Green Book,en,2018-11-16,"18,35,36","드라마, 코미디, 역사",22.1929,8.225,13065,"1962년 미국, 입담과 주먹만 믿고 살아가던 토니 발레롱가는 교양과 우아함 그 자체인 천재 피아니스트 돈 셜리의 운전기사 면접을 보게 된다. 백악관에도 초청되는 등 미국 전역에서 콘서트 요청을 받으며 명성을 떨치고 있는 돈 셜리는 위험하기로 소문난 미국 남부 투어 공연을 떠나기로 결심하고, 투어 기간 동안 자신의 보디가드 겸 운전기사로 토니를 고용한다. 거친 인생을 살아온 토니와 교양과 기품을 지키며 살아온 돈. 생각, 행동, 말투, 취향까지 달라도 너무 다른 두 사람은 그들을 위한 여행안내서 그린북에 의존해 특별한 남부 투어를 시작하는데...",/dyqQ12gZGwl5Y0R9UsLBDkZWOUA.jpg,True
US,미국,movie,168259,분노의 질주: 더 세븐,Furious 7,en,2015-04-01,"28,80,53","액션, 범죄, 스릴러",22.7586,7.216,11401,"도미닉과 멤버들은 범죄조직 소탕 후 모든 전과를 사면 받고 평범한 일상으로 돌아간다. 하지만 평화도 잠시, 전작에서 처리한 범죄조직의 리더 오웬 쇼의 형 데카드 쇼가 동생의 복수를 위해 멤버들을 차례로 공격한다. 특수부대 출신 용병 데카드 쇼의 난입으로 한이 갑작스레 사망하게 되고, 도미닉의 집은 순식간에 폭파당한다. 이에 맞서는 정부요원 페티는 도미닉을 돕는 조건으로 납치당한 해커 램지의 구출을 의뢰하고, 도미닉은 멤버들을 다시 모아 숨막히는 반격을 시작한다.",/cuQdgDYANbKA46e4va2fz6fODkc.jpg,False
US,미국,movie,1228246,프레디의 피자가게 2,Five Nights at Freddy's 2,en,2025-12-03,"27,53","공포, 스릴러",21.7863,6.6,1088,"소문과 괴담에 휘말려 폐업한 ‘프레디의 피자가게’ 본점이 수십년 만에 다시 열리고, 그곳에 오랫동안 잠들어 있던 신형 프레디와 친구들이 눈을 뜨게 된다. 안면 인식 시스템을 가진 한층 더 기괴하고 오싹해진 신형 애니메트로닉스들은 이제 피자가게 밖으로 나와 세상을 공포에 몰아넣기 시작하는데…",/kEmPnUUXaF9hPgDMlc0eJht5JYO.jpg,True
US,미국,movie,934433,스크림 6,Scream VI,en,2023-03-08,"27,53,80","공포, 스릴러, 범죄",22.1764,6.936,3278,"고스트페이스의 습격에서 살아남은 생존자들이 우즈보로를 떠나 뉴욕에서 새로운 삶을 시작하지만, 다시금 과거의 살인마에게 쫓기게 되는 이야기",/1zhb49U0Rjg2qVU9L7VLmujf1Hs.jpg,True
US,미국,movie,985939,폴: 600미터,Fall,en,2022-08-11,53,스릴러,22.8439,7.145,4747,내려갈 길이 끊겨버린 600미터 TV 타워 위에서  두 명의 친구가 살아남기 위해 펼치는 사상 최초의 고공 서바이벌 여기에서,/uyiALGPVtVsrTY4YHSq2osSYls5.jpg,False
US,미국,movie,77,메멘토,Memento,en,2000-10-11,"9648,53","미스터리, 스릴러",22.7822,8.174,16511,"전직 보험 수사관이었던 레너드에게 기억이란 없다. 자신의 아내가 강간당하고 살해되던 날의 충격으로 기억을 10분 이상 지속시키지 못하는 단기 기억상실증 환자가 되었던 것이다. 그가 마지막으로 기억하고 있는 것은 자신의 이름이 레너드 셸비 라는 것과 아내가 강간당하고 살해당했다는 것, 그리고 범인은 존 G 라는 것이 전부. 레너드는 자신의 가정을 파탄 낸 범인을 찾기 위한 방법으로 메모와 문신을 사용하게 된다. 하지만 진실에 다가갈수록 자신의 기억, 주위 사람들에 대한 의심이 갈수록 커져만 가는데...",/x5FPVwJHyf1SnDW04fwr9rsyWm4.jpg,False
US,미국,movie,118,찰리와 초콜릿 공장,Charlie and the Chocolate Factory,en,2005-07-13,"12,35,10751,14","모험, 코미디, 가족, 판타지",23.6048,7.038,16264,전 세계 누구에게나 사랑 받는 윌리 웡카 초콜릿 공장. 매일 엄청난 양의 초콜릿을 생산해 세계 각국으로 운반하고 있지만 그 누구도 공장을 드나 드는 사람을 본 적이 없는 비밀의 공간이다. 공장보다 더 신비로운 수수께끼는 공장장인 윌리 웡카라는 인물. 소문에 의하면 웡카는 몇 년 동안 공장 밖으로 나가본 적도 없다고 한다. 어느 날 윌리 웡카가 5개의 웡카 초콜릿에 감춰진 행운의 황금티켓을 찾은 어린이 다섯 명에게 자신의 공장을 공개하고 그 모든 제작과정의 비밀을 보여주겠다는 선언을 한다. 이제 전 세계 어린이들은 황금티켓을 찾기 위한 노력을 시작한다.,/iKP6wg3c6COUe8gYutoGG7qcPnO.jpg,True
US,미국,movie,812583,나이브스 아웃: 웨이크 업 데드 맨,Wake Up Dead Man: A Knives Out Mystery,en,2025-11-26,"53,9648,35","스릴러, 미스터리, 코미디",21.6417,7.2,2717,브누아 블랑이 탐정 인생을 통틀어 가장 위험한 사건으로 돌아온다.어두운 과거를 지닌 작은 마을의 성당. 그곳에서 불가사의한 범죄가 발생한다. 그러자 브누아 블랑 탐정이 신실한 젊은 신부와 함께 수사에 나선다.,/qFXkslzkBIihZnwyYal9WnQ9OTe.jpg,True
US,미국,movie,744275,애프터: 관계의 함정,After We Fell,en,2021-09-01,"18,10749","드라마, 로맨스",21.4407,6.998,2762,"영국 런던에서 미국 시애틀까지, 핫스팟에서 시작된 사랑의 클라이맥스! 첫사랑, 첫키스, 첫경험, 설렘 가득했던 처음을 뒤로 하고 꿈을 위해 잠시 서로를 떠나게 된 하딘과 테사. 각자 영국 런던과 미국 시애틀에서 롱디 연애를 앞둔 두 사람은 시간과 장소를 가리지 않고 달콤한 사랑을 속삭인다. 하지만 연애와 꿈의 갈림길에 선 둘은 서로에게 감춘 '누군가'의 존재와 예상치 못한 비밀까지 알게 되면서 사랑의 클라이맥스에 치닫게 되는데…",/o0PgoBD6jLYId3LYpu9yUY06SLT.jpg,True
US,미국,movie,829557,365일: 오늘,365 dni: Ten dzień,pl,2022-04-26,"10749,18","로맨스, 드라마",21.6186,5.95,1861,"재결합하여 그 어느 때보다도 열렬한 관계를 이어가는 라우라와 마시모. 하지만 마시모의 가족 관계, 그리고 라우라의 마음을 얻으려는 수수께끼의 남자로 인해 삶이 복잡해진다.",/nzrh7HhednL8gp08zR1rY3OAImC.jpg,True
US,미국,movie,1175942,배드 가이즈 2,The Bad Guys 2,en,2025-07-24,"10751,35,80,12,16","가족, 코미디, 범죄, 모험, 애니메이션",21.1347,7.617,860,착하게 살기 위해 무지하게 애쓰는 자타공인 최고의 나쁜 녀석들이 새롭게 등장한 '배드 걸즈'로 인해 일생일대의 글로벌 범죄 작전에 휘말리며 벌어지는 범죄오락액션 블록버스터,/1oG69MtmZGovhho0pPgRY9d1qrU.jpg,True
US,미국,movie,507086,쥬라기 월드: 도미니언,Jurassic World Dominion,en,2022-06-01,"12,878,53","모험, SF, 스릴러",21.7876,6.602,7186,"공룡들의 터전이었던 이슬라 누블라 섬이 파괴된 후,  마침내 공룡들은 섬을 벗어나 세상 밖으로 출몰한다. 지상에 함께 존재해선 안 될 위협적 생명체인 공룡의 등장으로 인류 역사상 겪어보지 못한 사상 최악의 위기를 맞이한 인간들. 지구의 최상위 포식자 자리를 걸고 인간과 공룡의 최후의 사투가 펼쳐진다.",/upGiyJeCbG61899TXiY01mxdjEF.jpg,True
US,미국,movie,1057265,పెద్ది,పెద్ది,te,2026-06-03,"28,18","액션, 드라마",20.2095,5.867,64,,/kJAJNNBYlbqAcpTDxBNnaILSMTy.jpg,True
US,미국,movie,967941,위키드: 포 굿,Wicked: For Good,en,2025-11-19,"14,12,10749","판타지, 모험, 로맨스",21.595,6.624,1085,전혀 다르지만 서로에게 가장 소중한 친구가 된 ‘엘파바’와 ‘글린다’. 쉬즈에서의 마법같았던 둘의 우정은 오즈의 마법사와 그를 둘러싼 비밀들을 알게 되면서 다른 길을 선택할 수밖에 없게 내몰린다. 사람들의 시선을 더 이상 두려워하지 않게 된 사악한 마녀 ‘엘파바’와 사람들의 사랑을 받으면서도 모든 걸 잃을까 두려운 착한 마녀 ‘글린다’. 서로 대척점에 서게 된 두 사람은 거대한 여정의 끝에서 운명을 영원히 바꿀 선택을 마주하게 된다.,/t6yyCHES6nGJUeFfTt6zfzIUBjX.jpg,True
US,미국,movie,438148,미니언즈 2,Minions: The Rise of Gru,en,2022-06-29,"16,35,878,80,10751","애니메이션, 코미디, SF, 범죄, 가족",20.865,7.257,4078,"세계 최고의 슈퍼 악당을 꿈꾸는 미니보스 ‘그루’와 그를 따라다니는 미니언들. 어느 날 그루는 최고의 악당 조직 ‘빌런6’의 마법 스톤을 훔치는 데 성공하지만 뉴페이스 미니언 ‘오토’의 실수로 스톤을 잃어버리고 빌런6에게 납치까지 당한다. 미니보스를 구하기 위해 잃어버린 스톤을 되찾아야 하는 ‘오토’, 그리고 쿵푸를 마스터해야 하는 ‘케빈’, ‘스튜어트’, ‘밥’! 올 여름 극장가를 점령할 MCU(미니언즈 시네마틱 유니버스)가 돌아온다!",/b6Q4hqPWxL3IsNfBwta5I8CsClI.jpg,True
US,미국,movie,792307,가여운 것들,Poor Things,en,2023-12-07,"878,10749,35","SF, 로맨스, 코미디",20.528,7.6,5618,"괴짜 과학자 갓윈 백스터에 의해 되살아난 벨라 백스터. 갓윈의 과보호 속에 자란 벨라는 세상을 경험하고 싶은 열망을 품게 되고, 급기야 바람둥이 변호사 덩컨 웨더번을 따라 모험을 떠난다. 천진난만한 벨라에겐 모든 것이 새롭기만 한 세상... 놀랍고도 경이로운 그 여정 가운데 그녀는 어떤 성장과 변화를 겪게 될까?",/uEpP9cfDrTsBm36uvX8P0uvnAsg.jpg,True
US,미국,movie,1007734,노바디 2,Nobody 2,en,2025-08-13,"28,53,35","액션, 스릴러, 코미디",21.3773,6.9,1732,가족과 소홀해지는 걸 느낀 허치. 오랜만에 가족들과 떠나는 여름 휴가지는 유년 시절의 추억이 깃든 플러머빌. 꿀 같은 휴식을 꿈꿨지만 평온은 온데간데없고… 사건만 터지는데. 일도 가족도 고단한 아저씨의 휴가를 쟁탈하기 위한 싸움이 시작된다.,/vBKQuGX0nrx9p8H3j3GGojDYoKH.jpg,True
US,미국,movie,1656220,2만 3천 명의 목숨,23 000 Leben,de,2026-07-02,18,드라마,19.7846,5.8,63,청년들이 난민의 생명을 구하기 위해 지중해로 항해를 떠난다. 그런데 그 여정에서 법과 정의에 대한 그들의 관념이 시험대에 오른다.,/fl84ocsxe3Lib5BGUhO0lFjDbDK.jpg,True
US,미국,movie,131631,헝거게임: 모킹제이,The Hunger Games: Mockingjay - Part 1,en,2014-11-19,"878,12,53","SF, 모험, 스릴러",21.2242,6.817,16875,"헝거게임이 끝나고 캣니스의 고향인 12구역이 캐피톨의 폭격으로 파괴되자 그녀는 절망감으로 괴로워한다. 12구역의 생존자들이 13구역에 있다는 것을 알게 된 캣니스는 반정부 세력의 중심이 된다. 어떤 공격도, 어떤 감시도 피할 수 있는 전설의 13구역을 다스리는 대통령 코인은 캣니스에게 혁명의 불꽃이자 반군의 상징인 모킹제이가 되어달라고 부탁하고, 모두의 희망이 된 캣니스는 이제 세상을 구할 반격을 시작한다.",/r5UG5tSXpHIFFcpx4rvi6ZnJroj.jpg,True
US,미국,movie,875828,피키 블라인더스: 불멸의 남자,Peaky Blinders: The Immortal Man,en,2026-03-05,"80,18","범죄, 드라마",18.695,7.226,1126,"멀어진 아들이 나치 음모에 휘말리자, 스스로 은둔을 택했던 갱스터 토마스 셸비는 가족과 조국을 구하기 위해 버밍엄으로 돌아온다.",/q1GPxUb7dfzfw4toS5TnRoSPVbn.jpg,True
US,미국,movie,1468683,하트스토퍼 포에버,Heartstopper Forever,en,2026-07-14,"10749,18","로맨스, 드라마",18.6223,7.3,215,새 학년을 맞이하는 트루엄-힉스 친구들. 날이 갈수록 관계가 깊어지는 닉과 찰리는 졸업 후의 미래를 고민하기 시작한다.,/9kBz9Wt0snovIWJ0iuRGJHHr7RU.jpg,True
US,미국,movie,115,위대한 레보스키,The Big Lebowski,en,1998-03-06,"35,80","코미디, 범죄",18.8038,7.834,12345,"삶의 목표도, 별다른 직업도 없는 제프리 레보스키는 볼링장에서 시간이나 죽이며 칵테일을 늘 손에 들고 다닌다. 어느 날 이웃에 살고 있는 백만장자인 제프리 레보스키와 그를 혼동한 강도들이 그의 집에 침입한다. 강도 사건 후 얼마 지나지 않아 백만장자 레보스키의 젊은 아내가 납치당해 돈을 요구당하자, 이 돈의 전달자로 건달 제프리 레보스키가 뽑힌다. 그는 친구와 함께 백만 달러가 든 돈가방을 전달하지 않고 가로채지만, 불법 주차단속에 걸려 돈가방이 든 차가 견인된다. 그 와중에 백만장자 레보스키의 딸 마우드 버니는 납치된 것이 아니라 스스로 잠적한 것임을 밝히며, 돈가방을 자신에게 갖다줄 것을 요구하는데...",/hotrLt8Hyuj2V7xX9EyS4PVqmZO.jpg,True
US,미국,movie,1397385,리틀 브라더,Little Brother,en,2026-06-18,35,코미디,18.6516,6.463,307,빈틈없는 부동산 중개인의 그림처럼 완벽한 삶. 미워할 수 없는 사고뭉치 '동생'의 갑작스러운 등장으로 하루아침에 모든 것이 엉망이 되고 만다.,/6XWgzqVFdK3DcafXgAbataUddfS.jpg,True
US,미국,movie,1005331,캐리온,Carry-On,en,2024-12-05,"53,28","스릴러, 액션",17.4176,6.883,2840,"크리스마스이브, 항공기에 위험한 물건을 실으라는 강요를 받은 공항 보안 요원. 이 위협에서 벗어나려면, 의문의 여행자보다 한 수 앞서 움직여야 한다.",/moQ4z3yKFwd7CuNqrLINMl1pdp.jpg,True
US,미국,tv,1416,그레이 아나토미,Grey's Anatomy,en,2005-03-27,18,드라마,207.8884,8.207,10998,"시애틀에 있는 병원 의사들의 삶에 대한 이야기. 의사로서의 감정과 개인적인 감정에 대한 묘사가 적절히 조화를 이루어 그려진다. 인턴이지만 결국 레지던트가 되는 메러디스 그레이는 시애틀 병원의 동료 의사들과 함께 사적, 직업적인 열정에 휩쓸리는 자신을 발견한다.",/lCUvpSvjAPU82HvJ8XfR74Chv5r.jpg,True
US,미국,tv,65334,미라큘러스 레이디버그,"Miraculous, les aventures de Ladybug et Chat Noir",fr,2015-10-19,"10759,16,10762","Action & Adventure, 애니메이션, Kids",217.7688,8.057,4633,"프랑스 파리를 배경으로, 백인 아버지와 중국인 어머니 사이에서 태어난 중국계 프랑스인 소녀, 마리네트 청이 ‘레이디버그’로 변신해 악당으로부터 파리를 지키는 내용이다.",/2StXCVS3mm09HwRBWsee3QCz3TM.jpg,False
US,미국,tv,549,로 앤 오더,Law & Order,en,1990-09-13,"80,18","범죄, 드라마",181.2633,7.282,703,추악한 성범죄자를 쫓아 사건을 해결하는 특별수사단의 통쾌한 활약을 그린 수사시리즈,/haJ9eHytVO3H3JooMJG1DiWwDNm.jpg,True
US,미국,tv,4614,NCIS,NCIS,en,2003-09-23,"80,18,10759","범죄, 드라마, Action & Adventure",169.8094,7.607,2543,NCIS는 미국의 수사드라마 시리즈로 미해군과 해병대 관련 범죄수사를 담당하는 가상의 해군범죄수사대에 관한 드라마.,/mBcu8d6x6zB1el3MPNl7cZQEQ31.jpg,True
US,미국,tv,1396,브레이킹 배드,Breaking Bad,en,2008-01-20,"18,80","드라마, 범죄",191.6317,8.947,18315,2008년 1월 AMC에서 방영을 시작한 범죄 스릴러. Breaking Bad는 막가기를 뜻하는 미국 남부 지방의 속어이다. 한때 노벨화학상까지 바라 볼 정도로 뛰어난 과학자였던 고등학교 화학 교사 월터 화이트는 자신의 50세 생일 날에 폐암 3기 진단을 받는다. 어느 날 동서와 함께 마약 단속 현장을 참관한 그는 현장에서 달아나는 옛 제자 제시를 발견한다. 뇌성마비에 걸린 고등학생 아들과 임신한 아내를 위해 제시에게 동업을 제의한 월터는 자신의 화학지식을 이용해 전례없는 고순도 고품질의 메스암페타민을 제조한다.,/anFx9aTOOYqgS3v7x3R84Kz67ly.jpg,False
US,미국,tv,34307,쉐임리스,Shameless,en,2011-01-09,"18,35","드라마, 코미디",155.5561,8.167,3423,미국 시카고 후미진 마을에서 힘겹게 살고 있는 싱글 대디 프랭크와 총명하고 독립적인 그의 여섯 자녀들의 리얼한 이야기,/9ZTivNsXHQWVq578CIsvsM5zd08.jpg,False
US,미국,tv,66732,기묘한 이야기,Stranger Things,en,2016-07-15,"10759,9648,10765","Action & Adventure, 미스터리, Sci-Fi & Fantasy",138.0794,8.556,21593,"인디애나주의 작은 마을에서 행방불명된 소년. 이와 함께 미스터리한 힘을 가진 소녀가 나타나고, 마을에는 기묘한 현상들이 일어나기 시작한다. 아들을 찾으려는 엄마와 마을 사람들은 이제 정부의 일급비밀 실험의 실체와 무시무시한 기묘한 현상들에 맞서야 한다.",/mpOQpOKdo2XJnTqRzo1lTmDNsc1.jpg,False
US,미국,tv,1402,워킹 데드,The Walking Dead,en,2010-10-31,"10759,18,10765","Action & Adventure, 드라마, Sci-Fi & Fantasy",106.4559,8.1,18043,"2010년 10월 AMC에서 방영을 시작한 좀비 아포칼립스물. 조지아 주의 보안관 릭은 범인 검거 중에 총상을 입고 혼수상태에 빠진다. 어느 날 혼수 상태에서 깨어난 릭은 폐허가 되어 버린 세상이 좀비들로 뒤덮여 있는 것을 발견한다. 쇠약해진 몸으로 병원을 빠져나온 릭은 워커라고 불리는 좀비들을 피해 생존자를 찾아다니고, 마을의 생존자 모건 부자의 도움을 받아 건강을 회복한 후 아내 로리와 아들 칼을 찾으러 애틀랜타로 떠나지만, 릭을 반긴 것은 셀 수 없이 많은 워커 무리들. 간신히 전차 내부로 피신한 릭을 백화점에 숨어있던 생존자 일행이 도와서 겨우 전차에서 빠져나오는데...",/nXzLSn04H4QyapOSwH76R3UE7Iw.jpg,False
US,미국,tv,46952,블랙리스트,The Blacklist,en,2013-09-23,"18,80,9648","드라마, 범죄, 미스터리",118.8463,7.632,3669,FBI 10대 수배범에 올라가있는 거물 범죄 브로커 레이먼드 레딩턴이 어느날 갑자기 FBI 본부에 나타나 자수를 한다. 그러면서 레딩턴은 자신이 1급 범죄자들의 블랙리스트를 가지고 있다면서 사법거래를 요구하고 그 조건으로 FBI의 신참 프로파일러인 엘리자베스 킨하고만 이야기 하겠다고 요구한다. 한편 암에 걸린 양아버지를 두면서 남편과 함께 아기의 입양을 꿈꾸며 행복하게 살고 있던 엘리자베스의 삶은 레딩턴과의 만남과 우연히 발견하게 된 남편의 가짜 여권들을 통해 급변하게 되는데...,/4HTfd1PhgFUenJxVuBDNdLmdr0c.jpg,False
US,미국,tv,37680,슈츠,Suits,en,2011-06-23,18,드라마,110.629,8.219,5841,"뜻밖의 행운일까, 아니면 뛰어난 재능일까. 뉴욕의 거대 로펌에 들어간 대학 중퇴 청년. 엘리트 변호사와 의기투합한 그가 시시하고 따분한 세상을 상대로 소송을 건다.",/lvYWwQj89ioSk9WzhC1KEujmpWa.jpg,False
US,미국,tv,44217,바이킹스,Vikings,en,2013-03-03,"10759,18,10768","Action & Adventure, 드라마, War & Politics",108.6536,8.098,7765,2013년 3월 History에서 방영을 시작한 역사물. 바이킹 영웅 라그나 로스브로크는 새로운 대륙을 향해 탐험하고 싶어하지만 카테가트의 영주인 백작은 모험적인 항해를 원치 않아 라그나의 의견을 묵살한다. 라그나는 친구이자 배를 만드는 기술자인 플로키의 도움을 받아 백작 몰래 출항에 성공한다. 라그나는 새로운 대륙인 잉글랜드를 발견하고 동료들과 함께 노섬브리아 왕국 영토에 있는 수도원을 잔인하게 약탈하고 수도승 애설스탠을 노예로 삼는다. 처음 보는 바이킹의 야만적인 침략에 노섬브리아 왕국은 크게 분노하면서도 바이킹을 두려워하는데...,/bQLrHIRNEkE3PdIWQrZHynQZazu.jpg,False
US,미국,tv,32798,하와이 파이브 오,Hawaii Five-0,en,2010-09-20,"80,18,10759","범죄, 드라마, Action & Adventure",113.0208,7.727,1888,하와이를 배경으로 범죄 조직에 맞서 싸우는 블록버스터 액션 드라마,/sIdCKlmM2nU4akIvFQaAIiU8YES.jpg,False
US,미국,tv,502,세서미 스트리트,Sesame Street,en,1969-11-10,"10762,35","Kids, 코미디",109.3396,7.1,288,"새서미 스트리트는 미국 어린 아이들을 위한 장수 TV 시리즈였습니다. 이 프로그램은 교육적인 목적으로 만들어졌지만 짐 핸슨의 인형극, 애니메이션, 짧은 영화, 유머와 문화에 대한 내용들로 매우 창의적인 내용들을 다루고 있습니다. 첫 시리즈는 1969년 11월 10일 방영되었으며 당시 긍정적인 리뷰가 있었고 논란이 되기도 하였고 높은 평가를 받았습니다.",/wZC3fXTxR00YCjgqkc1N20seZJb.jpg,False
US,미국,tv,209867,장송의 프리렌,葬送のフリーレン,ja,2023-09-29,"16,10759,18,10765","애니메이션, Action & Adventure, 드라마, Sci-Fi & Fantasy",87.4491,8.8,917,"용사 힘멜 일행과 함께 10년에 걸친 모험 끝에 마왕을 물리치고 세계에 평화를 가져온 마법사 프리렌. 천 년을 넘게 사는 엘프인 그녀는 힘멜 일행과 재회를 약속하고 혼자 여행을 떠난다. 그로부터 50년 후 프리렌은 힘멜을 찾아갔지만 50년 전과 달라진 게 없는 그녀에 비해 힘멜은 늙었고 수명이 얼마 남아있지 않았다. 그 후 죽음을 맞이한 힘멜을 보고 지금까지 '인간을 아는' 일을 하지 않았던 것을 후회하고 자신을 반성한 프리렌은 '인간을 알기 위한' 여행을 떠난다. 그 여로에는 다양한 사람들과의 만남, 다양한 사건들이 기다리고 있었는데──.",/mnj30hYDVAbL9BOA0f4HrKubAGF.jpg,False
US,미국,tv,30983,명탐정 코난,名探偵コナン,ja,1996-01-08,"16,80,9648,35","애니메이션, 범죄, 미스터리, 코미디",86.7297,8.01,778,검은 조직의 약물에 당해서 초등학생의 몸이 된 고등학생 쿠도 신이치가 에도가와 코난이라는 가명을 사용하여 소꿉친구인 란의 아버지가 운영하는 탐정사무소에서 얹혀 살며 사건을 해결하는 이야기를 다루고 있다.,/tg5Gya0yv7mScUMIX8CSXZzLCVd.jpg,True
US,미국,tv,45140,틴 타이탄 GO!,Teen Titans Go!,en,2013-04-23,"16,10759,35,10751,10765","애니메이션, Action & Adventure, 코미디, 가족, Sci-Fi & Fantasy",83.6493,6.432,717,10대 히어로들의 평범하지만 평범하지 않은 일상을 그린 틴 타이탄의 외전격인 애니메이션,/kPKAigYUlWRpnfo4Ptiwlz4FWXU.jpg,False
US,미국,tv,71790,스와트,S.W.A.T.,en,2017-11-02,"80,10759,18","범죄, Action & Adventure, 드라마",82.347,8.041,1590,"로스앤젤레스에서 발생하는 특수임무를 수행하는 특수 기동대, S.W.A.T.은 리더 혼도의 지휘 아래, 팀원들은 꼬리에 꼬리를 무는 사건과 그 뒤에 숨은 거대한 세력에 맞서 도시를 지킨다.",/eQOVfnoxU2q670BiFojrLC767vq.jpg,False
US,미국,tv,60802,라스트 쉽,The Last Ship,en,2014-06-22,"10759,18,10765","Action & Adventure, 드라마, Sci-Fi & Fantasy",81.3366,6.878,1058,윌리엄 브링클리의 동명 소설을 원작으로 한 드라마. 전염병으로 인한 인류의 멸종을 막기 위해 분투하는 한 구축함 승무원들의 이야기를 다룬 드라마.,/xH529hDtPxhslAEeCrN7gD64ZMX.jpg,True
US,미국,tv,95479,주술회전,呪術廻戦,ja,2020-10-03,"16,10759,10765","애니메이션, Action & Adventure, Sci-Fi & Fantasy",99.4051,8.6,4593,"소년은 싸운다 '올바른 죽음'을 위해  쓰라린 고통, 후회, 치욕. 인간으로부터 흘러나온 부정적인 감정이 저주로 변해 일상에 숨어든다. 저주는 세상에 만연한 재앙의 근원이며, 최악의 경우 인간을 죽음으로 이끈다. 그리고 저주는 저주로밖에 없앨 수 없다.  경이적인 신체능력을 가진 소년 이타도리 유지는 아주 평범한 고등학생이었지만, 어느 날 '저주'에 습격당한 친구를 구하기 위해 특급 주물 '양면 스쿠나의 손가락'을 먹고 영혼에 저주가 깃들게 된다. 저주인 '양면 스쿠나'와 몸을 공유하게 된 이타도리는 최강의 주술사인 고죠 사토루의 안내로 저주에 대항하는 전문 기관인 '도쿄 도립 주술 고등전문학교'에 편입하게 되는데... 저주를 없애기 위해 저주가 된 소년의 돌이킬 수 없는 장렬한 이야기가 움직이기 시작한다.",/pnn223i9v5kfYku6TbqdSbPePJp.jpg,False
US,미국,tv,63174,루시퍼,Lucifer,en,2016-01-25,"80,10765","범죄, Sci-Fi & Fantasy",92.0361,8.43,15600,지긋지긋한 지옥 생활을 청산하고 은퇴를 선언한 악마. LA로 와 나이트클럽을 열고 인생을 즐기던 어느 날 강력계 형사를 만나면서 새로운 삶을 살기 시작한다.,/ekZobS8isE6mA53RAiGDG93hBxL.jpg,False
US,미국,tv,4629,스타게이트 SG-1,Stargate SG-1,en,1997-07-27,"10765,10759","Sci-Fi & Fantasy, Action & Adventure",88.4293,8.268,1867,"미국 시간으로 1997년 7월 27일에 첫 방송 되었으며 자그마치 10년에 걸친 드라마이다. 스타게이트 프랜차이즈는 미국드라마 사상 군사 SF류로써는 스타 트렉에 이은 2번째로 긴 시즌+에피소드를 자랑한다. 스타게이트 프로젝트 최초의 결성팀인 SG-1팀의 활약이 주 이야기이며, SG-1은 스타게이트 시리즈 중에서도 단일 드라마로는 미국 기준으로는 스몰빌과 함께 10시즌으로 최장 방영 SF드라마이다.[1] 다만 별 의미는 없지만, 에피소드 수는 스몰빌이 더 많다.  현직 공군 참모총장 두명이 카메오로 출연하고 주연 배우인 리처드 딘 앤더슨[2]이 시리즈 종료 후 공군 명예 준장을 수여받을 정도로 미 공군과의 관계가 각별하다. 공군은 우주군의 역할도 겸하기에[3] 홍보차원에서 SF시리즈에 대대적인 지원을 해 준 것으로 보이지만 사실 10년에 걸친 시리즈 대부분에 지구측 우주선이 거의 등장하지 않는다(...)[4] 애초에 주된 스토리 라인중 하나가 바로 지구측이 우주 함대로 무장하기 위해서 기술을 확보하는 것이 주요 목표중 하나라서 지구측 우주선이 잔뜩 나오면 시리즈가 끝난다(...) 그리고 진짜 끝났다. 덕분에 대부분의 액션은 공군과는 크게 관련없는 잠입/침투나 지상작전(...) 또한 주력으로 등장하는 총기가 공항 등 후방 방어용으로 설계된 P90만 죽어라고 등장하는 이유도 공군탓도 있을듯.현실은 민간으로 구하기 쉬운것 중에서 가장 미래형 디자인으로 생겼기에(...)[5]  아포피스의 첫 지구 침투 사건을 계기로 잭 오닐은 스타게이트 보관 기지의 책임자 조지 해먼드 장군에게 불려온다. 그는 스타게이트 사령부[6]에 합류하게 되며, 최초의 팀이자 최고의 팀인 SG-1을 맡게 된다. 이 SG-1팀을 중심으로 전개된다.",/dQjmI7XxI47v8IM2MUysHG0LuU2.jpg,True
US,미국,tv,82452,아바타: 아앙의 전설,Avatar: The Last Airbender,en,2024-02-22,"10759,10765,18,10751","Action & Adventure, Sci-Fi & Fantasy, 드라마, 가족",74.7037,7.783,1310,"아바타로 밝혀진 소년이 전쟁에 휩싸인 세계를 구하려 한다. 그러기 위해서는 네 가지 원소의 힘을 마스터하고, 자신을 막으려 혈안이 된 무자비한 적에 맞서 싸워야 한다.",/toMLugPXtSiGTLmYrWKXIvbLG9R.jpg,False
US,미국,tv,60574,피키 블라인더스,Peaky Blinders,en,2013-09-12,"18,80","드라마, 범죄",85.4071,8.525,11270,"1919년 영국 버밍엄. 토마스 셸비를 주축으로 한 셸비 가문은 악명 높은 범죄 조직 ""피키 블라인더스""를 이끌고 암흑가의 정상을 차지하기 위해 수단과 방법을 가리지 않는다.",/tNywkichh1mbS8BZA6CUPB8Zqgd.jpg,False
US,미국,tv,60735,플래시,The Flash,en,2014-10-07,"18,10765","드라마, Sci-Fi & Fantasy",98.3957,7.8,11715,낙뢰 사고의 후유증으로 초인적인 스피드를 가지게 된 CSI 수사관 배리 앨런이 범죄에 맞서 싸우는 영웅 플래시로 활약하는 이야기를 그리는 드라마,/yZevl2vHQgmosfwUdVNzviIfaWS.jpg,False
US,미국,tv,57532,퍼피 구조대,PAW Patrol,en,2013-08-12,"16,10762","애니메이션, Kids",72.8193,6.985,815,"퍼피구조대 대장 라이더와 용감한 여섯마리의 강아지 구조대의 이야기. 안전한 어드벤쳐 베이를 만들기 위한 라이더 대장과 여섯마리 귀여운 강아지 구조대의 끊임없는 연습과 도전! 경찰견 체이스와 소방견 마샬, 공사견 러블, 미화견 로키에 해양구조견 주마와 하늘을 나는 스카이까지! 여섯마리 강아지의 엉뚱발랄 신나는 구조활동을 지켜봐주세요!",/juAmsE4GC6gql0L1HsDmABkLWuX.jpg,False
US,미국,tv,199001,어느 날 월터 형제들과 살게 됐다,My Life with the Walter Boys,en,2023-12-07,18,드라마,82.4948,7.8,389,"비극적인 사건으로 삶의 위기를 만난 10대 소녀. 작은 시골 마을에서 후견인의 대가족과 함께 생활하면서 사랑과 희망, 우정에 관해 새로운 깨달음을 얻는다.",/eism6aN11LXaV3wpcuvf82wwcMM.jpg,True
US,미국,tv,4656,WWE Raw,Raw,en,1993-01-11,10764,Reality,89.3726,6.8,367,WWE의 신기원을 연 획기적인 시리즈. 링 위에 오른 슈퍼스타들이 비할 데 없이 탁월한 기량과 극적인 드라마를 매주 실시간으로 선보인다.,/26v1iP77K6PySQRV0jBSnh3GtRc.jpg,False
US,미국,tv,71728,영 셸던,Young Sheldon,en,2017-09-25,"35,10751,18","코미디, 가족, 드라마",68.3097,8.026,3051,'빅뱅이론'의 주인공 셸든 쿠퍼의 어린 시절을 다룬 이야기.,/c9J6uYthPPYpBHjOVEEWg7MvMtY.jpg,False
US,미국,tv,296206,김부장,김부장,ko,2026-06-26,"10759,80,18","Action & Adventure, 범죄, 드라마",74.4886,7.931,87,"평범한 가장이자 아빠. 어느 날 딸이 흔적도 없이 실종되자, 그는 딸을 되찾기 위해 오래전 봉인해 둔 비밀 작전 기술을 다시 꺼내 든다. 하지만 곧 위험한 시선이 그를 향하기 시작한다.",/eKJNWq4akdrviR9qEF6xPhzKQU.jpg,False
US,미국,tv,1407,홈랜드,Homeland,en,2011-10-02,"18,10768,80","드라마, War & Politics, 범죄",78.5816,7.591,2648,"이라크에서 사망한 것으로 추정되는 미군 병사가 실종된 지 8년 만에 돌아온다. 그러나 귀향의 기쁨이 사그라든 후, 그가 정말로 미국의 영웅이었는지 아니면 그가 테러를 계획하는 잠복 조직의 일원이었는지에 대한 의혹이 제기된다.",/6GAvS2e6VIRsms9FpVt33PsCoEW.jpg,False
US,미국,tv,688,웨스트 윙,The West Wing,en,1999-09-22,18,드라마,64.1404,8.275,591,"1999년에 시작된 '웨스트 윙 시리즈'는 미국 정치의 중심인 백악관에 펼쳐지는 다양한 정치적 실체를 드라마로 재구성하여 현재까지 소비자들의 많은 사랑을 받고 있다. 시즌 1부터 4까지 에미상에서 TV 드라마 부문 최우수작품상을 연속 수상했던, 미드 정치드라마의 표본.",/yqDWr5NAE7m1IWrygYwLyEB6pN0.jpg,True
US,미국,tv,60059,베터 콜 사울,Better Call Saul,en,2015-02-08,"80,18","범죄, 드라마",74.8063,8.71,6721,"에미상 후보작 《브레이킹 배드》의 스핀 오프 시리즈로, 삼류 변호사 지미 맥길이 악덕 변호사 사울 굿맨으로 변하게 되는 과정을 그린다.",/4VrmpuhjCtsFNAyW8Cd1fYBKJtf.jpg,False
US,미국,tv,46296,스파르타쿠스,Spartacus,en,2010-01-22,18,드라마,75.1026,8.027,3013,"2010년 1월 Starz에서 방영을 시작한 드라마. 기원전 73년부터 2년 뒤인 기원전 71년까지 노예들을 이끌고 반(反)로마 공화정 항쟁을 지도한 노예 검투사 스파르타쿠스의 이야기를 바탕으로 각색했다. 로마의 접경시대에 살던 소수민족 트라키아의 전사였던 스파르타쿠스가 로마군에 사로잡힌 후 투기장의 노예로 팔려가지만, 극적으로 목숨을 부지하고 카푸아의 검투사 양성소에서 글래디에이터로 명성을 떨치는 이야기를 중심으로 당시 로마 귀족들의 사치와 부패, 사회상, 그리고 자유를 향한 노예 출신 등장 인물들의 갈망을 적나라하게 보여준다.",/9aehAV4zGOWad1Gz31gibjfIEnx.jpg,False
US,미국,tv,1400,사인필드,Seinfeld,en,1989-07-05,35,코미디,63.2264,8.255,2403,코미디언 제리 사인필드가 직접 자신의 삶을 무대로 연기한 드라마.  래리 데이비드(《Curb Your Enthusiasm》)와 제리 사인펠드 제작. 뉴욕에 사는 4명의 싱글 친구들이 등장하는 거침없는 시트콤. 《LA Times》는 '끝내주는 작품'이라고 평했다.,/aCw8ONfyz3AhngVQa1E2Ss4KSUQ.jpg,False
US,미국,tv,276161,참교육,참교육,ko,2026-06-05,"10759,18,35","Action & Adventure, 드라마, 코미디",72.9407,9.422,773,"선 넘는 학생, 학부모, 교사. 대한민국 교권이 무너졌다. 교육 현장을 바로잡기 위해 창설된 ‘교권보호국’. 그들의 유쾌, 상쾌, 통쾌한 참교육이 시작된다.",/bUsdsCTUUrqd1l9MZFgiJRypQG1.jpg,False
US,미국,tv,194583,워킹 데드: 데드 시티,The Walking Dead: Dead City,en,2023-06-18,"10759,18,10765","Action & Adventure, 드라마, Sci-Fi & Fantasy",71.9521,7.896,764,워킹 데드의 스핀 오프 시리즈로 매기와 네간이 매기의 납치된 아들을 찾아 본토에서 단절된 포스트 아포칼립스 맨해튼으로 향하는 여정을 담은 드라마,/wq3vuQzQgbS83zX3malAFWMsSwX.jpg,True
US,미국,tv,12225,페파 피그,Peppa Pig,en,2004-05-31,"16,10762","애니메이션, Kids",63.8906,6.6,757,"페파 피그는 엄마, 아빠, 그리고 남동생 조지와 함께 사는 활기찬 돼지입니다. 그녀는 진흙 웅덩이에 뛰어드는 것과 큰 코웃음 소리를 내는 것을 좋아합니다.",/aTaGTqkbMWoy0ef0M48qJkMltxE.jpg,False
US,미국,tv,56570,아웃랜더,Outlander,en,2014-08-09,"18,10765","드라마, Sci-Fi & Fantasy",84.0856,8.2,2944,"제2차 세계대전, 평범한 간호사가 알 수 없는 힘으로 18세기 스코틀랜드 중세시대로 타임슬립하면서 겪는 이야기.  다이애나 개벌든(Diana Gabaldon)의 인기 판타지 로맨스 소설 시리즈를 각색한 서사시적 드라마로, 시간을 초월하여 만난 두 연인의 사랑 이야기를 다룬다. 어느 날 1743년으로 시간 여행을 하게 된 20세기 종군 간호사 클레어(Claire)는 자신이 심각한 위험에 처했음을 알게 된다.",/xLvJrOTIftHwZSTlZTeu6aQUC3n.jpg,False
US,미국,tv,259140,란마1/2,らんま1/2,ja,2024-10-06,"16,10759,35","애니메이션, Action & Adventure, 코미디",61.6788,8.12,171,"텐도 아카네 앞에 초면인 약혼남 사오토메 란마가 나타난다. 게다가 천재 무술 소년 란마에겐 대반전의 비밀이 있는데. 바로, 찬물을 뒤집어쓰면 소녀로 변신하는 것.",/yOFvSq8YGKSVvnbCc6IY4PWEssa.jpg,False
US,미국,tv,38693,레고 닌자고,Ninjago: Masters of Spinjitzu,en,2012-01-11,"16,10759,10765,35,10751","애니메이션, Action & Adventure, Sci-Fi & Fantasy, 코미디, 가족",71.3387,7.974,784,"최초의 스핀짓주 마스터로 부터 내려져온, 선과 악의 대결을 종결시킬 그린닌자(로이드)를 지키기 위해, 마스터 우는 불, 번개, 얼음, 흙의 속성을 가진 원소 마스터들을 훈련시키는데....",/wz6ZqlyndVpdRayZi1gbYHWcqFi.jpg,False
US,미국,tv,60572,포켓몬스터,ポケットモンスター,ja,1997-04-01,"16,10759,10765","애니메이션, Action & Adventure, Sci-Fi & Fantasy",69.5568,7.991,2223,"관동지방의 태초마을에 살고 있는 주인공 지우는 오박사로부터 피카츄와 몬스터볼, 포켓몬도감을 받아 포켓몬 마스터를 목표로 여행을 나선다. 회색체육관, 갈색체육관 등에서 격렬한 시합과 여러 곳에서 이루어지는 포켓몬과의 만남.",/vaXQOBNdQVtxUMN96cR4qQRxmoQ.jpg,False
US,미국,tv,1450,클로저,The Closer,en,2005-06-13,"80,18,9648","범죄, 드라마, 미스터리",56.6338,7.86,346,증거가 없는 범죄의 자백을 받아내기로 유명한 LAPD 국장 브렌다가 능력을 발휘해 어려운 사건들을 해결해 나가는 과정을 그린 드라마,/q6FhABXGf3TaYKoKNwzGAEzW7bt.jpg,True
US,미국,tv,46298,헌터x헌터,HUNTER×HUNTER,ja,2011-10-02,"16,10759,10765","애니메이션, Action & Adventure, Sci-Fi & Fantasy",65.948,8.661,2166,"곤프릭스는 보물섬에 사는 어린 소년이다. 곤은 아버지가 죽었다고 알려준 ‘헌터’ 카이트로부터 가르침을 받았지만, 아버지가 어디에선가 생존하여 최고의 헌터로 목숨을 걸고 미지의 아이템, 숨겨진 보물이나 진본을 찾아 다니고 있다고 생각한다. 곤은 전문 헌터가 되기로 결심하고 섬을 떠난다. 헌터가 되기 위해서는 반드시 헌터시험을 통과해야 되는데, 그 와중에 다른 세 명의 지원자 크라피카, 레오리오, 키르아와 친구가 된다. 곤은 이 어려운 관문을 넘어서 세계 최고의 헌터가 될 수 있을까? 그리고 아버지를 만날 수 있을까?",/8YKlXBit3PlVTXf9A1ohccCf9lQ.jpg,False
US,미국,tv,42009,블랙 미러,Black Mirror,en,2011-12-04,"10765,18,9648","Sci-Fi & Fantasy, 드라마, 미스터리",65.048,8.287,6370,"인간이 지닌 최악의 본성, 최고의 혁신 등을 드러내는 연작 시리즈. 틀을 깨는 기이하고 과감한 이야기들이 펼쳐진다.",/ej7Br2B8dkZZBGa6vDE8HqATgU7.jpg,False
US,미국,tv,212989,레고 닌자고: 드래곤 라이징,LEGO Ninjago: Dragons Rising,en,2023-06-01,"16,10762,10759","애니메이션, Kids, Action & Adventure",65.8931,8.1,108,"서로 다른 세계에서 온 두 십 대. 새로이 얻은, 닌자의 힘을 바탕으로 임무에 나선다. 그건 바로, 드래곤의 생명력을 악용하려는 악당들로부터 드래곤을 지켜내는 것.",/cpKdJHbe6FIKlAbowG2ge8M8PYS.jpg,False
US,미국,tv,313101,무사피르 카페,मुसाफ़िर कैफ़े,hi,2026-07-24,18,드라마,50.7472,7.3,9,"찬데르와 수다는 거부할 수 없는 끌림을 느끼지만, 운명은 두 사람을 갈라놓는다. 스쳐 지나간 사랑은 찬데르를 무사피르 카페로 이끌고, 프리티와의 만남으로 이어진다.",/1SbKjtoRKIpVQG5iYnumnfQIqhd.jpg,False
US,미국,tv,71715,굿 걸스,Good Girls,en,2018-02-26,"18,80","드라마, 범죄",50.5093,7.82,704,빠듯한 살림과 빚잔치에 울화가 치민 세 여인. 언제까지 이렇게 살아? 동네 마트나 한 번 털고 허리 좀 펴자! 생각으로 그쳤으면 좋았을 것을 과감하게 실행에 옮긴다.,/8szusNxMjohD8YOEAOONqSl41fM.jpg,True
US,미국,tv,48891,브루클린 나인-나인,Brooklyn Nine-Nine,en,2013-09-17,"35,80","코미디, 범죄",62.662,8.209,4062,"경찰의 명예를 중시하는 원칙주의자 홀트 서장. 그 아래 재능은 물론 꼼수, 공갈, 운까지 총동원해서 어떻게든 사건을 해결해내는 듬직한(?) 형사들이 있는 곳. 브루클린 99 관할 경찰서에 오신 것을 환영합니다!",/mpjlDzVjp7oyHUe2LaF9ltKe6f1.jpg,False
US,미국,tv,207333,백년의 고독,Cien años de soledad,es,2024-12-11,"18,10765","드라마, Sci-Fi & Fantasy",73.1753,7.9,222,"시간을 초월한 마콘도 마을. 7대에 걸쳐 이곳에서 살아가는 부엔디아 가문 사람들이 사랑과 망각, 그리고 벗어날 수 없는 과거와 운명 속을 헤쳐 나간다.",/8tMVYuw7GNmrEVGSeoE6o0hk2dn.jpg,False
US,미국,tv,62688,슈퍼걸,Supergirl,en,2015-10-26,"18,10765,10759","드라마, Sci-Fi & Fantasy, Action & Adventure",57.4855,7.272,4431,재난을 막기 위해 자신의 초능력과 정체를 드러낸 카라 댄버스. 슈퍼맨의 사촌이자 슈퍼걸로 알려진 그녀가 내셔널 시티의 수호자로 나선다.,/90mSQajf4STPROA6H7Hh8OvyWdK.jpg,True
US,미국,tv,91239,브리저튼,Bridgerton,en,2020-12-25,18,드라마,49.9372,8.06,3366,진실한 애정과 끈끈한 유대로 맺어진 브리저튼 가문의 8남매. 그들이 런던의 상류사회에서 사랑과 행복을 향한 여정을 떠난다.,/a80pxtZrNSyqrME9rmFC6sZevZ7.jpg,False
US,미국,tv,119051,웬즈데이,Wednesday,en,2022-11-23,"10765,9648,35","Sci-Fi & Fantasy, 미스터리, 코미디",60.1321,8.338,10705,"똑똑함은 기본, 비꼬는 것에도 도가 튼 웬즈데이 아담스. 암울함을 풍기는 그녀가 네버모어 아카데미에서 얽히고설킨 미스터리를 파헤치기 시작한다. 새 친구도 사귀고, 앙숙도 만들며.",/oCpvKD0yuRV9OAZ8xklRy9HWc6l.jpg,False
US,미국,tv,46260,나루토,ナルト,ja,2002-10-03,"16,10759,10765","애니메이션, Action & Adventure, Sci-Fi & Fantasy",61.2974,8.363,6066,"<주간 소년 점프>에 연재되면서 폭발적인 인기를 모았던 '나루토'를 애니메이션으로 만들었다. 한국에서도 단행본이 나와 많은 인기를 얻고 있다. 나루토와 동료들이 닌자가 되기 위한 모험을 떠나는 흥미진진한 작품.   닌자 마을 중 하나인 나뭇잎 마을. 매일같이 장난만 치며 공부도 뒤쳐져서 졸업조차 불안하기만 한 문제아 나루토. 그런 그이지만 마을에서 제일 가는 닌자, '호카게'가 되고 싶다는 커다란 꿈을 지니고 있다. 하지만, 자신의 출생의 비밀을 안 나루토는 결의를 새롭게 다지고 같은 학교 학생인 사스케, 사쿠라와 함께 닌자로서의 첫 발을 내딛게 된다.",/5llYnYzA2oiTxxSi9d7RSanrwR8.jpg,True
US,미국,tv,220542,약사의 혼잣말,薬屋のひとりごと,ja,2023-10-22,"16,18,9648","애니메이션, 드라마, 미스터리",59.2631,8.619,615,독과 약에 관한 지식에 심취한 황궁의 하녀. 유곽에서 약사 노릇을 했던 경험을 살려 의문의 사건들을 하나씩 해결해 나간다.,/vy9rMVergbppBCflHJyT78dz7mz.jpg,True
US,미국,tv,76669,엘리트들,Élite,es,2018-10-05,"80,9648,18","범죄, 미스터리, 드라마",48.2171,8.004,9398,애초부터 어울리지 않는 옷이었을까. 스페인 최고의 명문 사립 학교에 전학 오게 된 세 명의 평범한 아이들. 행운을 붙잡은 줄 알았던 이들은 살인 사건에 깊이 연루된다.,/c07WqB99Igco0rua794q9k9QJYm.jpg,True
US,미국,tv,34524,틴 울프,Teen Wolf,en,2011-06-05,"10765,18,35","Sci-Fi & Fantasy, 드라마, 코미디",47.2246,8.444,4773,"어느 날 갑자기 늑대인간이 되어버린 후, 우정과 사랑을 지키며 스스로 살아남기 위해서 싸우는 고등학생 스캇의 이야기. 1985년 제작된 동명 영화를 리메이크한 작품.",/wjKBTcNy1xihmExqJI8kM2qvavP.jpg,True
US,미국,tv,210268,"미타라이 가, 불타다",御手洗家、炎上する,ja,2023-07-13,"18,9648","드라마, 미스터리",56.6706,7.117,81,"지방에서 손꼽히는 명문가이자, 대대로 병원을 경영하던 미타라이 가가 전소되는 불행한 사건이 일어난다. 원인은 아내의 허술한 불단속으로 밝혀지고, 이에 그녀는 활활 불타는 집 앞에서 무릎 꿇고 사죄하고, 가족은 뿔뿔이 흩어진다. 13년 후, 야마우치 시즈카라는 이름의 여자가 가사 도우미로 미타라이 가에서 일하기 시작한다. 그녀를 맞이한 것은 미타라이 가의 후처 미타라이 마키코. 완벽한 일솜씨로 계약을 따낸 야마우치 시즈카, 그러나 그녀가 미타라이 가에 잠입한 데에는 진짜 목적이 따로 있었다….  질투, 선망, 야심, 증오……… 그 모든 것이 얽혀 마구 뒤엉키는 본격 홈 서스펜스!!",/mv6nyCD4qUEqdDinUNbynEAIO6a.jpg,True
US,미국,tv,78191,너의 모든 것,You,en,2018-09-09,"9648,80,18","미스터리, 범죄, 드라마",47.8616,8.004,4024,위험할 만큼 강렬한 매력과 집착을 품은 남자. 그는 자신을 매료시킨 여성들의 삶에 깊숙이 스며들기 위해 극단적인 방법도 마다하지 않는다.,/5jKHUJATJDwLE7fAgH5NvTRipXS.jpg,True
US,미국,tv,1395,가십걸,Gossip Girl,en,2007-09-19,18,드라마,58.711,8.143,2336,맨해튼의 사립학교에 다니는 특권층 학생들은 만사에 제멋대로 행동하며 부유층의 특권을 누린다. 그러나 한 익명의 블로거가 이들의 행적을 사사건건 주시하고 있다.,/ssYqnhWo9sPukixdIf9XFlYM7PO.jpg,True
US,미국,tv,45790,죠죠의 기묘한 모험,ジョジョの奇妙な冒険,ja,2012-10-06,"16,10759,10765","애니메이션, Action & Adventure, Sci-Fi & Fantasy",57.8309,8.562,1632,"유서 깊은 죠스타 가문에 얽힌 기묘한 이야기를 아는가. 각기 다른 세상에서 애칭 '죠죠'를 공유하며 살아가는 주인공들. 시간적 공간적 배경은 달라도, 추구하는 가치는 다르지 않다. 악의 세력을 물리치고 정의가 이기는 세상을 만들라.",/9kav2ODiGILqV86XWSUn6g4KQq5.jpg,True
GB,영국,movie,557,스파이더맨,Spider-Man,en,2002-05-01,"28,878","액션, SF",196.2912,7.34,21036,"평범하고 내성적인 고등학생 피터 파커는 우연히 방사능에 감염된 거미에 물린다.그 후, 피터는 손에서 거미줄이 튀어 나오고 벽을 기어 오를 수 있는 거미와 같은 능력을 갖게 된다. 다가오는 위험을 본능적으로 감지하는 초감각과 엄청난 파워를 소유하게 된 것이다. 피터는 짝사랑하던 메리 제인의 관심을 끌기 위해 멋진 스포츠카를 구입하는데 초능력을 처음 사용한다. 그러다 사랑하는 벤 아저씨의 죽음을 계기로 그 힘을 악의 세력에 대항하는데 쓰기로 결심한다. 한편 피터의 절친 해리 오스본의 아버지인 노만은 실험 도중 가스에 중독되어 악의 화신 그린 고블린으로 변하는데...",/4xOhtzXGt0if74dTmS4qtizFelX.jpg,True
GB,영국,movie,1630409,채권추심원,คนเดือดทวงแค้น,th,2026-07-20,"28,53,80","액션, 스릴러, 범죄",139.9791,7.706,68,"감옥에서 출소한 후 죄책감에 시달리던 한 전직 채권 추심원이 불치병과 사투를 벌이며, 사채 피해자들을 위해 복수하기 위해 과거의 세계로 돌아온다.",/2h4ikWt6TddvIAhMdS3WGVXhaRf.jpg,False
GB,영국,movie,1510795,"Shake, Rattle & Roll: Evil Origins","Shake, Rattle & Roll: Evil Origins",tl,2026-06-05,27,공포,132.5101,3.0,4,,/3OdniYj4P7XbGb8qe2e16JK0hwO.jpg,False
GB,영국,movie,1668364,당신의 욕망,Deseo,es,2026-05-07,"9648,18","미스터리, 드라마",98.92,6.745,194,"모든 걸 다 가진 것처럼 보이는 여자. 격정적인 로맨스에 휘말리면서 걷잡을 수 없는 파국으로 치닫는다. 이를 계기로 가족을 향한 사랑이 시험대에 오르고, 결국 그녀는 가족을 지키기 위해 자신이 어떤 일까지 할 수 있는지 깨닫게 된다. 완벽해 보이는 삶을 사는 성공한 변호사 루세로. 딸의 젊은 수영 코치와 격정적인 불륜에 빠져든다. 금지된 욕망으로 시작된 관계는 이내 아슬아슬하게 유지해 온 결혼 생활과 커리어를 위협하는 불씨가 된다. 결국 루세로의 세상이 무너지면서 걷잡을 수 없는 파국이 시작되고, 가족을 향한 사랑이 시험대에 오르는데. 이제 루세로는 가족을 지키기 위해 어디까지 갈 수 있는지 자신의 한계를 마주하게 된다.",/iHcyv2w6KBlnCtcpAmgsLpA85ny.jpg,False
GB,영국,movie,102382,어메이징 스파이더맨 2,The Amazing Spider-Man 2,en,2014-04-16,"28,12,878","액션, 모험, SF",97.3268,6.551,14488,"스파이더맨의 삶에 완전히 적응한 피터 파커는 거미줄로 뉴욕을 활강하며 위험에 처한 시민들을 구해주고 사랑하는 연인 그웬과 데이트를 즐기며 행복하게 살아간다. 그러던 어느 날, 스파이더맨의 열렬한 팬이자 오스코프사의 전기 엔지니어인 맥스는 작업 중 치명적인 사고로 자신에게 엄청난 능력이 생긴 것을 발견한다. 하지만 이 능력으로 인해 뉴욕을 마비시킨 대규모 정전사태가 발생하고 사태를 해결하기 위해 나선 자신의 영웅 스파이더맨에게 공격을 당하자 배신감을 느끼고 분노하는데...",/eYaFLrKuEdzrGw6XG5ZTVciH28v.jpg,True
GB,영국,movie,949838,72시간,72 HOURS,en,2026-07-20,"35,80","코미디, 범죄",85.235,6.778,272,20대 청년들의 단체 채팅방에 실수로 초대된 마흔 살 기업 임원. 커리어를 지키기 위해 마이애미에서 열리는 광란의 총각 파티에 합류한다.,/3CgkGMUnfR2gfuvO2DUnxCOV5Vi.jpg,False
GB,영국,movie,1930,어메이징 스파이더맨,The Amazing Spider-Man,en,2012-06-23,"28,12,878","액션, 모험, SF",93.8603,6.747,18801,"어릴적 사라진 부모 대신 삼촌 내외와 살고 있는 피터 파커는 평범한 학교 생활을 하며 일상을 보내고, 같은 학교 학생 그웬 스테이시와 첫사랑에 빠져 우정과 사랑, 그리고 둘 만의 비밀을 키워나간다. 어느 날 아버지가 사용했던 가방을 발견하고 부모님의 실종사건에 대한 의심을 품게 된 그는 숨겨져 왔던 과거의 비밀을 추적하게 된다. 아버지의 옛 동료 코너스 박사의 실험실을 찾아가게 된 피터는 우연한 사고로 특별한 능력을 갖게 되고, 피터의 도움으로 연구를 완성한 코너스 박사는 자신의 숨겨진 자아인 악당 리자드를 탄생시키는데...",/a1Kup5VnmxjAHnsT3Sz7RtrC9UU.jpg,True
GB,영국,movie,559,스파이더맨 3,Spider-Man 3,en,2007-05-01,"28,12,878","액션, 모험, SF",82.0099,6.5,15479,"대중의 사랑을 듬뿍 받으며 진정한 영웅으로 거듭난 스파이더맨, 피터 파커는 어느 날, 외계에서 온 수수께끼의 유기체인 심비오트에 감염되고 스파이더맨은 오리지날 스파이더맨에서 블랙 슈트 스파이더맨으로 변화한다. 한층 업그레이드 되고 강력해진 파워를 얻게 된 스파이더맨은 자신의 힘에 도취되어 마음껏 세상을 즐긴다. 그러나 아버지의 복수를 위해 뉴 고블린이 된 해리와 물리 실험에 노출되어 능력을 얻게 된 피터의 삼촌을 죽인 진범 샌드맨은 호시탐탐 스파이더맨을 노리는데...",/9atb6Nn8TRGxfwROJGuzOD24GNl.jpg,True
GB,영국,movie,1487861,엘리지의 그림자,Elize: Sombras de uma Mulher,pt,2026-07-22,"53,80,18","스릴러, 범죄, 드라마",70.277,7.375,132,"브라질을 충격에 빠뜨린 엘리지 마쓰나가 사건에서 영감을 받은 작품. 《엘리지의 그림자》는 남편을 살해하고 시신을 훼손한 엘리지의 이야기를 픽션의 시각으로 재구성해, 파란만장한 관계의 내막과 끔찍한 범죄로 이어진 선택을 조명한다.",/rfGsWCzUDVtv9DXW0hTbZeuTA6R.jpg,False
GB,영국,movie,1007757,뒤바뀐 친구들의 신비한 모험,Swapped,en,2026-05-01,"12,16,10751,14","모험, 애니메이션, 가족, 판타지",63.4762,8.89,2063,갑자기 몸이 뒤바뀌게 된 작은 숲속 생물과 위풍당당한 새. 일생일대의 모험을 헤쳐나가기 위해 어쩔 수 없이 힘을 합친다.,/uv0iRQXDbtWHo1zPk3TZNo4Biti.jpg,False
GB,영국,movie,155,다크 나이트,The Dark Knight,en,2008-07-16,"28,80,53","액션, 범죄, 스릴러",61.5812,8.5,36295,"범죄와 부정부패를 제거하여 고담시를 지키려는 배트맨. 그는 짐 고든 형사와 패기 넘치는 고담시 지방 검사 하비 덴트와 함께 도시를 범죄 조직으로부터 영원히 구원하고자 한다. 세 명의 의기투합으로 위기에 처한 악당들이 모인 자리에 보라색 양복을 입고 얼굴에 짙게 화장을 한 괴이한 존재가 나타나 배트맨을 죽이자는 사상 초유의 제안을 한다. 그는 바로 어떠한 룰도, 목적도 없는 사상 최악의 악당 미치광이 살인광대 조커. 배트맨을 죽이고 고담시를 끝장내버리기 위한 조커의 광기 어린 행각에 도시는 혼란에 빠지는데...",/9ICUbdveP56jRoMMVkXSOr3ceyV.jpg,True
GB,영국,movie,550,파이트 클럽,Fight Club,en,1999-10-15,"18,53","드라마, 스릴러",52.1098,8.4,32547,"자동차 회사의 리콜 심사관으로 일하는 주인공은 일상의 무료함과 공허함 속에서 늘 새로운 탈출을 꿈꾼다. 그는 비행기에서 자신을 비누 제조업자라고 소개하는 타일러 더든을 만난다. 집에 돌아온 주인공은 아파트가 누군가에 의해 폭파되었음을 발견하고, 타일러에게 도움을 청해 함께 생활하게 된다. 어느 날 밤 타일러는 주인공에게 자신을 때려달라고 부탁한다. 사람은 싸워봐야 진정한 자신을 알 수 있다는 것이다. 결국 이들은 매주 토요일 밤 술집 지하에서 맨주먹으로 격투를 벌이는 파이트 클럽을 결성하기에 이르는데...",/eKZ07Ted7VHxQjbuZrRBFOamcKJ.jpg,False
GB,영국,movie,1318447,정점,Apex,en,2026-04-24,"28,53","액션, 스릴러",48.7424,6.885,1771,"슬픔에 잠긴 채 호주 오지로 모험을 떠난 여성. 홀로 자신의 한계를 밀어붙이던 중 목숨을 노리는 살인마를 맞닥뜨리고, 그가 교활하게 설계한 뒤틀린 게임에 속수무책으로 휘말린다.",/wGHGVAJGTn2BqsuFfPK8lzPiKjH.jpg,False
GB,영국,movie,803796,케이팝 데몬 헌터스,KPop Demon Hunters,en,2025-06-20,"14,10402,35,16","판타지, 음악, 코미디, 애니메이션",45.625,8.007,3065,"케이팝 슈퍼스타 루미, 미라, 조이. 매진을 기록하는 대형 스타디움 공연이 없을 때면 이들은 또 다른 활동에 나선다. 바로 비밀 능력을 이용해 팬들을 초자연적 위협으로부터 보호하는 것.",/5fqcLmrgVDicMuGLOa9PKErFP72.jpg,False
GB,영국,movie,1265609,워 머신: 전쟁 기계,War Machine,en,2026-02-12,"28,878,53","액션, SF, 스릴러",41.2676,7.44,2234,미 육군 레인저 훈련에서 마지막 혹독한 임무를 받은 전투 공병. 자신이 속한 부대를 이끌고 거대한 외계 살상 병기에 맞서 싸워야 한다.,/cfeIYPthWgq5XFZnx7cbpr7xFTp.jpg,False
GB,영국,movie,558,스파이더맨 2,Spider-Man 2,en,2004-06-25,"28,12,878","액션, 모험, SF",39.4777,7.321,16633,"우연한 사고로 특별한 능력을 갖게된 피터 파커는 대학생과 슈퍼 히어로의 신분을 오가며 짜릿한 생활을 하지만 사랑 하는 메리 제인에게조차 자신의 마음을 열 수 없는 현실은 그들을 안타까운 로맨스로 이끈다. 한편 스파이더맨에게 아버지를 잃고 복수심에 불타는 피터의 친구 해리가 연구 중 폭발로 기계촉수와 엄청난 파워를 갖게된 닥터 옥토퍼스에게 뿌리치지 못할 제안을 하면서 도시 전체가 걷잡을 수 없는 위험에 휘말리게 되고, 스파이더맨의 운명은 점차 예측불가능한 상황으로 전개되는데...",/kHY0fWF4fq1zPg7G1Pro8cTqGha.jpg,True
GB,영국,movie,13,포레스트 검프,Forrest Gump,en,1994-06-23,"35,18,10749","코미디, 드라마, 로맨스",36.7438,8.464,30137,"불편한 다리, 남들보다 조금 떨어지는 지능을 가진 포레스트 검프는 헌신적인 어머니의 보살핌과 첫사랑 제니와의 만남으로 편견과 괴롭힘 속에서도 따뜻한 마음을 지니고 성장한다. 또래들의 괴롭힘을 피해 도망치던 포레스트는 누구보다 빠르게 달릴 수 있는 자신의 재능을 깨닫는다. 그의 재능을 알아 본 대학에서 그를 미식축구 선수로 발탁하고, 졸업 후에도 뛰어난 신체능력으로 군에 들어가 무공훈장을 수여받는 등 탄탄한 인생 가도에 오르게 된 포레스트. 하지만 어머니가 병에 걸려 죽음을 맞이하고, 첫사랑 제니 역시 그의 곁을 떠나가며 다시 한 번 인생의 전환점을 맞이하게 되는데...",/l8wvbQQIBV8LBHmx3Wx9xbE2kzt.jpg,True
GB,영국,movie,49026,다크 나이트 라이즈,The Dark Knight Rises,en,2012-07-17,"28,80,18,53","액션, 범죄, 드라마, 스릴러",32.6992,7.796,24661,"배트맨이 조커와의 대결을 끝으로 세상에서 모습을 감춘 8년 후, 하비 덴트의 죽음에 대한 책임을 떠안은 배트맨은 모든 것을 희생하며 떠난다. 범죄방지 덴트법으로 인해 한동안 평화가 지속되던 고담시의 파멸을 예고하며 나타난 마스크를 쓴 잔인한 악당, 최강의 적 베인이 등장한다. 베인은 배트맨이 스스로 택한 유배 생활에 종지부를 찍게 하지만, 다시 돌아온 배트맨에게 베인은 만만한 상대가 아니다. 자신을 거부한 사람들의 고통을 지켜볼 것인가, 정의의 수호자로 나설 것인가. 배트맨은 승패를 알 수 없는 마지막 전투를 시작하려 하는데...",/eq5P71YHwwaacEYKaQ72Wxy6BlT.jpg,True
GB,영국,movie,1306368,더 립,The Rip,en,2026-01-13,"28,53,80","액션, 스릴러, 범죄",32.454,7.087,1817,"허름한 은닉처에서 수백만 달러의 현금을 발견한 마이애미 경찰. 신뢰에 금이 가기 시작하면서 모든 사람, 모든 것이 의심의 대상이 된다.",/o0d6Us9VWOW0nHhoB7ZNIwigARG.jpg,False
GB,영국,movie,572802,아쿠아맨과 로스트 킹덤,Aquaman and the Lost Kingdom,en,2023-12-20,"28,12,14","액션, 모험, 판타지",32.7417,6.51,3601,아틀란티스 왕국을 이끌 왕의 자리에 오른 아쿠아맨. 그 앞에 블랙 만타가 세상을 뒤흔들 강력한 지배 아이템 블랙 트라이던트를 손에 넣게 된다. 그동안 겪지 못 했던 최악의 위협 속 아쿠아맨은 블랙 만타와 손을 잡았던 이복 동생 옴 없이는 절대적 힘이 부족한 상황. 바다를 지배할 슈퍼 히어로가 세상의 판도를 바꾼다!,/eDps1ZhI8IOlbEC7nFg6eTk4jnb.jpg,True
GB,영국,movie,122917,호빗: 다섯 군대 전투,The Hobbit: The Battle of the Five Armies,en,2014-12-10,"28,12,14","액션, 모험, 판타지",34.6227,7.339,15571,"빌보 배긴스와 참나무 방패 소린, 난쟁이 족이 떠난 거대한 여정의 끝에 난쟁이 족은 원래 자신들의 터전이던 에레보르에 있는 엄청난 보물을 되찾지만 이는 무시무시한 용 스마우그가 호수마을의 무기력한 주민들을 공격하게 되는 결과를 낳는다. 소린은 탐욕에 서서히 눈이 멀어 우정과 명예를 저버린 채 왕의 보물 아르켄스톤을 찾는다. 암흑의 군주 사우론은 오크 군대를 보내 외로운 산에 기습 공격을 감행한다. 마침내 다섯 군대의 전투가 시작되고 빌보는 본인과 친구들의 목숨을 걸고 싸워야만 하는데...",/tLNTaP5kcH2FDQNxGu4EkOCpMjr.jpg,True
GB,영국,movie,129,센과 치히로의 행방불명,千と千尋の神隠し,ja,2001-07-20,"16,10751,14","애니메이션, 가족, 판타지",35.4782,8.534,18643,평범한 열 살 짜리 소녀 치히로 식구는 이사 가던 중 길을 잘못 들어 낡은 터널을 지나가게 된다. 터널 저편엔 폐허가 된 놀이공원이 있었고 그곳엔 이상한 기운이 흘렀다. 인기척 하나 없는 이 마을의 낯선 분위기에 불길한 기운을 느낀 치히로는 부모님에게 돌아가자고 조르지만 부모님은 호기심에 들떠 마을 곳곳을 돌아다니기 시작한다. 어느 음식점에 도착한 치히로의 부모님은 그 곳에 차려진 음식들을 보고 즐거워하며 허겁지겁 먹어대다가 돼지로 변해버린다. 겁에 질려 당황하는 치히로에게 낯선 소년 하쿠가 나타나 빨리 이곳을 나가라고 소리치는데...,/u1L4qxIu5sC2P082uMHYt7Ifvnj.jpg,False
GB,영국,movie,1124,프레스티지,The Prestige,en,2006-10-19,"18,9648,878","드라마, 미스터리, SF",32.2146,8.211,17871,"로버트 앤지어는 상류층 집안에서 자란 쇼맨십이 강한 마술사다. 반면 고아로 사람들과 잘 어울리지 못하는 알프레드 보든은 아이디어를 남들에게 보여 줄 배짱은 없지만 누구보다도 뛰어난 재능을 가진 천재이다. 두 사람은 서로를 아끼는 친구이자 선의의 경쟁자였지만, 그들이 최고라 자부했던 수중 마술이 실패로 돌아가면서 두 사람은 철천지 원수로 돌변한다. 서로 상대방 마술의 비밀을 캐내려 경쟁을 벌이는 가운데, 로버트는 알프레드의 비밀을 알아내기 위해 자신의 조수이자 사랑하는 여인 올리비아를 알프레드에게 접근하게 만든다.",/pN3H35IXZb9Aiew4BWLiloWQe7q.jpg,True
GB,영국,movie,614945,음성메시지가 도착했습니다,Voicemails for Isabelle,en,2026-06-20,"10749,35,18","로맨스, 코미디, 드라마",29.5308,8.365,746,"한 젊은 여성이 세상을 떠난 자매에게 웃기고 솔직한 음성 메시지를 남긴다. 그런데 이 메시지들이 본의 아니게 낯선 사람에게 전달되고, 그는 멀리서 그녀에게 마음을 뺏긴다.",/yOUKcPjv1cdTc2MsmXqqUwsrfOa.jpg,False
GB,영국,movie,808,슈렉,Shrek,en,2001-05-18,"16,35,14,12,10751","애니메이션, 코미디, 판타지, 모험, 가족",29.9094,7.775,19077,"성 밖 늪지대에 사는 엄청나게 못생기고 무지무지 큰 괴물 슈렉. 지저분한 진흙으로 샤워를 즐기고 동화책은 화장실 휴지 삼아 쓰는 그는 혼자만의 시간을 즐긴다.  그러던 어느 날, 자신만의 고요한 안식처에 백설공주, 신데렐라, 빗자루를 타고 다니는 마녀, 피리부는 아저씨, 피터팬, 피노키오 등등.. 동화속의 주인공들이 모두 쳐들어온다. 그 중에서도 가장 귀찮은 건 쉴새없이 떠들어대는 당나귀 덩키. 알고보니 얼굴이 몸의 반을 차지하는 1m도 안되는 숏다리 파콰드영주가 동화속의 주인공들을 다 쫓아낸것. 결국 슈렉은 파콰드영주와 담판을 지으러 떠난다.  하지만 일은 이상하게 꼬여 결국 파콰드영주 대신 불뿜는 용의 성에 갇힌 피오나 공주를 구하러 떠나게 되는데..",/hABnmgdAU3u6Nu61b9GUGaOseVl.jpg,True
GB,영국,movie,1202033,에놀라 홈즈 3,Enola Holmes 3,en,2026-06-30,"12,80,9648","모험, 범죄, 미스터리",24.8975,6.859,565,결혼식을 위해 몰타로 향하는 에놀라 홈즈. 하지만 셜록의 실종으로 위험한 사건에 휘말리게 되면서 그녀의 결혼 계획은 난관에 부딪힌다.,/zBUJQKxmTGTXGGfsWTB93sk2DV1.jpg,False
GB,영국,movie,272,배트맨 비긴즈,Batman Begins,en,2005-06-10,"18,80,28","드라마, 범죄, 액션",29.3394,7.729,22908,"브루스 웨인은 어린 시절, 부모님이 길거리에서 피살되는 것을 눈 앞에서 지켜본 후 죄의식과 분노로 늘 고통 받는다. 복수의 욕망과 부모님의 가르침 사이에서 갈등하던 그는 악을 물리칠 방법을 터득하기 위해 고담시를 떠나 홀로 세상을 유랑하던 중 듀커드라는 수수께끼의 인물을 만나 가름침을 받고, 듀커드는 브루스에게 어둠의 사도들에 가입하라는 제안을 한다. 듀커드가 속해있는 어둠의 사도들은 라스 알 굴이 이끄는 범죄 소탕 조직. 그러나 브루스는 눈에는 눈, 이에는 이라는 강경책으로 응징하는 이들의 방법이 자신과는 맞지 않음을 깨닫고 고담시로 돌아온다.",/e8MB1d69fmzyonT6mz9iQs3rhw7.jpg,True
GB,영국,movie,18785,행오버,The Hangover,en,2009-06-02,35,코미디,28.7826,7.337,18313,더그의 결혼식을 앞두고 친구 세 명은 함께 라스베가스로 총각 파티를 떠난다. 멋진 호텔에서 한껏 즐거운 밤을 보낸 이들은 아침에 친구인 더그가 사라진 사실을 알게 된다. 아무 생각도 해낼 수 없던 이들은 지난 밤 만났던 사람들에게 친구를 수소문하고 우여곡절끝에 그를 결혼식장에 데려간다.,/A0uS9rHR56FeBtpjVki16M5xxSW.jpg,True
GB,영국,movie,1509599,கட்டா குஸ்தி 2,கட்டா குஸ்தி 2,ta,2026-07-03,"35,18","코미디, 드라마",26.8719,3.625,4,,/5U8MWIk9XZ60NALyOTpyX7vXIR7.jpg,False
GB,영국,movie,1659155,믿는 자들,Los creyentes,es,2026-07-24,"53,18,9648","스릴러, 드라마, 미스터리",26.2699,5.73,63,"한동안 가족과 연을 끊고 살아온 30세 여성 루트(스테파니 마그닌). 석연치 않은 어머니의 사망 소식을 듣고 고향으로 돌아온다. 오랜만에 재회한 아버지 마르틴(호세 코로나도)은 은퇴 후 음침한 음모론에 심취한 나머지 괴팍하고 신경질적인 사람으로 변해 있다. 부녀 사이에 팽팽한 긴장이 감돌고, 아버지는 종잡을 수 없는 행동을 일삼는다. 그러자 루트는 어머니의 죽음에 아버지가 연루된 것은 아닌지 의심하기 시작한다. 살인범과 한 지붕 아래 살고 있는 것은 아닐까?",/pUvs1iFFMDy3sNp5dNmkRak1oxD.jpg,False
GB,영국,movie,1062722,프랑켄슈타인,Frankenstein,en,2025-10-17,"18,14,27","드라마, 판타지, 공포",29.1392,7.62,3674,과학자 빅터 프랑켄슈타인과 그의 손에서 탄생한 괴물이 펼치는 이야기. 고전이 된 메리 셸리의 소설을 오스카 수상 감독 기예르모 델토로가 영화화했다.,/vSMWJkBTEfa7kFxHizSz4uJNVlf.jpg,False
GB,영국,movie,298618,플래시,The Flash,en,2023-06-13,"28,878,12","액션, SF, 모험",26.2434,6.616,5138,"시공간이 붕괴된 세계, 차원이 다른 히어로가 온다! 빛보다 빠른 스피드, 물체 투과, 전기 방출, 자체 회복, 천재적인 두뇌까지 갓벽한 능력을 자랑하지만 존재감은 제로, 저스티스 리그에서 궂은일을 도맡아 하는 히어로 ‘플래시’. 어느 날 자신에게 빛보다 빠른 속도로 달리면 시공간 이동 능력이 있음을 알게 된 그는 ‘브루스 웨인’의 만류를 무시한 채 끔찍한 상처로 얼룩진 과거를 바꾸기 위해 시간을 역행한다. 의도치 않은 장소에 불시착한 ‘플래시’는 멀티버스 세상 속 또 다른 자신과 맞닥뜨리고 메타 휴먼이 흔적도 없이 사라지고 모든 것이 뒤엉킨 세상과 마주하게 된다. ‘플래시’는 자신이 알던 모습과 전혀 달라진 나이 들고 은퇴한 ‘배트맨’과 크립톤 행성에서 온 ‘슈퍼걸’의 도움으로 외계의 침공으로부터 시간과 차원이 붕괴된 지구를 구하려 나서는데…",/wgjojKrLVoeWhx0C22YjdAkizgH.jpg,True
GB,영국,movie,49521,맨 오브 스틸,Man of Steel,en,2013-06-12,"28,12,878","액션, 모험, SF",25.234,6.657,16421,"무리한 자원 채취로 크립톤 행성의 종말이 다가오자 조드 장군은 반란을 일으켜 자신들만의 왕국을 건설하려 한다. 이에 반대한 조엘은 크립톤인의 유전자 정보가 담긴 코덱스를 빼돌려 이를 갓 태어난 자신의 아들 칼엘과 함께 지구로 보내고, 반란에 실패한 조드 장군은 감옥에 갇힌다. 지구에 도착한 칼엘은 뒤늦게 자신의 정체를 알아내지만 감옥에서 탈출한 조드 장군의 공격을 받는다. 조드 장군은 코덱스를 되찾아 지구에 새로운 왕국을 건설하려 하고클라크 켄트는 자신을 그토록 괴롭혔던 지구인을 지키기 위해 조드 장군과 전면 승부를 벌인다.",/8Qx9fp2lZJU4v67jks6MmOMBCQg.jpg,False
GB,영국,movie,546554,나이브스 아웃,Knives Out,en,2019-11-27,"35,80,9648","코미디, 범죄, 미스터리",25.5163,7.84,14262,"미스터리 소설의 대가인 작가 할란이 자신의 85살 생일에 자신의 방에서 날카로운 단검으로 목이 그인 채 발견된다. 외딴 저택에 모인 할란의 간병인과 자식 내외, 그리고 3세들은 유산 상속을 놓고 대거 혼란에 빠진다. 파견된 형사들은 가족과의 면담을 할 수록 자살로 의견이 모이지만, 면담 중 멀찍이 떨어져 상황을 전망하는 푸른 눈의 사내는 형사들마저 압도하며 심문을 주도해나간다. 남자의 이름은 바로 브누아 블랑. 챔피언 사건을 해결해서 이름이 높아진 유명한 사립탐정이다.",/7brBiaaH1sToGV1YBi5EIUnyjo0.jpg,False
GB,영국,movie,519182,슈퍼배드 4,Despicable Me 4,en,2024-06-20,"16,35,28,878,10751","애니메이션, 코미디, 액션, SF, 가족",25.5294,6.979,3304,"슈트-업 하고 악당 전담 처리반 AVL이 된 에이전트 미니언즈와 미니언즈 만큼 귀여운 그루 주니어가 태어나면서 더욱 완벽해진 그루 패밀리. 이들 앞에 과거 그루의 고등학교 동창이자 그에게 체포당했던 빌런 맥심이 등장하고, 오직 그루를 향한 복수심에 불타올라 탈옥까지 감행한 맥심은 그루 패밀리의 뒤를 바짝 추격하며 위협을 가하기 시작하는데... 과연 에이전트 미니언즈와 그루 패밀리는 맥심을 막아낼 수 있을까?",/vZmCFVff9JySHTUp9zbYUIAcxzc.jpg,True
GB,영국,movie,1396749,와일드 씽,와일드 씽,ko,2026-06-03,"35,10402","코미디, 음악",24.1277,5.941,17,"한때 가요계를 휩쓸었지만 예기치 못한 사건에 휘말려 하루아침에 해체된 3인조 혼성 댄스 그룹 트라이앵글. 20년 만에 리더 현우에게 재기의 발판이 될 트라이앵글 공연 제안이 들어오고, 인생의 마지막 기회를 잡기 위해 멤버들을 찾아 나선다. 생계형 방송인이 된 현우, 재벌가 며느리가 된 도미, 솔로 앨범으로 빚더미에 앉은 상구까지 세 사람은 다시 모여 공연장으로 향하지만, 과거 트라이앵글의 라이벌 발라드 왕자 성곤과 악연으로 얽힌 전소속사 박대표까지 나타나며 상황은 점점 걷잡을 수 없이 꼬여가는데…",/s4IUDzLZJb4CosgEXcmouY32Jfg.jpg,False
GB,영국,movie,9502,쿵푸팬더,Kung Fu Panda,en,2008-06-04,"28,16,35,10751","액션, 애니메이션, 코미디, 가족",24.5784,7.332,12838,"평화의 계곡에서 아버지의 국수 가게를 돕고 있는 팬더 포. 아버지는 국수의 비법을 알려주어 가업을 잇게 하고 싶지만, 포의 관심사는 오로지 쿵푸 마스터. 가게 일은 뒷전으로 하고 쿵푸의 비법이 적힌 용문서의 전수자를 정하는 무적의 5인방 대결을 보러 시합장을 찾은 포. 그런데 마을의 현인 우그웨이 대사부가 포를 용문서의 전수자로 점지하는 이변이 일어난다. 무적의 5인방은 물론 시푸 사부 역시 이 사태를 받아들이지 못하는 가운데, 용문서를 노리고 어둠의 감옥에서 탈출한 타이 렁이 마을을 습격해오자 그를 막아야 하는 미션이 포에게 떨어지는데...",/c3Dzd3A3QE0LkKb5HMOHTzs2Fyg.jpg,False
GB,영국,movie,1330021,아쿠아리움이 문을 닫으면,Remarkably Bright Creatures,en,2026-05-07,"18,9648","드라마, 미스터리",24.2445,8.478,811,작은 마을의 아쿠아리움에서 야간 근무를 하는 여자. 남편과 사별한 그녀는 영리한 문어와 삶의 방향을 잃은 젊은 남자와 친구가 된다. 베스트셀러를 원작으로 한 감동적인 드라마 영화.,/mUt0SnTp0oAN38BHD7NGX8hmwAT.jpg,False
GB,영국,movie,313369,라라랜드,La La Land,en,2016-12-01,"35,18,10749","코미디, 드라마, 로맨스",25.4163,7.9,18300,"차들로 빽빽이 들어찬 LA의 고속도로. 거북이 걸음이던 도로가 뚫리기 시작하지만 미아 지금 손에 든 연기 오디션 대본을 놓지 못한다. 세바스찬은 경적을 누르며 미아를 노려보고는 사라진다. 악연의 시작. 이후 미아는 감미로운 피아노 선율에 이끌려 재즈바로 향하는데, 연주자가 바로 세바스찬이다. 미아가 세바스찬에게 인사를 건네려고 다가가던 순간은 하필 그가 재즈바의 레퍼토리를 무시하고 연주한 탓에 해고된 직후. 세바스찬은 인사를 건네려 다가온 미아를 쌩하니 스쳐 지나가버린다. 세 번째로 두 사람은 파티에 온 손님과 출장 밴드의 키보드 연주자로 다시 만나는데...",/ad9ndytwOckyShSc0A6tx1rZRkW.jpg,True
GB,영국,movie,1100782,스마일 2,Smile 2,en,2024-10-16,"27,10402,9648,53","공포, 음악, 미스터리, 스릴러",24.3366,6.584,2260,월드투어를 앞두고 자신의 눈 앞에서 기괴한 미소와 함께 끔찍한 죽음을 맞은 친구를 목격한 팝스타 ‘스카이’. 그 날 이후 공연 리허설과 팬 미팅 행사 등 그녀의 삶 곳곳에서 끔찍한 일들이 잇따라 발생한다. 화려한 스타의 삶을 뒤덮은 공포에서 벗어나기 위해 몸부림치던 ‘스카이’는 자신이 죽어야만 전염처럼 번지는 저주가 끝난다는 사실을 듣게 되는데…,/4nQk1OgbtdnKYMEQiOwwMB4yGxn.jpg,False
GB,영국,movie,111,스카페이스,Scarface,en,1983-12-09,"28,80,18","액션, 범죄, 드라마",22.7914,8.154,13250,"1980년 5월 쿠바가 마리엘 항을 개항하여 반카스트로 지지자들이 미국 플로리다에 입항한다. 토니 몬타나와 마니리베라도 이민 수용소로 보내진다. 3개월 후 마니가 수용소에 있는 레벤가라는 자를 살해해 주면 신분증을 입수해 주겠다는 일을 받아 수용소에 폭동을 일으켜 레벤가를 암살한다. 접시닦이로 근근히 살아가던 토니는 프랭크의 부하로부터 콜롬비아 마약상과의 거래일을 맡았다가 위험천만한 위기를 넘긴다. 그 사건을 계기로, 토니는 프랭크의 신임을 얻고 그의 부하가 되지만, 수 개월 후 결국 자신을 없애려는 프랭크를 죽이고 조직을 장악, 보스 자리에 오르는데...",/zx7sXrMISbs8RI4URbjPyKocRgP.jpg,False
GB,영국,movie,24,킬 빌: 1부,Kill Bill: Vol. 1,en,2003-10-10,"28,80","액션, 범죄",24.0267,8.0,19200,"어느 한적한 오후, 행복한 결혼식을 앞둔 더 브라이드와 그녀의 신랑, 그리고 모든 하객들이 의문의 조직에 의해 처참하게 살해당한다. 그로부터 5년 후, 코마상태의 더 브라이드는 죽음 직전까지 갔다가 어렵게 깨어난다. 그리고 피로 얼룩진 과거가 그녀의 뇌리에 스치면서 서서히 복수의 리스트를 작성하기 시작한다. 그녀는 전세계적으로 악명높은 살인조직 데들리 바이퍼의 일원이었고, 조직의 보스인 빌을 포함한 5명의 일원이 새로운 삶을 앞둔 그녀를 처참하게 무너뜨렸음이 밝혀지자, 그녀는 텍사스, 멕시코, 일본을 방문하며 가장 잔인한 복수를 실행하게 되는데...",/lH82lk837fACeVZUmqHH0UiEeWL.jpg,False
GB,영국,movie,4935,하울의 움직이는 성,ハウルの動く城,ja,2004-09-09,"14,16,12","판타지, 애니메이션, 모험",25.0018,8.388,11267,"19세기 말 마법과 과학이 공존하고 있는 세계 앵거리. 소피는 돌아가신 아버지의 모자상점에서 쉴틈없이 일하는 18살 소녀이다. 어느 날 오랫만에 마을로 나간 소피는 우연히 하울을 만나게 된다. 하울은 왕실 마법사로서 핸섬하지만 조금 겁이 많은 청년이다. 황무지 마녀는 두 사람의 사이를 오해, 주문을 걸어 소피를 90살의 늙은 할머니로 만들어 버린다. 가족을 걱정한 소피는 집을 나오게 되고 황무지를 헤매다가 하울이 사는 성에서 가정부로 낯선 생활을 시작한다. 4개의 다리로 걷는 기괴한 움직이는 성 안에서 하울과 소피의 기묘한 사랑과 모험이 시작되는데...",/xiz6TiSduvR1U3VLfWVlBEdT9fO.jpg,False
GB,영국,movie,1317149,멈출 수 없는 말,I Swear,en,2025-09-22,"18,36","드라마, 역사",23.4514,8.222,431,"스코틀랜드 활동가 존 데이비드슨의 실화에 기반한 작품. 투렛 증후군을 가진 한 남자가 주변 동료들로부터 용기를 얻고, 거침없는 목소리로 편견에 맞서는 이야기를 그린다.",/vUwyhNWBKkSwK8ELvEeBRwV724h.jpg,False
GB,영국,movie,1740877,Storm on Sesame Street,Storm on Sesame Street,en,2026-08-03,"10751,16","가족, 애니메이션",36.8099,0.0,0,,/w4GrHRGgRQOYG95f2oVLYzGJ4Md.jpg,True
GB,영국,movie,333339,레디 플레이어 원,Ready Player One,en,2018-03-28,"12,28,878","모험, 액션, SF",24.3884,7.589,17170,"2045년, 암울한 현실과 달리 가상현실 오아시스에서는 누구든 원하는 캐릭터로 상상하는 모든 걸 할 수 있다. 웨이드 와츠의 유일한 낙은 오아시스에 접속하는 것. 어느 날 오아시스의 창시자인 괴짜 천재 제임스 할리데이는 자신이 가상현실 속에 숨겨둔 3개의 미션에서 우승하는 사람에게 오아시스의 소유권과 막대한 유산을 상속한다는 유언을 남기고, 그가 사랑했던 80년대 대중문화 속에 힌트가 있음을 알린다. 와츠가 첫 번째 수수께끼를 푸는 데 성공하자 이를 저지하기 위해 현실에서 살인도 마다하지 않는 IOI라는 거대 기업이 뛰어드는데...",/j4TIfwFrm8WnckByTnMFEAuIVju.jpg,True
GB,영국,movie,6479,나는 전설이다,I Am Legend,en,2007-12-12,"18,878,53","드라마, SF, 스릴러",23.2571,7.221,17102,바이러스 감염으로 전 인류가 사망하고 홀로 뉴욕에 살아 남은 과학자 로버트 네빌(윌 스미스). 혹시라도 있을 다른 생존자를 찾아 절박한 심정으로 네빌은 3년 동안 방송을 송신해 왔다. 마침내 그는 혼자가 아니라는 것을 알게 되는데...,/yvaDfiS0DzsHDWBjlqxo6CPgDVJ.jpg,False
GB,영국,movie,809,슈렉 2,Shrek 2,en,2004-05-19,"16,35,10751,14,10749","애니메이션, 코미디, 가족, 판타지, 로맨스",22.5635,7.327,13626,"더 크고 신나는 세상! ""겁나먼"" 왕국에서 펼쳐지는 끝없는 상상!  꿈결같은 허니문에서 돌아온 슈렉과 피오나. 이 행복한 녹색 커플은 ""겁나먼"" 왕국의 왕과 왕비인 피오나의 부모님으로부터 초청장을 받는다. 드디어 도착한 왕국에는 모든 시민들이 기대에 부풀어 그들을 기다리고 있는데... 덜리는 맘으로 슈렉이 모습을 드러내는 순간, 멋진 왕자를 기대했던 모든 이들은 기절초풍! 초록색이 되어버린 공주는 말할 것도 없이 말이다. 발칵 뒤집힌 ""겁나먼"" 왕국. 이제 이 충격적인 사건을 해결하기 위해 만만치 않은 강적들이 속속 등장한다. 업계 1위의 괴물 전문 킬러 '장화신은 고양이', 퍼펙트한 외모의 왕자 '프린스 챠밍', 신비한 힘을 가진 요정 대모까지. 성가신 건 질색인 슈렉에게 터져버린 대형 사고! 또 다시 의도하지 않은 사건에 휘말린 슈렉 패밀리 앞에 상상할 수 없는 예측 불허의 모험들이 펼쳐지는데...",/2yYP0PQjG8zVqturh1BAqu2Tixl.jpg,True
GB,영국,movie,615656,메가로돈 2,Meg 2: The Trench,en,2023-08-02,"28,878,27","액션, SF, 공포",23.3687,6.374,4045,"전 세계에서 가장 깊은 마리아나 해구, 역사상 가장 거대하고 무자비한 포식자가 도사리는 그곳에서 강철 다이버 '조나스'(제이슨 스타뎀)가 더 맹렬하게 돌아온 '메가로돈'과 짜릿한 대결을 펼치는 액션 어드벤처",/cbAHK6Vrt0GClMRUxH8TsgC2JqL.jpg,True
GB,영국,movie,490132,그린 북,Green Book,en,2018-11-16,"18,35,36","드라마, 코미디, 역사",22.1929,8.225,13065,"1962년 미국, 입담과 주먹만 믿고 살아가던 토니 발레롱가는 교양과 우아함 그 자체인 천재 피아니스트 돈 셜리의 운전기사 면접을 보게 된다. 백악관에도 초청되는 등 미국 전역에서 콘서트 요청을 받으며 명성을 떨치고 있는 돈 셜리는 위험하기로 소문난 미국 남부 투어 공연을 떠나기로 결심하고, 투어 기간 동안 자신의 보디가드 겸 운전기사로 토니를 고용한다. 거친 인생을 살아온 토니와 교양과 기품을 지키며 살아온 돈. 생각, 행동, 말투, 취향까지 달라도 너무 다른 두 사람은 그들을 위한 여행안내서 그린북에 의존해 특별한 남부 투어를 시작하는데...",/dyqQ12gZGwl5Y0R9UsLBDkZWOUA.jpg,True
GB,영국,movie,49051,호빗: 뜻밖의 여정,The Hobbit: An Unexpected Journey,en,2012-12-12,"12,14,28","모험, 판타지, 액션",21.5428,7.38,19862,"호빗족 빌보 배긴스는 어느 날 찾아온 회색의 마법사 간달프로부터 뜻밖의 제안을 받는다. 오래 전 난쟁이족의 영토였지만 무시무시한 용 스마우그에게 빼앗겨 지금은 황무지로 변한 동쪽의 외로운 산 에레보르 왕국을 되찾기 위해 함께 떠나자는 것. 빌보는 전설의 용사 소린이 이끄는 13명의 난쟁이족과 함께 위험 가득한 여정에 오른다. 외로운 산에 가기 위해서 반드시 거쳐야 하는 고블린 동굴에서 일행과 떨어져 헤매던 빌보는 그의 일생을 뒤바꿔놓는 존재인 골룸과 마주치게 되고, 골룸과의 수수께끼 대결 중에 대단한 힘을 지닌 골룸의 보물 절대반지를 얻게 되는데...",/vtsequVUU3W2NVfWObXkq31VIgN.jpg,True
GB,영국,movie,168259,분노의 질주: 더 세븐,Furious 7,en,2015-04-01,"28,80,53","액션, 범죄, 스릴러",22.7586,7.216,11401,"도미닉과 멤버들은 범죄조직 소탕 후 모든 전과를 사면 받고 평범한 일상으로 돌아간다. 하지만 평화도 잠시, 전작에서 처리한 범죄조직의 리더 오웬 쇼의 형 데카드 쇼가 동생의 복수를 위해 멤버들을 차례로 공격한다. 특수부대 출신 용병 데카드 쇼의 난입으로 한이 갑작스레 사망하게 되고, 도미닉의 집은 순식간에 폭파당한다. 이에 맞서는 정부요원 페티는 도미닉을 돕는 조건으로 납치당한 해커 램지의 구출을 의뢰하고, 도미닉은 멤버들을 다시 모아 숨막히는 반격을 시작한다.",/cuQdgDYANbKA46e4va2fz6fODkc.jpg,False
GB,영국,movie,329865,컨택트,Arrival,en,2016-11-10,"18,878,9648","드라마, SF, 미스터리",22.4425,7.631,19642,"어느 날 전 세계 12개 지역에 외계 비행물체 셸이 동시다발로 출현한다. 450m에 달하는 거대 비행체가 가만히 서 있을 뿐 어떤 행동도 하지 않자 각국 정부는 각자의 방식으로 외계인과 접촉을 시작하지만, 완전히 다른 언어 체계 때문에 첫 단계부터 난항을 겪는다. 미국 정부의 요청을 받은 언어학자 루이스와 물리학자 이안은 말과 글이 통하지 않는 상황에서, 신체의 모든 기관과 감정을 이용해 미지의 생명체와 대화를 시도하고 서로의 문자를 배워나간다. 마침내 대화의 물꼬가 트이게 되지만 그때부터 루이스는 이해하기 어려운 환상을 연이어 보기 시작하는데...",/yHEMUTIYZFHN3jjkKmTFrvhj64a.jpg,True
GB,영국,movie,254128,샌 안드레아스,San Andreas,en,2015-05-27,"28,18,53","액션, 드라마, 스릴러",21.9574,6.249,9117,"샌 안드레아스 단층이 마침내 끊어져 규모 9의 강진이 발생하자 구조헬기 조종사 드웨인 존슨은 사이가 멀어진 아내와 함께 외동딸을 구하기 위해 최악의 상황 속으로 뛰어든다. 세상이 무너지는 마지막 순간, 당신은 어디에서 누구와 함께 할 것인가!",/2ApoIxn6Bmtcj7BSXd8Cuyvd1QY.jpg,True
GB,영국,movie,812583,나이브스 아웃: 웨이크 업 데드 맨,Wake Up Dead Man: A Knives Out Mystery,en,2025-11-26,"53,9648,35","스릴러, 미스터리, 코미디",21.6417,7.2,2717,브누아 블랑이 탐정 인생을 통틀어 가장 위험한 사건으로 돌아온다.어두운 과거를 지닌 작은 마을의 성당. 그곳에서 불가사의한 범죄가 발생한다. 그러자 브누아 블랑 탐정이 신실한 젊은 신부와 함께 수사에 나선다.,/qFXkslzkBIihZnwyYal9WnQ9OTe.jpg,True
GB,영국,movie,1402,행복을 찾아서,The Pursuit of Happyness,en,2006-12-14,18,드라마,22.4489,7.886,10744,"미국 샌프란시스코. 의료기 세일즈맨 크리스 가드너(윌 스미스)는 여기저기 열심히 뛰어다니지만 한물간 의료기기는 좀처럼 팔리지 않는다. 아들 크리스토퍼(제이든 스미스)는 엉터리 유치원에서 하루종일 엄마를 기다리다 잠들기 일쑤. 세금도 못내는 형편에 자동차까지 압류당하자 참다 지친 아내마저 두사람을 떠나버린다. 살던 집에서도 쫓겨난 크리스와 크리스토퍼. 이제 지갑에 남은 전재산이라곤 달랑 21달러 33센트 뿐.  전재산 21달러…  돌아갈 집도 없지만 꿈이 있다면 지켜내야 한다!  극한 상황에서도 크리스토퍼를 보살피던 크리스는 빨간색 페라리를 모는 성공한 주식중개인을 만나 ‘남이 할 수 있다면, 나도 할 수 있다’는 희망과 함께 주식중개인 인턴에 지원한다. 덜컥 붙긴 했지만 땡전 한푼 못받는 무보수에 60대 1이라는 엄청난 경쟁을 이겨내야 하는 혹독한 과정. 학력도 경력도 내세울 것 없지만 크리스는 아들과 함께 노숙자 시설과 지하철 화장실을 전전하는 어려움 속에서도 행복을 찾기 위한 위한 마지막 기회에 도전하게 되는데…",/uRMMtYZkWyqsc4AO4aCoHBbZSwL.jpg,True
GB,영국,movie,829557,365일: 오늘,365 dni: Ten dzień,pl,2022-04-26,"10749,18","로맨스, 드라마",21.6186,5.95,1861,"재결합하여 그 어느 때보다도 열렬한 관계를 이어가는 라우라와 마시모. 하지만 마시모의 가족 관계, 그리고 라우라의 마음을 얻으려는 수수께끼의 남자로 인해 삶이 복잡해진다.",/nzrh7HhednL8gp08zR1rY3OAImC.jpg,True
GB,영국,movie,10625,퀸카로 살아남는 법,Mean Girls,en,2004-04-30,"18,35","드라마, 코미디",20.7068,7.227,9572,동물학자인 아버지를 따라 아프리카에서 성장한 케이디는 일리노이즈의 고등 학교로 전학을 오게 된다. 케이디가 전학 온 고등학교에는 레지나라는 퀸카가 그녀의 매력을 주무기로 학교의 여왕으로 군림을 하고 있었다.  레지나는 케이디가 지닌 미모와 지성이 자신이 누리고 있는 교내 '여왕벌'의 위치를 위협할 수 있다고 판단하고 그녀를 감시할 목적으로 케이디에게 접근을 하여 둘은 친구가 된다. 케이디는 수학시간에 만난 남학생 애런 사무엘에게 한눈에 반하여 그와 사귀려는 노력을 하지만 그는 바로 레지나의 헤어진 남자 친구였다. 케이디가 애런에게 관심이 있는 것을 안 레지나는 고의로 그들의 사이를 방해하고 케이디에게 모욕감을 느끼게 한다. 이 일을 계기로 케이디는 레지나를 극도로 미워하게 되고 둘 사이에는 서로상대를 꺽기 위한 숨막히는 권모술수가 동원된 팽팽한 대결이 시작되는데.,/6WcZxeBF5rOrTr7cocljvu3ET77.jpg,True
GB,영국,movie,1057265,పెద్ది,పెద్ది,te,2026-06-03,"28,18","액션, 드라마",20.2095,5.867,64,,/kJAJNNBYlbqAcpTDxBNnaILSMTy.jpg,True
GB,영국,movie,281957,레버넌트: 죽음에서 돌아온 자,The Revenant,en,2015-12-25,"37,18,12","서부, 드라마, 모험",21.9872,7.541,19529,"서부 개척시대 이전인 19세기 아메리카 대륙, 전설적인 모피 사냥꾼인 휴 글래스 는 아들 호크를 데리고 동료들과 함께 사냥하던 중 회색곰에게 습격 당해 사지가 찢긴다. 하지만 돈에 눈이 먼 비정한 동료 존 피츠 제럴드 는 아직 살아 있는 휴를 죽이려 하고, 아들 호크가 이에 저항하자 호크마저 죽인 채 숨이 붙어 있는 휴를 땅에 묻고 떠난다. 눈 앞에서 하나뿐인 아들의 죽음을 목격한 휴는 처절한 복수를 위해 부상 입은 몸으로 배신자 존 피츠제럴드의 뒤를 쫓아 300km가 넘는 광활하고 거친 야생에서 인간의 한계에 도전하는데...",/8LqhLTQHb3fJn4ddZtQva03cKC.jpg,True
GB,영국,tv,5920,멘탈리스트,The Mentalist,en,2008-09-23,"80,18,9648","범죄, 드라마, 미스터리",282.3209,8.374,4510,"2008년 9월 CBS에서 방영을 시작한 범죄심리수사물. 예리한 관찰력과 날카로운 추리력을 가진 패트릭 제인은 사람들의 행동을 관찰해서 그 마음을 읽는 능력을 이용하여 돈벌이를 하며 살아가고 있었다. 그러다가 한 방송에서 연쇄살인범 레드존에 대한 언급을 하게 되고, 그로 인해 아내와 딸이 레드존에게 죽임을 당한다. 그 후 제인은 레드존에 대한 정보를 얻기 위해 CBI(캘리포니아 연방수사대)를 찾아가게 되고, 우연히 그들의 수사를 돕게 되면서 수사대의 자문위원이 되고 각종 범죄를 해결하며 레드존을 잡기 위한 정보도 취합해 간다.",/82hq7b8rPG0TFTV4SJk8Zfxj24H.jpg,False
GB,영국,tv,113962,라이어니스: 특수 작전팀,Lioness,en,2023-07-23,"18,10768","드라마, War & Politics",243.8309,8.015,1300,"테러리스트를 제거하기 위해 조직 내부에 침투해야하는 실존하는 CIA 팀, ‘라이어니스'의 이야기를 다룬다. 팀의 수장이자 두 딸의 엄마인 ‘조’. 그녀는 국가의 명령을 수행하면서도 테러 조직에 잠입한 팀원 ‘크루즈’의 생명까지 지켜야 한다. 동시에 엄마로서의 책임까지 지켜내야 하는데. 과연 그녀는 무엇을 위해 싸울 것인가.",/rzpHPSEgPTpRs8EHbygwsOw7jC0.jpg,True
GB,영국,tv,2734,로 앤 오더: 성범죄전담반,Law & Order: Special Victims Unit,en,1999-09-20,"80,18,9648","범죄, 드라마, 미스터리",266.8222,7.959,4308,추악한 성범죄를 수사하는 뉴욕 경찰 성범죄전담수사반의 활약을 그린 드라마.,/iofokHZoUB4Qhik4PflvJl8TT6a.jpg,False
GB,영국,tv,79744,루키,The Rookie,en,2018-10-16,"80,18,35","범죄, 드라마, 코미디",250.4278,8.547,3440,이혼 후 은행 강도를 당한 일을 계기로 LAPD에 지원한 40세의 최고령 신입을 중심으로 펼쳐지는 이야기,/9wz0GDLxCdKVCRfeBo951WETopv.jpg,False
GB,영국,tv,60625,릭 앤 모티,Rick and Morty,en,2013-12-02,"16,35,10765,10759","애니메이션, 코미디, Sci-Fi & Fantasy, Action & Adventure",216.1674,8.681,11237,술에 절어 사는 천재 과학자 릭은 투정이 심한 10대 손자 모티를 데리고 외계와 대체 현실로 아슬아슬한 모험을 떠난다.,/owhkU6KRqdXoUQpjV8uyZGPtX58.jpg,False
GB,영국,tv,65334,미라큘러스 레이디버그,"Miraculous, les aventures de Ladybug et Chat Noir",fr,2015-10-19,"10759,16,10762","Action & Adventure, 애니메이션, Kids",217.7688,8.057,4633,"프랑스 파리를 배경으로, 백인 아버지와 중국인 어머니 사이에서 태어난 중국계 프랑스인 소녀, 마리네트 청이 ‘레이디버그’로 변신해 악당으로부터 파리를 지키는 내용이다.",/2StXCVS3mm09HwRBWsee3QCz3TM.jpg,False
GB,영국,tv,1396,브레이킹 배드,Breaking Bad,en,2008-01-20,"18,80","드라마, 범죄",191.6317,8.947,18315,2008년 1월 AMC에서 방영을 시작한 범죄 스릴러. Breaking Bad는 막가기를 뜻하는 미국 남부 지방의 속어이다. 한때 노벨화학상까지 바라 볼 정도로 뛰어난 과학자였던 고등학교 화학 교사 월터 화이트는 자신의 50세 생일 날에 폐암 3기 진단을 받는다. 어느 날 동서와 함께 마약 단속 현장을 참관한 그는 현장에서 달아나는 옛 제자 제시를 발견한다. 뇌성마비에 걸린 고등학생 아들과 임신한 아내를 위해 제시에게 동업을 제의한 월터는 자신의 화학지식을 이용해 전례없는 고순도 고품질의 메스암페타민을 제조한다.,/anFx9aTOOYqgS3v7x3R84Kz67ly.jpg,False
GB,영국,tv,1408,하우스,House,en,2004-11-16,18,드라마,166.0173,8.566,7764,"2004년 11월 FOX에서 방영을 시작한 미스터리 의학 시리즈. 프린스턴 플레인즈보로 대학병원의 진단의학과 과장인 그레고리 하우스는 환자들을 성심성의껏 돌보는 데는 영 꽝인 의사. 사사건건 병원 원장인 리사 커디와 부딪히는 그는 못된 매너와 그 매너를 더욱 돋보이게 하는 외모로 유명하지만, 또한 창조적인 생각과 결점없는 의학적 본능을 유감없이 발휘하는 최고의 의사이기도 하다. 천재적인 분석능력을 갖춘 전염병 전문의로서 그가 이제 인명을 살리기 위한 흥미롭고 미스터리한 의학의 퍼즐을 풀어간다.",/3Cz7ySOQJmqiuTdrc6CY0r65yDI.jpg,False
GB,영국,tv,34307,쉐임리스,Shameless,en,2011-01-09,"18,35","드라마, 코미디",155.5561,8.167,3423,미국 시카고 후미진 마을에서 힘겹게 살고 있는 싱글 대디 프랭크와 총명하고 독립적인 그의 여섯 자녀들의 리얼한 이야기,/9ZTivNsXHQWVq578CIsvsM5zd08.jpg,False
GB,영국,tv,94664,무직전생 ~이세계에 갔으면 최선을 다한다~,無職転生 ～異世界行ったら本気だす～,ja,2021-01-11,"10759,16,10765","Action & Adventure, 애니메이션, Sci-Fi & Fantasy",149.1897,8.469,1634,"'나는 이 세계에서 최선을 다하겠어!' 34세 총각에 무직인 방구석 폐인이었던 남자. 그는 부모님의 장례식 날에 집에서 쫓겨나 트럭에 치여 목숨을 잃었다. 다시 눈을 떴을 때 그는 검과 마법이 존재하는 이세계에서 아기로 다시 환생해 있었다! 쓰레기처럼 살아온 남자는 소년 루데우스로서 이세계에서 최선을 다해 살아가기로 맹세한다! 루데우스를 기다리는 것은 로리 마술사, 엘프 귀를 가진 소꿉친구, 흉포한 새침데기 아가씨와 그 외 다양한 인간들과의 만남. 그리고 가혹한 모험과 전투. 그의 새로운 인생이 움직이기 시작한다! '인생 재시작' 판타지, 개막!",/bKGRbhv6ivalbt9sMniyxLVGnUZ.jpg,False
GB,영국,tv,66732,기묘한 이야기,Stranger Things,en,2016-07-15,"10759,9648,10765","Action & Adventure, 미스터리, Sci-Fi & Fantasy",138.0794,8.556,21593,"인디애나주의 작은 마을에서 행방불명된 소년. 이와 함께 미스터리한 힘을 가진 소녀가 나타나고, 마을에는 기묘한 현상들이 일어나기 시작한다. 아들을 찾으려는 엄마와 마을 사람들은 이제 정부의 일급비밀 실험의 실체와 무시무시한 기묘한 현상들에 맞서야 한다.",/mpOQpOKdo2XJnTqRzo1lTmDNsc1.jpg,False
GB,영국,tv,1911,본즈,Bones,en,2005-09-13,"80,18","범죄, 드라마",113.9606,8.185,3545,"워싱턴 D.C.의 제퍼소니안 재단의 연구소 소속 법인류학자인 템퍼런스 브레넌 박사와 FBI 워싱턴 지국 요원인 실리 부스, 그리고 브레넌 박사의 팀이 뼈만 남다시피한 시신을 조사해 해결하는 내용으로 실제 법인류학자인 '캐시 라익스'의 소설을 각색해 제작되었으며 국내에도 '본즈'라는 제목으로 원작 소설 시리즈가 발매되었다.",/24Mi1oDrdc1zbHju7FVHJA4sgYt.jpg,False
GB,영국,tv,4604,스몰빌,Smallville,en,2001-10-16,"10765,10759,18","Sci-Fi & Fantasy, Action & Adventure, 드라마",104.543,8.19,4547,우리에게 슈퍼맨으로 친숙한 클라크 켄트의 유년기를 새로이 재조명한 워너 브라더스사의 SF시리즈물 드라마,/mHZSq8LA5Dt48JjaOZ5tcPXQRVN.jpg,True
GB,영국,tv,73586,옐로우스톤,Yellowstone,en,2018-06-20,"37,18","서부, 드라마",116.1301,8.269,3270,미국 최초의 국립 공원과 국경을 접하는 사람들의 지속적인 공격을 받으면서 미국에서 가장 큰 목장을 관리하는 존 던트의 이야기,/nmHvUWkUovDEJwZPlyPOktEzHf.jpg,True
GB,영국,tv,37680,슈츠,Suits,en,2011-06-23,18,드라마,110.629,8.219,5841,"뜻밖의 행운일까, 아니면 뛰어난 재능일까. 뉴욕의 거대 로펌에 들어간 대학 중퇴 청년. 엘리트 변호사와 의기투합한 그가 시시하고 따분한 세상을 상대로 소송을 건다.",/lvYWwQj89ioSk9WzhC1KEujmpWa.jpg,False
GB,영국,tv,44217,바이킹스,Vikings,en,2013-03-03,"10759,18,10768","Action & Adventure, 드라마, War & Politics",108.6536,8.098,7765,2013년 3월 History에서 방영을 시작한 역사물. 바이킹 영웅 라그나 로스브로크는 새로운 대륙을 향해 탐험하고 싶어하지만 카테가트의 영주인 백작은 모험적인 항해를 원치 않아 라그나의 의견을 묵살한다. 라그나는 친구이자 배를 만드는 기술자인 플로키의 도움을 받아 백작 몰래 출항에 성공한다. 라그나는 새로운 대륙인 잉글랜드를 발견하고 동료들과 함께 노섬브리아 왕국 영토에 있는 수도원을 잔인하게 약탈하고 수도승 애설스탠을 노예로 삼는다. 처음 보는 바이킹의 야만적인 침략에 노섬브리아 왕국은 크게 분노하면서도 바이킹을 두려워하는데...,/bQLrHIRNEkE3PdIWQrZHynQZazu.jpg,False
GB,영국,tv,32798,하와이 파이브 오,Hawaii Five-0,en,2010-09-20,"80,18,10759","범죄, 드라마, Action & Adventure",113.0208,7.727,1888,하와이를 배경으로 범죄 조직에 맞서 싸우는 블록버스터 액션 드라마,/sIdCKlmM2nU4akIvFQaAIiU8YES.jpg,False
GB,영국,tv,2316,오피스,The Office,en,2005-03-24,35,코미디,103.9015,8.587,5357,팬실베니아 스크랜튼에 위치한 사무용지 판매회사 던더 미플린의 스크랜턴 지점. 무미건조한 사무실에서 깐깐한 지점장과 독특한 캐릭터의 부하들이 벌이는 코믹 해프닝과 가슴 찡한 이야기가 펼쳐진다. BBC에서 방영된 동명 영국 시리즈의 할리우드 리메이크.,/7DJKHzAi83BmQrWLrYYOqcoKfhR.jpg,False
GB,영국,tv,58841,시카고 PD,Chicago P.D.,en,2014-01-08,"80,18","범죄, 드라마",101.7094,8.426,2612,"시카고 경찰들의 이야기. 일선에서 직접 범죄자들과 싸우는 제복 경찰들과, 조직범죄나 마약밀매 등의 범죄를 조사하는 정보팀 소속 대원들의 활약을 그린다.",/bez40PgT36RUu4gstD2A6GSM0tP.jpg,False
GB,영국,tv,502,세서미 스트리트,Sesame Street,en,1969-11-10,"10762,35","Kids, 코미디",109.3396,7.1,288,"새서미 스트리트는 미국 어린 아이들을 위한 장수 TV 시리즈였습니다. 이 프로그램은 교육적인 목적으로 만들어졌지만 짐 핸슨의 인형극, 애니메이션, 짧은 영화, 유머와 문화에 대한 내용들로 매우 창의적인 내용들을 다루고 있습니다. 첫 시리즈는 1969년 11월 10일 방영되었으며 당시 긍정적인 리뷰가 있었고 논란이 되기도 하였고 높은 평가를 받았습니다.",/wZC3fXTxR00YCjgqkc1N20seZJb.jpg,False
GB,영국,tv,209867,장송의 프리렌,葬送のフリーレン,ja,2023-09-29,"16,10759,18,10765","애니메이션, Action & Adventure, 드라마, Sci-Fi & Fantasy",87.4491,8.8,917,"용사 힘멜 일행과 함께 10년에 걸친 모험 끝에 마왕을 물리치고 세계에 평화를 가져온 마법사 프리렌. 천 년을 넘게 사는 엘프인 그녀는 힘멜 일행과 재회를 약속하고 혼자 여행을 떠난다. 그로부터 50년 후 프리렌은 힘멜을 찾아갔지만 50년 전과 달라진 게 없는 그녀에 비해 힘멜은 늙었고 수명이 얼마 남아있지 않았다. 그 후 죽음을 맞이한 힘멜을 보고 지금까지 '인간을 아는' 일을 하지 않았던 것을 후회하고 자신을 반성한 프리렌은 '인간을 알기 위한' 여행을 떠난다. 그 여로에는 다양한 사람들과의 만남, 다양한 사건들이 기다리고 있었는데──.",/mnj30hYDVAbL9BOA0f4HrKubAGF.jpg,False
GB,영국,tv,30983,명탐정 코난,名探偵コナン,ja,1996-01-08,"16,80,9648,35","애니메이션, 범죄, 미스터리, 코미디",86.7297,8.01,778,검은 조직의 약물에 당해서 초등학생의 몸이 된 고등학생 쿠도 신이치가 에도가와 코난이라는 가명을 사용하여 소꿉친구인 란의 아버지가 운영하는 탐정사무소에서 얹혀 살며 사건을 해결하는 이야기를 다루고 있다.,/tg5Gya0yv7mScUMIX8CSXZzLCVd.jpg,True
GB,영국,tv,45140,틴 타이탄 GO!,Teen Titans Go!,en,2013-04-23,"16,10759,35,10751,10765","애니메이션, Action & Adventure, 코미디, 가족, Sci-Fi & Fantasy",83.6493,6.432,717,10대 히어로들의 평범하지만 평범하지 않은 일상을 그린 틴 타이탄의 외전격인 애니메이션,/kPKAigYUlWRpnfo4Ptiwlz4FWXU.jpg,False
GB,영국,tv,71790,스와트,S.W.A.T.,en,2017-11-02,"80,10759,18","범죄, Action & Adventure, 드라마",82.347,8.041,1590,"로스앤젤레스에서 발생하는 특수임무를 수행하는 특수 기동대, S.W.A.T.은 리더 혼도의 지휘 아래, 팀원들은 꼬리에 꼬리를 무는 사건과 그 뒤에 숨은 거대한 세력에 맞서 도시를 지킨다.",/eQOVfnoxU2q670BiFojrLC767vq.jpg,False
GB,영국,tv,71712,굿 닥터,The Good Doctor,en,2017-09-25,18,드라마,94.077,8.454,12898,자폐증을 가진 젊은 외과 의사가 명문 병원에 들어가게된다. 이에 사람들과 소통하지 못하는 의사가 사람의 목숨을 구할 수 있을 까 하는 의문이 제기되는데...,/luhKkdD80qe62fwop6sdrXK9jUT.jpg,False
GB,영국,tv,95479,주술회전,呪術廻戦,ja,2020-10-03,"16,10759,10765","애니메이션, Action & Adventure, Sci-Fi & Fantasy",99.4051,8.6,4593,"소년은 싸운다 '올바른 죽음'을 위해  쓰라린 고통, 후회, 치욕. 인간으로부터 흘러나온 부정적인 감정이 저주로 변해 일상에 숨어든다. 저주는 세상에 만연한 재앙의 근원이며, 최악의 경우 인간을 죽음으로 이끈다. 그리고 저주는 저주로밖에 없앨 수 없다.  경이적인 신체능력을 가진 소년 이타도리 유지는 아주 평범한 고등학생이었지만, 어느 날 '저주'에 습격당한 친구를 구하기 위해 특급 주물 '양면 스쿠나의 손가락'을 먹고 영혼에 저주가 깃들게 된다. 저주인 '양면 스쿠나'와 몸을 공유하게 된 이타도리는 최강의 주술사인 고죠 사토루의 안내로 저주에 대항하는 전문 기관인 '도쿄 도립 주술 고등전문학교'에 편입하게 되는데... 저주를 없애기 위해 저주가 된 소년의 돌이킬 수 없는 장렬한 이야기가 움직이기 시작한다.",/pnn223i9v5kfYku6TbqdSbPePJp.jpg,False
GB,영국,tv,18165,뱀파이어 다이어리,The Vampire Diaries,en,2009-09-10,"18,10765","드라마, Sci-Fi & Fantasy",79.7466,8.3,9701,"L. J. 스미스의 뱀파이어 다이어리 소설 시리즈 원작. 뉴욕 외곽도시, 미스틱 폴즈의 한 고등학교를 배경으로 두 뱀파이어 형제 스테판과 데미언, 그리고 인간 소녀 엘레나의 로맨스를 그린다.",/b3vl6wV1W8PBezFfntKTrhrehCY.jpg,False
GB,영국,tv,63174,루시퍼,Lucifer,en,2016-01-25,"80,10765","범죄, Sci-Fi & Fantasy",92.0361,8.43,15600,지긋지긋한 지옥 생활을 청산하고 은퇴를 선언한 악마. LA로 와 나이트클럽을 열고 인생을 즐기던 어느 날 강력계 형사를 만나면서 새로운 삶을 살기 시작한다.,/ekZobS8isE6mA53RAiGDG93hBxL.jpg,False
GB,영국,tv,269,원 트리 힐,One Tree Hill,en,2003-09-23,18,드라마,86.118,7.8,610,"배다른 형제가 사랑, 그리고 농구를 두고 경쟁하는 드라마.  고등학교 농구팀의 에이스 네이선. 루커스가 팀에 새로 들어온 뒤, 경기력이 흔들린다. 루커스는 팀 내 라이벌일 뿐만 아니라, 네이선의 이복형제다.",/sOrelBaAhp7DZbPTivDwKEyPslC.jpg,False
GB,영국,tv,4629,스타게이트 SG-1,Stargate SG-1,en,1997-07-27,"10765,10759","Sci-Fi & Fantasy, Action & Adventure",88.4293,8.268,1867,"미국 시간으로 1997년 7월 27일에 첫 방송 되었으며 자그마치 10년에 걸친 드라마이다. 스타게이트 프랜차이즈는 미국드라마 사상 군사 SF류로써는 스타 트렉에 이은 2번째로 긴 시즌+에피소드를 자랑한다. 스타게이트 프로젝트 최초의 결성팀인 SG-1팀의 활약이 주 이야기이며, SG-1은 스타게이트 시리즈 중에서도 단일 드라마로는 미국 기준으로는 스몰빌과 함께 10시즌으로 최장 방영 SF드라마이다.[1] 다만 별 의미는 없지만, 에피소드 수는 스몰빌이 더 많다.  현직 공군 참모총장 두명이 카메오로 출연하고 주연 배우인 리처드 딘 앤더슨[2]이 시리즈 종료 후 공군 명예 준장을 수여받을 정도로 미 공군과의 관계가 각별하다. 공군은 우주군의 역할도 겸하기에[3] 홍보차원에서 SF시리즈에 대대적인 지원을 해 준 것으로 보이지만 사실 10년에 걸친 시리즈 대부분에 지구측 우주선이 거의 등장하지 않는다(...)[4] 애초에 주된 스토리 라인중 하나가 바로 지구측이 우주 함대로 무장하기 위해서 기술을 확보하는 것이 주요 목표중 하나라서 지구측 우주선이 잔뜩 나오면 시리즈가 끝난다(...) 그리고 진짜 끝났다. 덕분에 대부분의 액션은 공군과는 크게 관련없는 잠입/침투나 지상작전(...) 또한 주력으로 등장하는 총기가 공항 등 후방 방어용으로 설계된 P90만 죽어라고 등장하는 이유도 공군탓도 있을듯.현실은 민간으로 구하기 쉬운것 중에서 가장 미래형 디자인으로 생겼기에(...)[5]  아포피스의 첫 지구 침투 사건을 계기로 잭 오닐은 스타게이트 보관 기지의 책임자 조지 해먼드 장군에게 불려온다. 그는 스타게이트 사령부[6]에 합류하게 되며, 최초의 팀이자 최고의 팀인 SG-1을 맡게 된다. 이 SG-1팀을 중심으로 전개된다.",/dQjmI7XxI47v8IM2MUysHG0LuU2.jpg,True
GB,영국,tv,82452,아바타: 아앙의 전설,Avatar: The Last Airbender,en,2024-02-22,"10759,10765,18,10751","Action & Adventure, Sci-Fi & Fantasy, 드라마, 가족",74.7037,7.783,1310,"아바타로 밝혀진 소년이 전쟁에 휩싸인 세계를 구하려 한다. 그러기 위해서는 네 가지 원소의 힘을 마스터하고, 자신을 막으려 혈안이 된 무자비한 적에 맞서 싸워야 한다.",/toMLugPXtSiGTLmYrWKXIvbLG9R.jpg,False
GB,영국,tv,1411,퍼슨 오브 인터레스트,Person of Interest,en,2011-09-22,"18,10759,80,10765","드라마, Action & Adventure, 범죄, Sci-Fi & Fantasy",87.88,8.091,2113,"죽은것으로 알려진 전직 CIA 작전요원인 존 리스가 천만장자인 핀치를 만나 뉴욕시에서 개발한 강력 범죄가 일어나기전 미리 범인을 찾아내는 일을 시작한다. 핀치가 개발한 소프트웨어인 ""더 머신""이 범죄를 예측하면 존이 그 정보를 바탕으로 범죄를 저지를 인물 (Person of Interest)을 찾아 그들만의 방법으로 예방한다.",/f8aIvYk5h7Z8EP3dinCmVgQFYow.jpg,True
GB,영국,tv,60574,피키 블라인더스,Peaky Blinders,en,2013-09-12,"18,80","드라마, 범죄",85.4071,8.525,11270,"1919년 영국 버밍엄. 토마스 셸비를 주축으로 한 셸비 가문은 악명 높은 범죄 조직 ""피키 블라인더스""를 이끌고 암흑가의 정상을 차지하기 위해 수단과 방법을 가리지 않는다.",/tNywkichh1mbS8BZA6CUPB8Zqgd.jpg,False
GB,영국,tv,57532,퍼피 구조대,PAW Patrol,en,2013-08-12,"16,10762","애니메이션, Kids",72.8193,6.985,815,"퍼피구조대 대장 라이더와 용감한 여섯마리의 강아지 구조대의 이야기. 안전한 어드벤쳐 베이를 만들기 위한 라이더 대장과 여섯마리 귀여운 강아지 구조대의 끊임없는 연습과 도전! 경찰견 체이스와 소방견 마샬, 공사견 러블, 미화견 로키에 해양구조견 주마와 하늘을 나는 스카이까지! 여섯마리 강아지의 엉뚱발랄 신나는 구조활동을 지켜봐주세요!",/juAmsE4GC6gql0L1HsDmABkLWuX.jpg,False
GB,영국,tv,199001,어느 날 월터 형제들과 살게 됐다,My Life with the Walter Boys,en,2023-12-07,18,드라마,82.4948,7.8,389,"비극적인 사건으로 삶의 위기를 만난 10대 소녀. 작은 시골 마을에서 후견인의 대가족과 함께 생활하면서 사랑과 희망, 우정에 관해 새로운 깨달음을 얻는다.",/eism6aN11LXaV3wpcuvf82wwcMM.jpg,True
GB,영국,tv,4656,WWE Raw,Raw,en,1993-01-11,10764,Reality,89.3726,6.8,367,WWE의 신기원을 연 획기적인 시리즈. 링 위에 오른 슈퍼스타들이 비할 데 없이 탁월한 기량과 극적인 드라마를 매주 실시간으로 선보인다.,/26v1iP77K6PySQRV0jBSnh3GtRc.jpg,False
GB,영국,tv,71728,영 셸던,Young Sheldon,en,2017-09-25,"35,10751,18","코미디, 가족, 드라마",68.3097,8.026,3051,'빅뱅이론'의 주인공 셸든 쿠퍼의 어린 시절을 다룬 이야기.,/c9J6uYthPPYpBHjOVEEWg7MvMtY.jpg,False
GB,영국,tv,296206,김부장,김부장,ko,2026-06-26,"10759,80,18","Action & Adventure, 범죄, 드라마",74.4886,7.931,87,"평범한 가장이자 아빠. 어느 날 딸이 흔적도 없이 실종되자, 그는 딸을 되찾기 위해 오래전 봉인해 둔 비밀 작전 기술을 다시 꺼내 든다. 하지만 곧 위험한 시선이 그를 향하기 시작한다.",/eKJNWq4akdrviR9qEF6xPhzKQU.jpg,False
GB,영국,tv,1407,홈랜드,Homeland,en,2011-10-02,"18,10768,80","드라마, War & Politics, 범죄",78.5816,7.591,2648,"이라크에서 사망한 것으로 추정되는 미군 병사가 실종된 지 8년 만에 돌아온다. 그러나 귀향의 기쁨이 사그라든 후, 그가 정말로 미국의 영웅이었는지 아니면 그가 테러를 계획하는 잠복 조직의 일원이었는지에 대한 의혹이 제기된다.",/6GAvS2e6VIRsms9FpVt33PsCoEW.jpg,False
GB,영국,tv,60059,베터 콜 사울,Better Call Saul,en,2015-02-08,"80,18","범죄, 드라마",74.8063,8.71,6721,"에미상 후보작 《브레이킹 배드》의 스핀 오프 시리즈로, 삼류 변호사 지미 맥길이 악덕 변호사 사울 굿맨으로 변하게 되는 과정을 그린다.",/4VrmpuhjCtsFNAyW8Cd1fYBKJtf.jpg,False
GB,영국,tv,46296,스파르타쿠스,Spartacus,en,2010-01-22,18,드라마,75.1026,8.027,3013,"2010년 1월 Starz에서 방영을 시작한 드라마. 기원전 73년부터 2년 뒤인 기원전 71년까지 노예들을 이끌고 반(反)로마 공화정 항쟁을 지도한 노예 검투사 스파르타쿠스의 이야기를 바탕으로 각색했다. 로마의 접경시대에 살던 소수민족 트라키아의 전사였던 스파르타쿠스가 로마군에 사로잡힌 후 투기장의 노예로 팔려가지만, 극적으로 목숨을 부지하고 카푸아의 검투사 양성소에서 글래디에이터로 명성을 떨치는 이야기를 중심으로 당시 로마 귀족들의 사치와 부패, 사회상, 그리고 자유를 향한 노예 출신 등장 인물들의 갈망을 적나라하게 보여준다.",/9aehAV4zGOWad1Gz31gibjfIEnx.jpg,False
GB,영국,tv,1400,사인필드,Seinfeld,en,1989-07-05,35,코미디,63.2264,8.255,2403,코미디언 제리 사인필드가 직접 자신의 삶을 무대로 연기한 드라마.  래리 데이비드(《Curb Your Enthusiasm》)와 제리 사인펠드 제작. 뉴욕에 사는 4명의 싱글 친구들이 등장하는 거침없는 시트콤. 《LA Times》는 '끝내주는 작품'이라고 평했다.,/aCw8ONfyz3AhngVQa1E2Ss4KSUQ.jpg,False
GB,영국,tv,276161,참교육,참교육,ko,2026-06-05,"10759,18,35","Action & Adventure, 드라마, 코미디",72.9407,9.422,773,"선 넘는 학생, 학부모, 교사. 대한민국 교권이 무너졌다. 교육 현장을 바로잡기 위해 창설된 ‘교권보호국’. 그들의 유쾌, 상쾌, 통쾌한 참교육이 시작된다.",/bUsdsCTUUrqd1l9MZFgiJRypQG1.jpg,False
GB,영국,tv,12225,페파 피그,Peppa Pig,en,2004-05-31,"16,10762","애니메이션, Kids",63.8906,6.6,757,"페파 피그는 엄마, 아빠, 그리고 남동생 조지와 함께 사는 활기찬 돼지입니다. 그녀는 진흙 웅덩이에 뛰어드는 것과 큰 코웃음 소리를 내는 것을 좋아합니다.",/aTaGTqkbMWoy0ef0M48qJkMltxE.jpg,False
GB,영국,tv,790,아가사 크리스티: 명탐정 포와로,Agatha Christie's Poirot,en,1989-01-08,"80,18,9648","범죄, 드라마, 미스터리",67.1178,8.179,564,"미스터리 추리 소설의 여왕, 아가사 크리스티의 작품을 영상화한 시리즈. 멋진 콧수염이 트레이드 마크인 벨기에 출신의 명탐정 에르큘 포와로가 미궁에 빠진 사건들을 해결한다.",/pWVZ6WUSZfqxTOllyiV9mM3jQ4g.jpg,True
GB,영국,tv,259140,란마1/2,らんま1/2,ja,2024-10-06,"16,10759,35","애니메이션, Action & Adventure, 코미디",61.6788,8.12,171,"텐도 아카네 앞에 초면인 약혼남 사오토메 란마가 나타난다. 게다가 천재 무술 소년 란마에겐 대반전의 비밀이 있는데. 바로, 찬물을 뒤집어쓰면 소녀로 변신하는 것.",/yOFvSq8YGKSVvnbCc6IY4PWEssa.jpg,False
GB,영국,tv,38693,레고 닌자고,Ninjago: Masters of Spinjitzu,en,2012-01-11,"16,10759,10765,35,10751","애니메이션, Action & Adventure, Sci-Fi & Fantasy, 코미디, 가족",71.3387,7.974,784,"최초의 스핀짓주 마스터로 부터 내려져온, 선과 악의 대결을 종결시킬 그린닌자(로이드)를 지키기 위해, 마스터 우는 불, 번개, 얼음, 흙의 속성을 가진 원소 마스터들을 훈련시키는데....",/wz6ZqlyndVpdRayZi1gbYHWcqFi.jpg,False
GB,영국,tv,60572,포켓몬스터,ポケットモンスター,ja,1997-04-01,"16,10759,10765","애니메이션, Action & Adventure, Sci-Fi & Fantasy",69.5568,7.991,2223,"관동지방의 태초마을에 살고 있는 주인공 지우는 오박사로부터 피카츄와 몬스터볼, 포켓몬도감을 받아 포켓몬 마스터를 목표로 여행을 나선다. 회색체육관, 갈색체육관 등에서 격렬한 시합과 여러 곳에서 이루어지는 포켓몬과의 만남.",/vaXQOBNdQVtxUMN96cR4qQRxmoQ.jpg,False
GB,영국,tv,1422,더 미들,The Middle,en,2009-09-30,35,코미디,69.1861,7.563,763,"그다지 극적이지는 않은 중산층의 평범한 인생을 살아가고 있지만, 그 속에서 많은 사랑과 웃음을 찾아가는 그들의 이야기",/u6FluiFx3ocVS0MgZszfpPKXT2p.jpg,True
GB,영국,tv,2710,필라델피아는 언제나 맑음,It's Always Sunny in Philadelphia,en,2005-08-04,35,코미디,63.6472,8.257,1378,"가난하고 찌질한... 심지어 어딘가 부족해보이는 삼총사가 아이리쉬 펍을 운영하면서 벌어지는 에피소드들을 중심으로 이야기가 전개된다. 극 중에서 디안드라 (통칭 디)는 데니스의 여동생으로, 프랭크는 두 남매의 아버지이며, 삼총사와 함께 총 다섯 명의 인물이 아이리쉬 펍을 운영한다.",/o0tMMK33JqmtpcWw0H41cEr9xQB.jpg,True
GB,영국,tv,42009,블랙 미러,Black Mirror,en,2011-12-04,"10765,18,9648","Sci-Fi & Fantasy, 드라마, 미스터리",65.048,8.287,6370,"인간이 지닌 최악의 본성, 최고의 혁신 등을 드러내는 연작 시리즈. 틀을 깨는 기이하고 과감한 이야기들이 펼쳐진다.",/ej7Br2B8dkZZBGa6vDE8HqATgU7.jpg,False
GB,영국,tv,212989,레고 닌자고: 드래곤 라이징,LEGO Ninjago: Dragons Rising,en,2023-06-01,"16,10762,10759","애니메이션, Kids, Action & Adventure",65.8931,8.1,108,"서로 다른 세계에서 온 두 십 대. 새로이 얻은, 닌자의 힘을 바탕으로 임무에 나선다. 그건 바로, 드래곤의 생명력을 악용하려는 악당들로부터 드래곤을 지켜내는 것.",/cpKdJHbe6FIKlAbowG2ge8M8PYS.jpg,False
GB,영국,tv,313101,무사피르 카페,मुसाफ़िर कैफ़े,hi,2026-07-24,18,드라마,50.7472,7.3,9,"찬데르와 수다는 거부할 수 없는 끌림을 느끼지만, 운명은 두 사람을 갈라놓는다. 스쳐 지나간 사랑은 찬데르를 무사피르 카페로 이끌고, 프리티와의 만남으로 이어진다.",/1SbKjtoRKIpVQG5iYnumnfQIqhd.jpg,False
GB,영국,tv,4586,길모어 걸스,Gilmore Girls,en,2000-10-05,"35,18","코미디, 드라마",64.2759,7.9,1278,독립심이 강한 싱글맘 로렐라이는 아이비리그 진학은 문제없을 정도로 명석한 두뇌를 가진 딸 로리를 키운다. 이 모녀 사이에는 항상 재치 넘치는 대화가 끊이지 않는다.,/gwtzCwU2wdLLf8oejQu2TINiWfQ.jpg,True
GB,영국,tv,48891,브루클린 나인-나인,Brooklyn Nine-Nine,en,2013-09-17,"35,80","코미디, 범죄",62.662,8.209,4062,"경찰의 명예를 중시하는 원칙주의자 홀트 서장. 그 아래 재능은 물론 꼼수, 공갈, 운까지 총동원해서 어떻게든 사건을 해결해내는 듬직한(?) 형사들이 있는 곳. 브루클린 99 관할 경찰서에 오신 것을 환영합니다!",/mpjlDzVjp7oyHUe2LaF9ltKe6f1.jpg,False
GB,영국,tv,120089,스파이 패밀리,SPY×FAMILY,ja,2022-04-09,"16,10759,35","애니메이션, Action & Adventure, 코미디",67.3412,8.508,2316,"사람은 누구나 아무에게도 보여줄 수 없는 자신을 갖고 있다. 세계 각국이 물밑에서 치열하게 정보전을 펼치는 시대. 오스타니아와 웨스탈리스는 십수 년간에 걸쳐 냉전 상태에 있었다. 웨스탈리스의 정보국 대동과 'WISE' 소속의 수완가 스파이인 '황혼' 은 동서 평화를 위협하는 위험인물, 오스타니아의 국가통일당 총재 도노반 데스몬드의 동향을 살피기 위해 어떤 극비 임무를 수행하게 된다. 그 이름은 오퍼레이션 '올빼미'. 임무 내용은 ""일주일 이내에 가족을 만들어, 데스몬드의 아들이 다니는 명문 학교의 친목회에 잠입하라"". '황혼' 은 정신과 의사 로이드 포저로 위장하고 가족을 만들게 된다. 하지만, 그가 만난 딸 아냐는 마음을 읽을 수 있는 초능력자, 아내 요르는 암살자였다! 3명의 이해가 일치하여 서로 정체를 숨기면서 함께 생활하게 되는데. 해프닝 연속인 임시 가족에게, 세계의 평화는 맡겨졌다.",/rikBBQHmCTOiZ7YoJVkYcKdXgNx.jpg,False
GB,영국,tv,207333,백년의 고독,Cien años de soledad,es,2024-12-11,"18,10765","드라마, Sci-Fi & Fantasy",73.1753,7.9,222,"시간을 초월한 마콘도 마을. 7대에 걸쳐 이곳에서 살아가는 부엔디아 가문 사람들이 사랑과 망각, 그리고 벗어날 수 없는 과거와 운명 속을 헤쳐 나간다.",/8tMVYuw7GNmrEVGSeoE6o0hk2dn.jpg,False
GB,영국,tv,91239,브리저튼,Bridgerton,en,2020-12-25,18,드라마,49.9372,8.06,3366,진실한 애정과 끈끈한 유대로 맺어진 브리저튼 가문의 8남매. 그들이 런던의 상류사회에서 사랑과 행복을 향한 여정을 떠난다.,/a80pxtZrNSyqrME9rmFC6sZevZ7.jpg,False
GB,영국,tv,119051,웬즈데이,Wednesday,en,2022-11-23,"10765,9648,35","Sci-Fi & Fantasy, 미스터리, 코미디",60.1321,8.338,10705,"똑똑함은 기본, 비꼬는 것에도 도가 튼 웬즈데이 아담스. 암울함을 풍기는 그녀가 네버모어 아카데미에서 얽히고설킨 미스터리를 파헤치기 시작한다. 새 친구도 사귀고, 앙숙도 만들며.",/oCpvKD0yuRV9OAZ8xklRy9HWc6l.jpg,False
GB,영국,tv,46260,나루토,ナルト,ja,2002-10-03,"16,10759,10765","애니메이션, Action & Adventure, Sci-Fi & Fantasy",61.2974,8.363,6066,"<주간 소년 점프>에 연재되면서 폭발적인 인기를 모았던 '나루토'를 애니메이션으로 만들었다. 한국에서도 단행본이 나와 많은 인기를 얻고 있다. 나루토와 동료들이 닌자가 되기 위한 모험을 떠나는 흥미진진한 작품.   닌자 마을 중 하나인 나뭇잎 마을. 매일같이 장난만 치며 공부도 뒤쳐져서 졸업조차 불안하기만 한 문제아 나루토. 그런 그이지만 마을에서 제일 가는 닌자, '호카게'가 되고 싶다는 커다란 꿈을 지니고 있다. 하지만, 자신의 출생의 비밀을 안 나루토는 결의를 새롭게 다지고 같은 학교 학생인 사스케, 사쿠라와 함께 닌자로서의 첫 발을 내딛게 된다.",/5llYnYzA2oiTxxSi9d7RSanrwR8.jpg,True
FR,프랑스,movie,315635,스파이더맨: 홈커밍,Spider-Man: Homecoming,en,2017-07-05,"28,12,878","액션, 모험, SF",215.1899,7.3,23508,"토니 스타크의 제안을 받고 시빌 워에 참여한 피터 파커는 다음 임무가 언제일지 설렘을 안고 하루하루를 보낸다. 토니는 MIT 진학 준비에 전념할 것을 권하지만 친절한 이웃에 머무는 것은 피터의 성에 차지 않는다. 한편 어벤져스 군단과 외계 세력의 전투로 생긴 산업폐기물을 처리하던 아드리안 툼즈는 그 일이 토니 스타크와 정부에 넘어가면서 하루아침에 빈털터리가 된다. 이에 앙심을 품은 아드리안은 외계 첨단무기를 훔쳐서 개조하는 빌런이 되고, 그의 존재를 알게 된 피터는 도움을 빌리지 않고 자기가 일을 해결해보려고 한다.",/hjki9weYYVABvkpZbX5jBOmKXXv.jpg,False
FR,프랑스,movie,1630409,채권추심원,คนเดือดทวงแค้น,th,2026-07-20,"28,53,80","액션, 스릴러, 범죄",139.9791,7.706,68,"감옥에서 출소한 후 죄책감에 시달리던 한 전직 채권 추심원이 불치병과 사투를 벌이며, 사채 피해자들을 위해 복수하기 위해 과거의 세계로 돌아온다.",/2h4ikWt6TddvIAhMdS3WGVXhaRf.jpg,False
FR,프랑스,movie,1510795,"Shake, Rattle & Roll: Evil Origins","Shake, Rattle & Roll: Evil Origins",tl,2026-06-05,27,공포,132.5101,3.0,4,,/3OdniYj4P7XbGb8qe2e16JK0hwO.jpg,False
FR,프랑스,movie,429617,스파이더맨: 파 프롬 홈,Spider-Man: Far From Home,en,2019-06-28,"28,12,878","액션, 모험, SF",122.0066,7.394,17280,"어벤져스 멤버들과 타노스와의 대접전을 마친 뒤, 지난 5년 동안 사라졌던 사람들이 동시에 돌아왔다. 아이언맨이 떠난 채 한동안 지구를 구할 히어로가 공석인 상황을 수습할 히어로는 현재 스파이더맨 피터 파커뿐이다. 친구들과의 유럽 현장학습 도중 닉 퓨리의 부름을 받게 된 피터는 미스테리오라는 정체 모를 히어로와 힘을 합쳐 엘리멘탈이라는 괴생명체를 무찔러야 하는 상황에 처한다. 그런데 피터는 지구를 구하는 일보다 MJ에게 멋지게 고백할 계획이 우선인데...",/3YewJtji80oIroeXUavNRZkeXfQ.jpg,False
FR,프랑스,movie,1668364,당신의 욕망,Deseo,es,2026-05-07,"9648,18","미스터리, 드라마",98.92,6.745,194,"모든 걸 다 가진 것처럼 보이는 여자. 격정적인 로맨스에 휘말리면서 걷잡을 수 없는 파국으로 치닫는다. 이를 계기로 가족을 향한 사랑이 시험대에 오르고, 결국 그녀는 가족을 지키기 위해 자신이 어떤 일까지 할 수 있는지 깨닫게 된다. 완벽해 보이는 삶을 사는 성공한 변호사 루세로. 딸의 젊은 수영 코치와 격정적인 불륜에 빠져든다. 금지된 욕망으로 시작된 관계는 이내 아슬아슬하게 유지해 온 결혼 생활과 커리어를 위협하는 불씨가 된다. 결국 루세로의 세상이 무너지면서 걷잡을 수 없는 파국이 시작되고, 가족을 향한 사랑이 시험대에 오르는데. 이제 루세로는 가족을 지키기 위해 어디까지 갈 수 있는지 자신의 한계를 마주하게 된다.",/iHcyv2w6KBlnCtcpAmgsLpA85ny.jpg,False
FR,프랑스,movie,102382,어메이징 스파이더맨 2,The Amazing Spider-Man 2,en,2014-04-16,"28,12,878","액션, 모험, SF",97.3268,6.551,14488,"스파이더맨의 삶에 완전히 적응한 피터 파커는 거미줄로 뉴욕을 활강하며 위험에 처한 시민들을 구해주고 사랑하는 연인 그웬과 데이트를 즐기며 행복하게 살아간다. 그러던 어느 날, 스파이더맨의 열렬한 팬이자 오스코프사의 전기 엔지니어인 맥스는 작업 중 치명적인 사고로 자신에게 엄청난 능력이 생긴 것을 발견한다. 하지만 이 능력으로 인해 뉴욕을 마비시킨 대규모 정전사태가 발생하고 사태를 해결하기 위해 나선 자신의 영웅 스파이더맨에게 공격을 당하자 배신감을 느끼고 분노하는데...",/eYaFLrKuEdzrGw6XG5ZTVciH28v.jpg,True
FR,프랑스,movie,949838,72시간,72 HOURS,en,2026-07-20,"35,80","코미디, 범죄",85.235,6.778,272,20대 청년들의 단체 채팅방에 실수로 초대된 마흔 살 기업 임원. 커리어를 지키기 위해 마이애미에서 열리는 광란의 총각 파티에 합류한다.,/3CgkGMUnfR2gfuvO2DUnxCOV5Vi.jpg,False
FR,프랑스,movie,559,스파이더맨 3,Spider-Man 3,en,2007-05-01,"28,12,878","액션, 모험, SF",82.0099,6.5,15479,"대중의 사랑을 듬뿍 받으며 진정한 영웅으로 거듭난 스파이더맨, 피터 파커는 어느 날, 외계에서 온 수수께끼의 유기체인 심비오트에 감염되고 스파이더맨은 오리지날 스파이더맨에서 블랙 슈트 스파이더맨으로 변화한다. 한층 업그레이드 되고 강력해진 파워를 얻게 된 스파이더맨은 자신의 힘에 도취되어 마음껏 세상을 즐긴다. 그러나 아버지의 복수를 위해 뉴 고블린이 된 해리와 물리 실험에 노출되어 능력을 얻게 된 피터의 삼촌을 죽인 진범 샌드맨은 호시탐탐 스파이더맨을 노리는데...",/9atb6Nn8TRGxfwROJGuzOD24GNl.jpg,True
FR,프랑스,movie,157336,인터스텔라,Interstellar,en,2014-11-05,"12,18,878","모험, 드라마, SF",71.24,8.5,40628,"세계 각국의 정부와 경제가 완전히 붕괴된 미래가 다가온다. 지난 20세기에 범한 잘못이 전 세계적인 식량 부족을 불러왔고, NASA도 해체되었다. 나사 소속 우주비행사였던 쿠퍼는 지구에 몰아친 식량난으로 옥수수나 키우며 살고 있다. 거센 황사가 몰아친 어느 날 알 수 없는 힘에 이끌려 딸과 함께 도착한 곳은 인류가 이주할 행성을 찾는 나사의 비밀본부. 이 때 시공간에 불가사의한 틈이 열리고, 이 곳을 탐험해 인류를 구해야 하는 임무를 위해 쿠퍼는 만류하는 딸을 뒤로한 채 우주선에 탑승하는데...",/evoEi8SBSvIIEveM3V6nCJ6vKj8.jpg,True
FR,프랑스,movie,1487861,엘리지의 그림자,Elize: Sombras de uma Mulher,pt,2026-07-22,"53,80,18","스릴러, 범죄, 드라마",70.277,7.375,132,"브라질을 충격에 빠뜨린 엘리지 마쓰나가 사건에서 영감을 받은 작품. 《엘리지의 그림자》는 남편을 살해하고 시신을 훼손한 엘리지의 이야기를 픽션의 시각으로 재구성해, 파란만장한 관계의 내막과 끔찍한 범죄로 이어진 선택을 조명한다.",/rfGsWCzUDVtv9DXW0hTbZeuTA6R.jpg,False
FR,프랑스,movie,569094,스파이더맨: 어크로스 더 유니버스,Spider-Man: Across the Spider-Verse,en,2023-05-31,"16,28,12,878","애니메이션, 액션, 모험, SF",70.2125,8.34,8922,"여러 성장통을 겪으며 새로운 스파이더맨이 된 마일스 모랄레스. 그 앞에 다른 평행세계의 스파이더우먼 그웬이 다시 나타난다. 모든 차원의 멀티버스 속 스파이더맨들을 만나게 되지만, 질서에 대한 신념이 부딪히며 예상치 못한 균열이 생기는데… 상상 그 이상을 넘어서는 멀티버스의 세계가 열린다!",/lMWTlGr9jVUC18T515hPRKym5QQ.jpg,True
FR,프랑스,movie,1007757,뒤바뀐 친구들의 신비한 모험,Swapped,en,2026-05-01,"12,16,10751,14","모험, 애니메이션, 가족, 판타지",63.4762,8.89,2063,갑자기 몸이 뒤바뀌게 된 작은 숲속 생물과 위풍당당한 새. 일생일대의 모험을 헤쳐나가기 위해 어쩔 수 없이 힘을 합친다.,/uv0iRQXDbtWHo1zPk3TZNo4Biti.jpg,False
FR,프랑스,movie,652,트로이,Troy,en,2004-05-13,"10752,28,36","전쟁, 액션, 역사",61.0793,7.184,11325,"고대 그리스 시대, 가장 잔인하고 불운한 사랑에 빠지고 만 비련의 두 주인공 트로이의 왕자 파리스와 스파르타의 왕비 헬레네. 사랑에 눈 먼 두 남녀는 트로이로 도주하고, 파리스에게 아내를 빼앗긴 스파르타의 왕 메넬라오스는 미케네의 왕이자 자신의 형인 아가멤논에게 복수를 부탁한다. 아가멤논은 그리스 도시 국가들을 규합해 트로이로부터 헬레네를 되찾기 위한 전쟁을 일으킨다. 그러나 전쟁의 명분은 동생의 복수였지만, 진짜 이유는 모든 도시 국가들을 통합하여 거대한 그리스 제국을 건설하려는 야심이었다.",/1TsdNMKodmOKyo4xPacxq7opo3p.jpg,True
FR,프랑스,movie,550,파이트 클럽,Fight Club,en,1999-10-15,"18,53","드라마, 스릴러",52.1098,8.4,32547,"자동차 회사의 리콜 심사관으로 일하는 주인공은 일상의 무료함과 공허함 속에서 늘 새로운 탈출을 꿈꾼다. 그는 비행기에서 자신을 비누 제조업자라고 소개하는 타일러 더든을 만난다. 집에 돌아온 주인공은 아파트가 누군가에 의해 폭파되었음을 발견하고, 타일러에게 도움을 청해 함께 생활하게 된다. 어느 날 밤 타일러는 주인공에게 자신을 때려달라고 부탁한다. 사람은 싸워봐야 진정한 자신을 알 수 있다는 것이다. 결국 이들은 매주 토요일 밤 술집 지하에서 맨주먹으로 격투를 벌이는 파이트 클럽을 결성하기에 이르는데...",/eKZ07Ted7VHxQjbuZrRBFOamcKJ.jpg,False
FR,프랑스,movie,122,반지의 제왕: 왕의 귀환,The Lord of the Rings: The Return of the King,en,2003-12-17,"12,14,28","모험, 판타지, 액션",54.0631,8.503,27009,"사우론이 인간들의 마지막 요새인 곤도르를 향해 야욕을 드러내고 있는 한편, 아라곤은 쇠락해가고 있는 곤도르의 재건을 위해 왕위 계승을 신중하게 결정지어야만 하는 상황. 이제 중간대륙의 미래는 그의 어깨에 달려있는 것. 사우론이 이끄는 어둠의 군대와의 마지막 전투를 위해 간달프는 곤도르에 흩어져 있던 병사들을 모으고, 로한의 왕 세오덴에게 도움을 받기도 하지만 사우론의 군대에 비하면 열세를 면치 못한다. 그러나 그들은 중간대륙을 사우론의 야욕으로부터 지키려는 사명감과, 마지막 반지 운반자에게 임무를 끝낼 기회를 주기 위해 어둠의 군대를 향해 돌진하게 되는데...",/n8BPIRqvj1SdTRND828ANXhmSng.jpg,False
FR,프랑스,movie,1318447,정점,Apex,en,2026-04-24,"28,53","액션, 스릴러",48.7424,6.885,1771,"슬픔에 잠긴 채 호주 오지로 모험을 떠난 여성. 홀로 자신의 한계를 밀어붙이던 중 목숨을 노리는 살인마를 맞닥뜨리고, 그가 교활하게 설계한 뒤틀린 게임에 속수무책으로 휘말린다.",/wGHGVAJGTn2BqsuFfPK8lzPiKjH.jpg,False
FR,프랑스,movie,120,반지의 제왕: 반지 원정대,The Lord of the Rings: The Fellowship of the Ring,en,2001-12-18,"12,14,28","모험, 판타지, 액션",46.7788,8.441,28021,"호빗이라 불리우는 난장이 종족 중의 한 명인 프로도는 자신의 삼촌에게서 우연히 절대 반지를 물려받게 되고, 마법사 간달프를 통해서 절대반지가 사우론의 손에 들어가면 악의 세력이 세상을 지배하게 된다는 것을 알게 된다. 하지만 절대반지를 영원히 파괴할 수 있는 유일한 방법은 반지가 만들어진 불의 산의 용암에 그것을 던져 넣는 길 뿐이다. 마침내 프로도와 그의 친구들, 엘프족인 레골라스, 난장이족 김리, 두명의 인간 전사 아라곤과 보로미르, 그리고 마법사 간달프로 구성된 반지 원정대가 길고도 험난한 여정을 떠나게 되는데...",/r18JdjImbWDRwkbVDIzWoLQqkCo.jpg,False
FR,프랑스,movie,286217,마션,The Martian,en,2015-09-30,"878,18,12","SF, 드라마, 모험",44.5164,7.705,21571,"NASA 소속의 아레스 3 탐사대는 화성에 도착한 지 6일째 되는 날 거대한 모래 폭풍을 만난다. 팀원 마크 와트니가 실종되고 회오리바람에 우주선이 기울어지자, 팀원들은 마크를 찾는 일을 포기하고 화성을 떠난다.  극적으로 생존한 마크 와트니는 남은 식량과 기발한 재치로 화성에서 살아남을 방법을 찾으며 자신이 살아있음을 알리려 노력한다. 마침내 자신이 살아있다는 사실을 지구에 알리게 된 마크 와트니. NASA는 총력을 기울여 마크 와트니를 구출하기 위해 노력하고, 아레스 3 탐사대 또한 그를 구출하기 위해 그들만의 방법을 찾게 되는데...",/uH8q40cjMAjrRHyPJMbQwAIJATb.jpg,True
FR,프랑스,movie,803796,케이팝 데몬 헌터스,KPop Demon Hunters,en,2025-06-20,"14,10402,35,16","판타지, 음악, 코미디, 애니메이션",45.625,8.007,3065,"케이팝 슈퍼스타 루미, 미라, 조이. 매진을 기록하는 대형 스타디움 공연이 없을 때면 이들은 또 다른 활동에 나선다. 바로 비밀 능력을 이용해 팬들을 초자연적 위협으로부터 보호하는 것.",/5fqcLmrgVDicMuGLOa9PKErFP72.jpg,False
FR,프랑스,movie,1184918,와일드 로봇,The Wild Robot,en,2024-09-12,"10751,16,878,12","가족, 애니메이션, SF, 모험",46.488,8.311,6379,"우연한 사고로 거대한 야생에 불시착한 로봇 로즈는 주변 동물들의 행동을 배우며 낯선 환경 속에 적응해 가던 중, 사고로 세상에 홀로 남겨진 아기 기러기 브라이트빌의 보호자가 된다. 로즈는 입력되어 있지 않은 새로운 역할과 관계에 낯선 감정을 마주하고 겨울이 오기 전에 남쪽으로 떠나야 하는 브라이트빌을 위해 동물들의 도움을 받아 이주를 위한 생존 기술을 가르쳐준다. 그러나 선천적으로 몸집이 작은 브라이트빌은 짧은 비행도 힘겨워 하는데...",/iA9NiygwSOBy8FjZjvdYOMxRUG0.jpg,False
FR,프랑스,movie,1265609,워 머신: 전쟁 기계,War Machine,en,2026-02-12,"28,878,53","액션, SF, 스릴러",41.2676,7.44,2234,미 육군 레인저 훈련에서 마지막 혹독한 임무를 받은 전투 공병. 자신이 속한 부대를 이끌고 거대한 외계 살상 병기에 맞서 싸워야 한다.,/cfeIYPthWgq5XFZnx7cbpr7xFTp.jpg,False
FR,프랑스,movie,496243,기생충,기생충,ko,2019-05-30,"35,53,18","코미디, 스릴러, 드라마",41.3171,8.489,21019,"전원 백수로 살 길 막막하지만 사이는 좋은 기택 가족. 장남 기우에게 명문대생 친구가 연결시켜 준 고액 과외 자리는 모처럼 싹튼 고정수입의 희망이다. 온 가족의 도움과 기대 속에 박 사장 집으로 향하는 기우. 글로벌 IT기업의 CEO인 박 사장의 저택에 도착하자 젊고 아름다운 사모님 연교와 가정부 문광이 기우를 맞이한다. 큰 문제 없이 박 사장의 딸 다혜의 과외를 시작한 기우. 그러나 이렇게 시작된 두 가족의 만남 뒤로, 걷잡을 수 없는 사건이 기다리고  있는데.....",/jjHccoFjbqlfr4VGLVLT7yek0Xn.jpg,False
FR,프랑스,movie,121,반지의 제왕: 두 개의 탑,The Lord of the Rings: The Two Towers,en,2002-12-18,"12,14,28","모험, 판타지, 액션",41.9497,8.425,24281,"9명의 반지원정대는 사우론의 세력에 맞서 반지를 지켜냈지만 반지 원정대는 뿔뿔이 흩어지게 된다. 메리와 피핀을 구하기 위해 우르크하이 군대를 추격하던 아라곤과 레골라스, 김리는 유령 숲에서 백색의 마법사로 부활한 마법사 간달프를 만나게 되고 사우론이 암흑세계의 두 개의 탑을 통합하여 점점 그 세력을 넓혀가고 있다는 사실을 듣게 된다. 이에 아라곤과 원정대는 중간계의 선한 무리의 통합을 이뤄 사우론의 세력을 견제해야 하는 큰 임무를 맡게 된다. 하지만 원수지간인 곤도르와 로한으로 나뉜 인간 종족의 통합은 쉽지 않고 게다가 로한의 왕마저 사루만에게 동화되는데...",/zxZdTi3fA7aDxEOivmzZAY2bmTu.jpg,False
FR,프랑스,movie,1306368,더 립,The Rip,en,2026-01-13,"28,53,80","액션, 스릴러, 범죄",32.454,7.087,1817,"허름한 은닉처에서 수백만 달러의 현금을 발견한 마이애미 경찰. 신뢰에 금이 가기 시작하면서 모든 사람, 모든 것이 의심의 대상이 된다.",/o0d6Us9VWOW0nHhoB7ZNIwigARG.jpg,False
FR,프랑스,movie,129,센과 치히로의 행방불명,千と千尋の神隠し,ja,2001-07-20,"16,10751,14","애니메이션, 가족, 판타지",35.4782,8.534,18643,평범한 열 살 짜리 소녀 치히로 식구는 이사 가던 중 길을 잘못 들어 낡은 터널을 지나가게 된다. 터널 저편엔 폐허가 된 놀이공원이 있었고 그곳엔 이상한 기운이 흘렀다. 인기척 하나 없는 이 마을의 낯선 분위기에 불길한 기운을 느낀 치히로는 부모님에게 돌아가자고 조르지만 부모님은 호기심에 들떠 마을 곳곳을 돌아다니기 시작한다. 어느 음식점에 도착한 치히로의 부모님은 그 곳에 차려진 음식들을 보고 즐거워하며 허겁지겁 먹어대다가 돼지로 변해버린다. 겁에 질려 당황하는 치히로에게 낯선 소년 하쿠가 나타나 빨리 이곳을 나가라고 소리치는데...,/u1L4qxIu5sC2P082uMHYt7Ifvnj.jpg,False
FR,프랑스,movie,37165,트루먼 쇼,The Truman Show,en,1998-06-04,"35,18","코미디, 드라마",31.4401,8.155,20559,"트루먼 버뱅크는 작고 조용한 섬마을에 사는 평범한 세일즈맨이다. 그런 그가 자신의 삶에 대해 의문을 갖기 시작한 것은 평소와 다름없이 평범한 어느 날, 갑자기 하늘에서 촬영용 조명등이 떨어지고, 어렸을 적 자신이 익사를 직접 목격했던 아버지가 살아오고, 또 누군가에 의해 끌려가는 등 상식 밖의 일들이 벌어지고 나서부터였다. 평생을 그다지 신경쓰지 않고 지냈던 일상이었지만 주변을 보니 이상한 일이 너무 많았다. 결국 자신이 특별한 상황에 놓여있다는 확신을 하게된 트루먼은 첫사랑 실비아의 모든 것이 다 거짓라는 말을 되새기며 일상으로부터 탈출을 결심하게 되는데...",/AsUv4pFf1UQuOLKf7nYUXgmgCNf.jpg,False
FR,프랑스,movie,614945,음성메시지가 도착했습니다,Voicemails for Isabelle,en,2026-06-20,"10749,35,18","로맨스, 코미디, 드라마",29.5308,8.365,746,"한 젊은 여성이 세상을 떠난 자매에게 웃기고 솔직한 음성 메시지를 남긴다. 그런데 이 메시지들이 본의 아니게 낯선 사람에게 전달되고, 그는 멀리서 그녀에게 마음을 뺏긴다.",/yOUKcPjv1cdTc2MsmXqqUwsrfOa.jpg,False
FR,프랑스,movie,346698,바비,Barbie,en,2023-07-19,"35,12,14","코미디, 모험, 판타지",28.8108,6.914,11348,"원하는 무엇이든 될 수 있는 바비랜드에서 살아가던 바비가 현실 세계와 이어진 포털의 균열을 발견하게 되고, 이를 해결하기 위해 켄과 예기치 못한 여정을 떠나면서 펼쳐지는 이야기",/h3mUJ9WEJ8PzA450ad4hrjsaiqG.jpg,True
FR,프랑스,movie,475557,조커,Joker,en,2019-10-01,"80,53,18","범죄, 스릴러, 드라마",32.3258,8.12,28025,"홀어머니와 사는 아서 플렉은 코미디언을 꿈꾸지만 그의 삶은 좌절과 절망으로 가득 차 있다. 광대 아르바이트는 그에게 모욕을 가져다주기 일쑤고, 긴장하면 웃음을 통제할 수 없는 신경병 증세는 그를 더욱 고립시킨다. 정부 예산 긴축으로 인해 정신과 약물을 지원하던 공공의료 서비스마저 없어져 버린 어느 날, 아서는 지하철에서 시비를 걸어온 증권사 직원들에게 얻어맞던 와중에 동료가 건네준 권총으로 그들을 쏴 버리고 만다. 군중들은 지배계급에 대한 저항의 아이콘이 된 그를 추종하기 시작하며 광대 마스크로 얼굴을 가리고 거리로 쏟아져 나오기 시작하는데...",/6OnFzi7nU6t4j1rmX9QI8EYDWb4.jpg,True
FR,프랑스,movie,807,세븐,Se7en,en,1995-09-22,"80,9648,53","범죄, 미스터리, 스릴러",29.4545,8.381,23459,"은퇴를 7일 앞둔 관록의 형사 윌리엄 소머셋(모건 프리먼)과 새로 전근 온 신참내기 형사 밀스(브래드 피트)가 팀이 된 바로 다음날, 강압에 의해 위가 찢어질 때까지 먹다가 죽은 초고도 비만 남자와 역시 강압에 의해 식칼로 자기 살을 베어내 죽은 악덕 변호사의 사건과 마주한다. 식탐, 탐욕, 그리고 나태, 분노, 교만, 욕정, 시기. 소머셋은 현장에 남은 흔적들로 단테의 신곡과 쵸서의 캔터베리 서사시를 근거로 한 기나긴 연쇄 살인이 시작되었음을 직감하고 성서의 7가지 죄악을 따라 발생하는 사건들을 추적하기 시작하는데...",/izzk8dbmrLowcoGbFaebqJvzyXg.jpg,True
FR,프랑스,movie,1202033,에놀라 홈즈 3,Enola Holmes 3,en,2026-06-30,"12,80,9648","모험, 범죄, 미스터리",24.8975,6.859,565,결혼식을 위해 몰타로 향하는 에놀라 홈즈. 하지만 셜록의 실종으로 위험한 사건에 휘말리게 되면서 그녀의 결혼 계획은 난관에 부딪힌다.,/zBUJQKxmTGTXGGfsWTB93sk2DV1.jpg,False
FR,프랑스,movie,68726,퍼시픽 림,Pacific Rim,en,2013-07-11,"28,878,12","액션, SF, 모험",29.6995,6.94,13616,"2025년, 태평양 연안의 심해에 커다란 균열이 일어난다. 정체를 알 수 없었던 이곳은 지구와 우주를 연결하는 포탈이었고 여기서 엄청난 크기의 외계 괴물 카이주가 나타난다. 일본 전역을 시작으로 미국, 중국, 러시아, 호주 등 지구 곳곳을 파괴하는 카이주의 공격에 전 세계가 혼돈에 빠지고, 전 지구적인 비상사태 돌입에 세계 각국의 정상들은 인류 최대의 위기에 맞서기 위한 범태평양연합방어군을 결성한다. 상상을 초월하는 수퍼 파워, 뇌파를 통해 파일럿의 동작을 인식하는 신개념 조종시스템을 장착한 예거와 이를 조종하는 최정예 파일럿들이 괴물들에게 반격을 시작하는데...",/BWJhHHqeW5oCRvqLXF5twAFAga.jpg,True
FR,프랑스,movie,769,좋은 친구들,GoodFellas,en,1990-09-12,"18,80","드라마, 범죄",26.2089,8.451,14578,"아일랜드계 이탈리아인 헨리 힐와 토미는 13살에 마피아에 입문해 지미와 함께 트럭이나 공항 화물을 훔치는 일을 한다. 결혼 후에도 마피아 생활을 계속하는 헨리는 이제 조직에서도 안정된 위치와 경제적 여유를 갖는다.  어느 날 헨리와 지미는 공항터미널 사건을 모의해 현금 6백만 달러라는 엄청한 돈을 훔친다. 이 사건을 은폐하기 위해 혈안이 된 지미는 모의에 참여했던 사람들을 죽이고, 토미는 마피아 조직에 가담했다가 살해당한다. 엎친데 덮친격으로 헨리마저 마약거래로 경찰서에 잡혀 들어가는데...",/zF9hSBS1t7PVFLo01GrJ3OjGi67.jpg,True
FR,프랑스,movie,1659155,믿는 자들,Los creyentes,es,2026-07-24,"53,18,9648","스릴러, 드라마, 미스터리",26.2699,5.73,63,"한동안 가족과 연을 끊고 살아온 30세 여성 루트(스테파니 마그닌). 석연치 않은 어머니의 사망 소식을 듣고 고향으로 돌아온다. 오랜만에 재회한 아버지 마르틴(호세 코로나도)은 은퇴 후 음침한 음모론에 심취한 나머지 괴팍하고 신경질적인 사람으로 변해 있다. 부녀 사이에 팽팽한 긴장이 감돌고, 아버지는 종잡을 수 없는 행동을 일삼는다. 그러자 루트는 어머니의 죽음에 아버지가 연루된 것은 아닌지 의심하기 시작한다. 살인범과 한 지붕 아래 살고 있는 것은 아닐까?",/pUvs1iFFMDy3sNp5dNmkRak1oxD.jpg,False
FR,프랑스,movie,1062722,프랑켄슈타인,Frankenstein,en,2025-10-17,"18,14,27","드라마, 판타지, 공포",29.1392,7.62,3674,과학자 빅터 프랑켄슈타인과 그의 손에서 탄생한 괴물이 펼치는 이야기. 고전이 된 메리 셸리의 소설을 오스카 수상 감독 기예르모 델토로가 영화화했다.,/vSMWJkBTEfa7kFxHizSz4uJNVlf.jpg,False
FR,프랑스,movie,345940,메가로돈,The Meg,en,2018-08-09,"28,878,27","액션, SF, 공포",25.535,6.252,8291,"국제 해저 관측 프로그램으로 일환으로 심해를 탐사 중인 해저 탐험대는 정체 모를 거대 생물에게 공격을 당한다. 긴급 투입된 심해 구조 전문가 조나스(제이슨 스타뎀)는 그것이 200만년 전 멸종된 것으로 알려진 ‘메가로돈’임을 주장한다. 아무도 믿으려 하지 않지만, 조나스는 역사상 가장 위대하고 가장 거대한 포식자와 두 번째로 마주하는 것인데…",/nJW6nWxQh9vq9RHayZFzuRF9ybj.jpg,False
FR,프랑스,movie,298618,플래시,The Flash,en,2023-06-13,"28,878,12","액션, SF, 모험",26.2434,6.616,5138,"시공간이 붕괴된 세계, 차원이 다른 히어로가 온다! 빛보다 빠른 스피드, 물체 투과, 전기 방출, 자체 회복, 천재적인 두뇌까지 갓벽한 능력을 자랑하지만 존재감은 제로, 저스티스 리그에서 궂은일을 도맡아 하는 히어로 ‘플래시’. 어느 날 자신에게 빛보다 빠른 속도로 달리면 시공간 이동 능력이 있음을 알게 된 그는 ‘브루스 웨인’의 만류를 무시한 채 끔찍한 상처로 얼룩진 과거를 바꾸기 위해 시간을 역행한다. 의도치 않은 장소에 불시착한 ‘플래시’는 멀티버스 세상 속 또 다른 자신과 맞닥뜨리고 메타 휴먼이 흔적도 없이 사라지고 모든 것이 뒤엉킨 세상과 마주하게 된다. ‘플래시’는 자신이 알던 모습과 전혀 달라진 나이 들고 은퇴한 ‘배트맨’과 크립톤 행성에서 온 ‘슈퍼걸’의 도움으로 외계의 침공으로부터 시간과 차원이 붕괴된 지구를 구하려 나서는데…",/wgjojKrLVoeWhx0C22YjdAkizgH.jpg,True
FR,프랑스,movie,49521,맨 오브 스틸,Man of Steel,en,2013-06-12,"28,12,878","액션, 모험, SF",25.234,6.657,16421,"무리한 자원 채취로 크립톤 행성의 종말이 다가오자 조드 장군은 반란을 일으켜 자신들만의 왕국을 건설하려 한다. 이에 반대한 조엘은 크립톤인의 유전자 정보가 담긴 코덱스를 빼돌려 이를 갓 태어난 자신의 아들 칼엘과 함께 지구로 보내고, 반란에 실패한 조드 장군은 감옥에 갇힌다. 지구에 도착한 칼엘은 뒤늦게 자신의 정체를 알아내지만 감옥에서 탈출한 조드 장군의 공격을 받는다. 조드 장군은 코덱스를 되찾아 지구에 새로운 왕국을 건설하려 하고클라크 켄트는 자신을 그토록 괴롭혔던 지구인을 지키기 위해 조드 장군과 전면 승부를 벌인다.",/8Qx9fp2lZJU4v67jks6MmOMBCQg.jpg,False
FR,프랑스,movie,1396749,와일드 씽,와일드 씽,ko,2026-06-03,"35,10402","코미디, 음악",24.1277,5.941,17,"한때 가요계를 휩쓸었지만 예기치 못한 사건에 휘말려 하루아침에 해체된 3인조 혼성 댄스 그룹 트라이앵글. 20년 만에 리더 현우에게 재기의 발판이 될 트라이앵글 공연 제안이 들어오고, 인생의 마지막 기회를 잡기 위해 멤버들을 찾아 나선다. 생계형 방송인이 된 현우, 재벌가 며느리가 된 도미, 솔로 앨범으로 빚더미에 앉은 상구까지 세 사람은 다시 모여 공연장으로 향하지만, 과거 트라이앵글의 라이벌 발라드 왕자 성곤과 악연으로 얽힌 전소속사 박대표까지 나타나며 상황은 점점 걷잡을 수 없이 꼬여가는데…",/s4IUDzLZJb4CosgEXcmouY32Jfg.jpg,False
FR,프랑스,movie,402431,위키드,Wicked,en,2024-10-16,"18,10749,14","드라마, 로맨스, 판타지",26.0075,6.908,3145,"자신의 진정한 힘을 미처 발견하지 못한 엘파바, 자신의 진정한 본성을 아직 발견하지 못한 글린다. 전혀 다른 두 사람은 마법 같은 우정을 쌓아간다. 그러던 어느 날, 마법사의 초대를 받아 에메랄드 시티로 가게 되고 운명은 예상치 못한 위기와 모험으로 두 사람을 이끄는데...",/mCB6biaBEafLGbs1eTImqlOgZj9.jpg,False
FR,프랑스,movie,9502,쿵푸팬더,Kung Fu Panda,en,2008-06-04,"28,16,35,10751","액션, 애니메이션, 코미디, 가족",24.5784,7.332,12838,"평화의 계곡에서 아버지의 국수 가게를 돕고 있는 팬더 포. 아버지는 국수의 비법을 알려주어 가업을 잇게 하고 싶지만, 포의 관심사는 오로지 쿵푸 마스터. 가게 일은 뒷전으로 하고 쿵푸의 비법이 적힌 용문서의 전수자를 정하는 무적의 5인방 대결을 보러 시합장을 찾은 포. 그런데 마을의 현인 우그웨이 대사부가 포를 용문서의 전수자로 점지하는 이변이 일어난다. 무적의 5인방은 물론 시푸 사부 역시 이 사태를 받아들이지 못하는 가운데, 용문서를 노리고 어둠의 감옥에서 탈출한 타이 렁이 마을을 습격해오자 그를 막아야 하는 미션이 포에게 떨어지는데...",/c3Dzd3A3QE0LkKb5HMOHTzs2Fyg.jpg,False
FR,프랑스,movie,436270,블랙 아담,Black Adam,en,2022-10-19,"28,12,878","액션, 모험, SF",27.3942,6.783,7147,"기원전 가장 번성하고 위대한 고대 국가였지만 현재는 국제 군사 조직 인터갱의 독재 국가로 전락한 칸다크. 인터갱의 눈을 피해 고대 유물을 찾던 아드리아나는 우연히 5000년 동안 잠들어 있던 블랙 아담을 깨우게 된다.  엄청난 괴력과 스피드, 방탄 능력과 자유자재의 고공비행, 번개를 쏘는 능력까지. 온몸이 무기인 블랙 아담은 자신의 앞을 막아서는 인터갱들을 모조리 쓸어버리고 칸다크 국민들은 이에 열광한다. 한편, 그의 폭주를 막기 위해 호크맨, 닥터 페이트, 아톰 스매셔, 사이클론으로 구성된 히어로 군단 저스티스 소사이어티가 칸다크에 나타나는데...",/mEdMHGy1FfCUc7PskFO0tibm8jp.jpg,True
FR,프랑스,movie,426063,노스페라투,Nosferatu,en,2024-12-25,"27,14","공포, 판타지",24.6355,6.71,3836,오랜 시간 통제할 수 없는 강력한 힘에 이끌려 악몽과 괴로움에 시달려 온 엘렌. 남편 토마스가 거액의 부동산 계약을 위해 머나먼 올록성으로 떠난 후부터 엘렌은 불안 증세가 심해지고 알 수 없는 말을 되뇌인다. 기이한 현상들이 일어나며 마을로 점점 짙게 번져오는 그림자. 영원한 어둠 속에서 깨어난 올록 백작이 찾아오는데…,/soIj2QYF9eBhQquSzStkzmtRwJn.jpg,False
FR,프랑스,movie,1330021,아쿠아리움이 문을 닫으면,Remarkably Bright Creatures,en,2026-05-07,"18,9648","드라마, 미스터리",24.2445,8.478,811,작은 마을의 아쿠아리움에서 야간 근무를 하는 여자. 남편과 사별한 그녀는 영리한 문어와 삶의 방향을 잃은 젊은 남자와 친구가 된다. 베스트셀러를 원작으로 한 감동적인 드라마 영화.,/mUt0SnTp0oAN38BHD7NGX8hmwAT.jpg,False
FR,프랑스,movie,549509,브루탈리스트,The Brutalist,en,2024-12-20,18,드라마,24.1407,6.949,1723,"전쟁의 상흔을 뒤로하고 미국에 정착한 건축가 라즐로 토스. 미국 이민자의 냉혹한 현실 속에 전쟁의 트라우마를 견뎌내던 어느 날. 라즐로의 천재성을 알아본 부유한 사업가 해리슨이 기념비적인 건축물 설계를 제안한다. 하지만, 시대와 공간, 빛의 경계를 넘어 대담하고 혁신적인 그의 건축 설계는 사람들의 공감을 얻지 못하고 반대에 부딪히게 된다. 후원자 해리슨의 감시와 압박, 주변의 비난이 거세질수록 오히려 더 자신의 설계에 집착하던 라즐로. 혁신적인 브루탈리즘 건축에 자신을 투영하던 라즐로는 결국 공사가 중단될 위기에 처하는데...",/bevMyKDaPWSWubHIfclFf1iy8lO.jpg,True
FR,프랑스,movie,111,스카페이스,Scarface,en,1983-12-09,"28,80,18","액션, 범죄, 드라마",22.7914,8.154,13250,"1980년 5월 쿠바가 마리엘 항을 개항하여 반카스트로 지지자들이 미국 플로리다에 입항한다. 토니 몬타나와 마니리베라도 이민 수용소로 보내진다. 3개월 후 마니가 수용소에 있는 레벤가라는 자를 살해해 주면 신분증을 입수해 주겠다는 일을 받아 수용소에 폭동을 일으켜 레벤가를 암살한다. 접시닦이로 근근히 살아가던 토니는 프랭크의 부하로부터 콜롬비아 마약상과의 거래일을 맡았다가 위험천만한 위기를 넘긴다. 그 사건을 계기로, 토니는 프랭크의 신임을 얻고 그의 부하가 되지만, 수 개월 후 결국 자신을 없애려는 프랭크를 죽이고 조직을 장악, 보스 자리에 오르는데...",/zx7sXrMISbs8RI4URbjPyKocRgP.jpg,False
FR,프랑스,movie,24,킬 빌: 1부,Kill Bill: Vol. 1,en,2003-10-10,"28,80","액션, 범죄",24.0267,8.0,19200,"어느 한적한 오후, 행복한 결혼식을 앞둔 더 브라이드와 그녀의 신랑, 그리고 모든 하객들이 의문의 조직에 의해 처참하게 살해당한다. 그로부터 5년 후, 코마상태의 더 브라이드는 죽음 직전까지 갔다가 어렵게 깨어난다. 그리고 피로 얼룩진 과거가 그녀의 뇌리에 스치면서 서서히 복수의 리스트를 작성하기 시작한다. 그녀는 전세계적으로 악명높은 살인조직 데들리 바이퍼의 일원이었고, 조직의 보스인 빌을 포함한 5명의 일원이 새로운 삶을 앞둔 그녀를 처참하게 무너뜨렸음이 밝혀지자, 그녀는 텍사스, 멕시코, 일본을 방문하며 가장 잔인한 복수를 실행하게 되는데...",/lH82lk837fACeVZUmqHH0UiEeWL.jpg,False
FR,프랑스,movie,4935,하울의 움직이는 성,ハウルの動く城,ja,2004-09-09,"14,16,12","판타지, 애니메이션, 모험",25.0018,8.388,11267,"19세기 말 마법과 과학이 공존하고 있는 세계 앵거리. 소피는 돌아가신 아버지의 모자상점에서 쉴틈없이 일하는 18살 소녀이다. 어느 날 오랫만에 마을로 나간 소피는 우연히 하울을 만나게 된다. 하울은 왕실 마법사로서 핸섬하지만 조금 겁이 많은 청년이다. 황무지 마녀는 두 사람의 사이를 오해, 주문을 걸어 소피를 90살의 늙은 할머니로 만들어 버린다. 가족을 걱정한 소피는 집을 나오게 되고 황무지를 헤매다가 하울이 사는 성에서 가정부로 낯선 생활을 시작한다. 4개의 다리로 걷는 기괴한 움직이는 성 안에서 하울과 소피의 기묘한 사랑과 모험이 시작되는데...",/xiz6TiSduvR1U3VLfWVlBEdT9fO.jpg,False
FR,프랑스,movie,1740877,Storm on Sesame Street,Storm on Sesame Street,en,2026-08-03,"10751,16","가족, 애니메이션",36.8099,0.0,0,,/w4GrHRGgRQOYG95f2oVLYzGJ4Md.jpg,True
FR,프랑스,movie,333339,레디 플레이어 원,Ready Player One,en,2018-03-28,"12,28,878","모험, 액션, SF",24.3884,7.589,17170,"2045년, 암울한 현실과 달리 가상현실 오아시스에서는 누구든 원하는 캐릭터로 상상하는 모든 걸 할 수 있다. 웨이드 와츠의 유일한 낙은 오아시스에 접속하는 것. 어느 날 오아시스의 창시자인 괴짜 천재 제임스 할리데이는 자신이 가상현실 속에 숨겨둔 3개의 미션에서 우승하는 사람에게 오아시스의 소유권과 막대한 유산을 상속한다는 유언을 남기고, 그가 사랑했던 80년대 대중문화 속에 힌트가 있음을 알린다. 와츠가 첫 번째 수수께끼를 푸는 데 성공하자 이를 저지하기 위해 현실에서 살인도 마다하지 않는 IOI라는 거대 기업이 뛰어드는데...",/j4TIfwFrm8WnckByTnMFEAuIVju.jpg,True
FR,프랑스,movie,615656,메가로돈 2,Meg 2: The Trench,en,2023-08-02,"28,878,27","액션, SF, 공포",23.3687,6.374,4045,"전 세계에서 가장 깊은 마리아나 해구, 역사상 가장 거대하고 무자비한 포식자가 도사리는 그곳에서 강철 다이버 '조나스'(제이슨 스타뎀)가 더 맹렬하게 돌아온 '메가로돈'과 짜릿한 대결을 펼치는 액션 어드벤처",/cbAHK6Vrt0GClMRUxH8TsgC2JqL.jpg,True
FR,프랑스,movie,168259,분노의 질주: 더 세븐,Furious 7,en,2015-04-01,"28,80,53","액션, 범죄, 스릴러",22.7586,7.216,11401,"도미닉과 멤버들은 범죄조직 소탕 후 모든 전과를 사면 받고 평범한 일상으로 돌아간다. 하지만 평화도 잠시, 전작에서 처리한 범죄조직의 리더 오웬 쇼의 형 데카드 쇼가 동생의 복수를 위해 멤버들을 차례로 공격한다. 특수부대 출신 용병 데카드 쇼의 난입으로 한이 갑작스레 사망하게 되고, 도미닉의 집은 순식간에 폭파당한다. 이에 맞서는 정부요원 페티는 도미닉을 돕는 조건으로 납치당한 해커 램지의 구출을 의뢰하고, 도미닉은 멤버들을 다시 모아 숨막히는 반격을 시작한다.",/cuQdgDYANbKA46e4va2fz6fODkc.jpg,False
FR,프랑스,movie,8966,트와일라잇,Twilight,en,2008-11-20,"14,18,10749","판타지, 드라마, 로맨스",22.4548,6.28,14547,"17세의 평범한 고등학생 소녀 ‘벨라’는 집안 사정으로 워싱턴 주 포크스에 있는 아빠의 집으로 이사를 온다. 전학 첫날, ‘벨라’는 냉담하지만 자신을 무장 해제시킬 정도로 잘생긴 ‘에드워드’와 마주치고, 전율과 두려움 넘치는 인생의 전환을 맞이한다. ‘에드워드’와 돌이킬 수 없는 사랑에 빠져든 ‘벨라’. 하지만 ‘에드워드’와 그의 가족이 뱀파이어 일족이라는 사실을 알게 되고, 예기치 못한 운명에 빠져든다.",/ryvt6cLTjHHH7Nnce3Xi5S3I533.jpg,True
FR,프랑스,movie,254128,샌 안드레아스,San Andreas,en,2015-05-27,"28,18,53","액션, 드라마, 스릴러",21.9574,6.249,9117,"샌 안드레아스 단층이 마침내 끊어져 규모 9의 강진이 발생하자 구조헬기 조종사 드웨인 존슨은 사이가 멀어진 아내와 함께 외동딸을 구하기 위해 최악의 상황 속으로 뛰어든다. 세상이 무너지는 마지막 순간, 당신은 어디에서 누구와 함께 할 것인가!",/2ApoIxn6Bmtcj7BSXd8Cuyvd1QY.jpg,True
FR,프랑스,movie,118,찰리와 초콜릿 공장,Charlie and the Chocolate Factory,en,2005-07-13,"12,35,10751,14","모험, 코미디, 가족, 판타지",23.6048,7.038,16264,전 세계 누구에게나 사랑 받는 윌리 웡카 초콜릿 공장. 매일 엄청난 양의 초콜릿을 생산해 세계 각국으로 운반하고 있지만 그 누구도 공장을 드나 드는 사람을 본 적이 없는 비밀의 공간이다. 공장보다 더 신비로운 수수께끼는 공장장인 윌리 웡카라는 인물. 소문에 의하면 웡카는 몇 년 동안 공장 밖으로 나가본 적도 없다고 한다. 어느 날 윌리 웡카가 5개의 웡카 초콜릿에 감춰진 행운의 황금티켓을 찾은 어린이 다섯 명에게 자신의 공장을 공개하고 그 모든 제작과정의 비밀을 보여주겠다는 선언을 한다. 이제 전 세계 어린이들은 황금티켓을 찾기 위한 노력을 시작한다.,/iKP6wg3c6COUe8gYutoGG7qcPnO.jpg,True
FR,프랑스,movie,812583,나이브스 아웃: 웨이크 업 데드 맨,Wake Up Dead Man: A Knives Out Mystery,en,2025-11-26,"53,9648,35","스릴러, 미스터리, 코미디",21.6417,7.2,2717,브누아 블랑이 탐정 인생을 통틀어 가장 위험한 사건으로 돌아온다.어두운 과거를 지닌 작은 마을의 성당. 그곳에서 불가사의한 범죄가 발생한다. 그러자 브누아 블랑 탐정이 신실한 젊은 신부와 함께 수사에 나선다.,/qFXkslzkBIihZnwyYal9WnQ9OTe.jpg,True
FR,프랑스,movie,216015,그레이의 50가지 그림자,Fifty Shades of Grey,en,2015-02-11,"18,10749,53","드라마, 로맨스, 스릴러",22.3208,5.865,12484,"순수한 사회 초년생인 여대생 ‘아나스타샤’는 어느 날, 아픈 친구를 대신해 모든 것을 다 가진 매력적인 CEO ‘크리스찬 그레이’의 인터뷰를 맡게 된다. 단숨에 사람을 매료시키는 ‘크리스찬 그레이’의 마력에 ‘아나스타샤’는 순식간에 빠져들고, 그 역시 순수한 아나스타샤를 점점 더 알고 싶어지게 된다.  내 취향은 아주 분명해.  한편, 원하는 것을 모두 들어줄 만큼 완벽한 ‘그레이’의 숨겨진 비밀을 알게 된 ‘아나스타샤’는 거부할 수 없는 본능에 눈을 뜨게 되는데…",/iQaLakvYBzpmdHUB2h6h2aVY5nE.jpg,True
FR,프랑스,movie,829557,365일: 오늘,365 dni: Ten dzień,pl,2022-04-26,"10749,18","로맨스, 드라마",21.6186,5.95,1861,"재결합하여 그 어느 때보다도 열렬한 관계를 이어가는 라우라와 마시모. 하지만 마시모의 가족 관계, 그리고 라우라의 마음을 얻으려는 수수께끼의 남자로 인해 삶이 복잡해진다.",/nzrh7HhednL8gp08zR1rY3OAImC.jpg,True
FR,프랑스,movie,10625,퀸카로 살아남는 법,Mean Girls,en,2004-04-30,"18,35","드라마, 코미디",20.7068,7.227,9572,동물학자인 아버지를 따라 아프리카에서 성장한 케이디는 일리노이즈의 고등 학교로 전학을 오게 된다. 케이디가 전학 온 고등학교에는 레지나라는 퀸카가 그녀의 매력을 주무기로 학교의 여왕으로 군림을 하고 있었다.  레지나는 케이디가 지닌 미모와 지성이 자신이 누리고 있는 교내 '여왕벌'의 위치를 위협할 수 있다고 판단하고 그녀를 감시할 목적으로 케이디에게 접근을 하여 둘은 친구가 된다. 케이디는 수학시간에 만난 남학생 애런 사무엘에게 한눈에 반하여 그와 사귀려는 노력을 하지만 그는 바로 레지나의 헤어진 남자 친구였다. 케이디가 애런에게 관심이 있는 것을 안 레지나는 고의로 그들의 사이를 방해하고 케이디에게 모욕감을 느끼게 한다. 이 일을 계기로 케이디는 레지나를 극도로 미워하게 되고 둘 사이에는 서로상대를 꺽기 위한 숨막히는 권모술수가 동원된 팽팽한 대결이 시작되는데.,/6WcZxeBF5rOrTr7cocljvu3ET77.jpg,True
FR,프랑스,movie,281957,레버넌트: 죽음에서 돌아온 자,The Revenant,en,2015-12-25,"37,18,12","서부, 드라마, 모험",21.9872,7.541,19529,"서부 개척시대 이전인 19세기 아메리카 대륙, 전설적인 모피 사냥꾼인 휴 글래스 는 아들 호크를 데리고 동료들과 함께 사냥하던 중 회색곰에게 습격 당해 사지가 찢긴다. 하지만 돈에 눈이 먼 비정한 동료 존 피츠 제럴드 는 아직 살아 있는 휴를 죽이려 하고, 아들 호크가 이에 저항하자 호크마저 죽인 채 숨이 붙어 있는 휴를 땅에 묻고 떠난다. 눈 앞에서 하나뿐인 아들의 죽음을 목격한 휴는 처절한 복수를 위해 부상 입은 몸으로 배신자 존 피츠제럴드의 뒤를 쫓아 300km가 넘는 광활하고 거친 야생에서 인간의 한계에 도전하는데...",/8LqhLTQHb3fJn4ddZtQva03cKC.jpg,True
FR,프랑스,tv,5920,멘탈리스트,The Mentalist,en,2008-09-23,"80,18,9648","범죄, 드라마, 미스터리",282.3209,8.374,4510,"2008년 9월 CBS에서 방영을 시작한 범죄심리수사물. 예리한 관찰력과 날카로운 추리력을 가진 패트릭 제인은 사람들의 행동을 관찰해서 그 마음을 읽는 능력을 이용하여 돈벌이를 하며 살아가고 있었다. 그러다가 한 방송에서 연쇄살인범 레드존에 대한 언급을 하게 되고, 그로 인해 아내와 딸이 레드존에게 죽임을 당한다. 그 후 제인은 레드존에 대한 정보를 얻기 위해 CBI(캘리포니아 연방수사대)를 찾아가게 되고, 우연히 그들의 수사를 돕게 되면서 수사대의 자문위원이 되고 각종 범죄를 해결하며 레드존을 잡기 위한 정보도 취합해 간다.",/82hq7b8rPG0TFTV4SJk8Zfxj24H.jpg,False
FR,프랑스,tv,2734,로 앤 오더: 성범죄전담반,Law & Order: Special Victims Unit,en,1999-09-20,"80,18,9648","범죄, 드라마, 미스터리",266.8222,7.959,4308,추악한 성범죄를 수사하는 뉴욕 경찰 성범죄전담수사반의 활약을 그린 드라마.,/iofokHZoUB4Qhik4PflvJl8TT6a.jpg,False
FR,프랑스,tv,79744,루키,The Rookie,en,2018-10-16,"80,18,35","범죄, 드라마, 코미디",250.4278,8.547,3440,이혼 후 은행 강도를 당한 일을 계기로 LAPD에 지원한 40세의 최고령 신입을 중심으로 펼쳐지는 이야기,/9wz0GDLxCdKVCRfeBo951WETopv.jpg,False
FR,프랑스,tv,60625,릭 앤 모티,Rick and Morty,en,2013-12-02,"16,35,10765,10759","애니메이션, 코미디, Sci-Fi & Fantasy, Action & Adventure",216.1674,8.681,11237,술에 절어 사는 천재 과학자 릭은 투정이 심한 10대 손자 모티를 데리고 외계와 대체 현실로 아슬아슬한 모험을 떠난다.,/owhkU6KRqdXoUQpjV8uyZGPtX58.jpg,False
FR,프랑스,tv,65334,미라큘러스 레이디버그,"Miraculous, les aventures de Ladybug et Chat Noir",fr,2015-10-19,"10759,16,10762","Action & Adventure, 애니메이션, Kids",217.7688,8.057,4633,"프랑스 파리를 배경으로, 백인 아버지와 중국인 어머니 사이에서 태어난 중국계 프랑스인 소녀, 마리네트 청이 ‘레이디버그’로 변신해 악당으로부터 파리를 지키는 내용이다.",/2StXCVS3mm09HwRBWsee3QCz3TM.jpg,False
FR,프랑스,tv,1396,브레이킹 배드,Breaking Bad,en,2008-01-20,"18,80","드라마, 범죄",191.6317,8.947,18315,2008년 1월 AMC에서 방영을 시작한 범죄 스릴러. Breaking Bad는 막가기를 뜻하는 미국 남부 지방의 속어이다. 한때 노벨화학상까지 바라 볼 정도로 뛰어난 과학자였던 고등학교 화학 교사 월터 화이트는 자신의 50세 생일 날에 폐암 3기 진단을 받는다. 어느 날 동서와 함께 마약 단속 현장을 참관한 그는 현장에서 달아나는 옛 제자 제시를 발견한다. 뇌성마비에 걸린 고등학생 아들과 임신한 아내를 위해 제시에게 동업을 제의한 월터는 자신의 화학지식을 이용해 전례없는 고순도 고품질의 메스암페타민을 제조한다.,/anFx9aTOOYqgS3v7x3R84Kz67ly.jpg,False
FR,프랑스,tv,1408,하우스,House,en,2004-11-16,18,드라마,166.0173,8.566,7764,"2004년 11월 FOX에서 방영을 시작한 미스터리 의학 시리즈. 프린스턴 플레인즈보로 대학병원의 진단의학과 과장인 그레고리 하우스는 환자들을 성심성의껏 돌보는 데는 영 꽝인 의사. 사사건건 병원 원장인 리사 커디와 부딪히는 그는 못된 매너와 그 매너를 더욱 돋보이게 하는 외모로 유명하지만, 또한 창조적인 생각과 결점없는 의학적 본능을 유감없이 발휘하는 최고의 의사이기도 하다. 천재적인 분석능력을 갖춘 전염병 전문의로서 그가 이제 인명을 살리기 위한 흥미롭고 미스터리한 의학의 퍼즐을 풀어간다.",/3Cz7ySOQJmqiuTdrc6CY0r65yDI.jpg,False
FR,프랑스,tv,34307,쉐임리스,Shameless,en,2011-01-09,"18,35","드라마, 코미디",155.5561,8.167,3423,미국 시카고 후미진 마을에서 힘겹게 살고 있는 싱글 대디 프랭크와 총명하고 독립적인 그의 여섯 자녀들의 리얼한 이야기,/9ZTivNsXHQWVq578CIsvsM5zd08.jpg,False
FR,프랑스,tv,94664,무직전생 ~이세계에 갔으면 최선을 다한다~,無職転生 ～異世界行ったら本気だす～,ja,2021-01-11,"10759,16,10765","Action & Adventure, 애니메이션, Sci-Fi & Fantasy",149.1897,8.469,1634,"'나는 이 세계에서 최선을 다하겠어!' 34세 총각에 무직인 방구석 폐인이었던 남자. 그는 부모님의 장례식 날에 집에서 쫓겨나 트럭에 치여 목숨을 잃었다. 다시 눈을 떴을 때 그는 검과 마법이 존재하는 이세계에서 아기로 다시 환생해 있었다! 쓰레기처럼 살아온 남자는 소년 루데우스로서 이세계에서 최선을 다해 살아가기로 맹세한다! 루데우스를 기다리는 것은 로리 마술사, 엘프 귀를 가진 소꿉친구, 흉포한 새침데기 아가씨와 그 외 다양한 인간들과의 만남. 그리고 가혹한 모험과 전투. 그의 새로운 인생이 움직이기 시작한다! '인생 재시작' 판타지, 개막!",/bKGRbhv6ivalbt9sMniyxLVGnUZ.jpg,False
FR,프랑스,tv,66732,기묘한 이야기,Stranger Things,en,2016-07-15,"10759,9648,10765","Action & Adventure, 미스터리, Sci-Fi & Fantasy",138.0794,8.556,21593,"인디애나주의 작은 마을에서 행방불명된 소년. 이와 함께 미스터리한 힘을 가진 소녀가 나타나고, 마을에는 기묘한 현상들이 일어나기 시작한다. 아들을 찾으려는 엄마와 마을 사람들은 이제 정부의 일급비밀 실험의 실체와 무시무시한 기묘한 현상들에 맞서야 한다.",/mpOQpOKdo2XJnTqRzo1lTmDNsc1.jpg,False
FR,프랑스,tv,1911,본즈,Bones,en,2005-09-13,"80,18","범죄, 드라마",113.9606,8.185,3545,"워싱턴 D.C.의 제퍼소니안 재단의 연구소 소속 법인류학자인 템퍼런스 브레넌 박사와 FBI 워싱턴 지국 요원인 실리 부스, 그리고 브레넌 박사의 팀이 뼈만 남다시피한 시신을 조사해 해결하는 내용으로 실제 법인류학자인 '캐시 라익스'의 소설을 각색해 제작되었으며 국내에도 '본즈'라는 제목으로 원작 소설 시리즈가 발매되었다.",/24Mi1oDrdc1zbHju7FVHJA4sgYt.jpg,False
FR,프랑스,tv,1668,프렌즈,Friends,en,1994-09-22,35,코미디,132.7185,8.413,9268,"1994년 5월 NBC에서 방영을 시작한 시트콤. 미국 뉴욕 시 맨해튼의 그리니치 빌리지의 아파트와 까페 센트럴 퍼크를 중심으로 2-30대의 세 명의 남자와 세 명의 여자의 우정과 사랑, 삶을 그렸다. 부잣집 맏딸이자 응석받이로 자라 온 레이첼은 결혼식을 앞두고 결혼 선물들을 쳐다보던 중 자신이 남편보다 결혼선물을 더 사랑한다는 사실을 깨닫고 회의감을 느끼게 된다. 이를 계기로 불현듯 결혼식에서 도망쳐 나오게 되고, 뉴욕에 아버지의 그늘을 피할 곳을 찾다가 결혼식 전 우연히 만난 고등학교 동창 모니카와 재회하게 된다.",/2koX1xLkpTQM4IZebYvKysFW1Nh.jpg,False
FR,프랑스,tv,4604,스몰빌,Smallville,en,2001-10-16,"10765,10759,18","Sci-Fi & Fantasy, Action & Adventure, 드라마",104.543,8.19,4547,우리에게 슈퍼맨으로 친숙한 클라크 켄트의 유년기를 새로이 재조명한 워너 브라더스사의 SF시리즈물 드라마,/mHZSq8LA5Dt48JjaOZ5tcPXQRVN.jpg,True
FR,프랑스,tv,1402,워킹 데드,The Walking Dead,en,2010-10-31,"10759,18,10765","Action & Adventure, 드라마, Sci-Fi & Fantasy",106.4559,8.1,18043,"2010년 10월 AMC에서 방영을 시작한 좀비 아포칼립스물. 조지아 주의 보안관 릭은 범인 검거 중에 총상을 입고 혼수상태에 빠진다. 어느 날 혼수 상태에서 깨어난 릭은 폐허가 되어 버린 세상이 좀비들로 뒤덮여 있는 것을 발견한다. 쇠약해진 몸으로 병원을 빠져나온 릭은 워커라고 불리는 좀비들을 피해 생존자를 찾아다니고, 마을의 생존자 모건 부자의 도움을 받아 건강을 회복한 후 아내 로리와 아들 칼을 찾으러 애틀랜타로 떠나지만, 릭을 반긴 것은 셀 수 없이 많은 워커 무리들. 간신히 전차 내부로 피신한 릭을 백화점에 숨어있던 생존자 일행이 도와서 겨우 전차에서 빠져나오는데...",/nXzLSn04H4QyapOSwH76R3UE7Iw.jpg,False
FR,프랑스,tv,73586,옐로우스톤,Yellowstone,en,2018-06-20,"37,18","서부, 드라마",116.1301,8.269,3270,미국 최초의 국립 공원과 국경을 접하는 사람들의 지속적인 공격을 받으면서 미국에서 가장 큰 목장을 관리하는 존 던트의 이야기,/nmHvUWkUovDEJwZPlyPOktEzHf.jpg,True
FR,프랑스,tv,46952,블랙리스트,The Blacklist,en,2013-09-23,"18,80,9648","드라마, 범죄, 미스터리",118.8463,7.632,3669,FBI 10대 수배범에 올라가있는 거물 범죄 브로커 레이먼드 레딩턴이 어느날 갑자기 FBI 본부에 나타나 자수를 한다. 그러면서 레딩턴은 자신이 1급 범죄자들의 블랙리스트를 가지고 있다면서 사법거래를 요구하고 그 조건으로 FBI의 신참 프로파일러인 엘리자베스 킨하고만 이야기 하겠다고 요구한다. 한편 암에 걸린 양아버지를 두면서 남편과 함께 아기의 입양을 꿈꾸며 행복하게 살고 있던 엘리자베스의 삶은 레딩턴과의 만남과 우연히 발견하게 된 남편의 가짜 여권들을 통해 급변하게 되는데...,/4HTfd1PhgFUenJxVuBDNdLmdr0c.jpg,False
FR,프랑스,tv,37680,슈츠,Suits,en,2011-06-23,18,드라마,110.629,8.219,5841,"뜻밖의 행운일까, 아니면 뛰어난 재능일까. 뉴욕의 거대 로펌에 들어간 대학 중퇴 청년. 엘리트 변호사와 의기투합한 그가 시시하고 따분한 세상을 상대로 소송을 건다.",/lvYWwQj89ioSk9WzhC1KEujmpWa.jpg,False
FR,프랑스,tv,44217,바이킹스,Vikings,en,2013-03-03,"10759,18,10768","Action & Adventure, 드라마, War & Politics",108.6536,8.098,7765,2013년 3월 History에서 방영을 시작한 역사물. 바이킹 영웅 라그나 로스브로크는 새로운 대륙을 향해 탐험하고 싶어하지만 카테가트의 영주인 백작은 모험적인 항해를 원치 않아 라그나의 의견을 묵살한다. 라그나는 친구이자 배를 만드는 기술자인 플로키의 도움을 받아 백작 몰래 출항에 성공한다. 라그나는 새로운 대륙인 잉글랜드를 발견하고 동료들과 함께 노섬브리아 왕국 영토에 있는 수도원을 잔인하게 약탈하고 수도승 애설스탠을 노예로 삼는다. 처음 보는 바이킹의 야만적인 침략에 노섬브리아 왕국은 크게 분노하면서도 바이킹을 두려워하는데...,/bQLrHIRNEkE3PdIWQrZHynQZazu.jpg,False
FR,프랑스,tv,2316,오피스,The Office,en,2005-03-24,35,코미디,103.9015,8.587,5357,팬실베니아 스크랜튼에 위치한 사무용지 판매회사 던더 미플린의 스크랜턴 지점. 무미건조한 사무실에서 깐깐한 지점장과 독특한 캐릭터의 부하들이 벌이는 코믹 해프닝과 가슴 찡한 이야기가 펼쳐진다. BBC에서 방영된 동명 영국 시리즈의 할리우드 리메이크.,/7DJKHzAi83BmQrWLrYYOqcoKfhR.jpg,False
FR,프랑스,tv,58841,시카고 PD,Chicago P.D.,en,2014-01-08,"80,18","범죄, 드라마",101.7094,8.426,2612,"시카고 경찰들의 이야기. 일선에서 직접 범죄자들과 싸우는 제복 경찰들과, 조직범죄나 마약밀매 등의 범죄를 조사하는 정보팀 소속 대원들의 활약을 그린다.",/bez40PgT36RUu4gstD2A6GSM0tP.jpg,False
FR,프랑스,tv,502,세서미 스트리트,Sesame Street,en,1969-11-10,"10762,35","Kids, 코미디",109.3396,7.1,288,"새서미 스트리트는 미국 어린 아이들을 위한 장수 TV 시리즈였습니다. 이 프로그램은 교육적인 목적으로 만들어졌지만 짐 핸슨의 인형극, 애니메이션, 짧은 영화, 유머와 문화에 대한 내용들로 매우 창의적인 내용들을 다루고 있습니다. 첫 시리즈는 1969년 11월 10일 방영되었으며 당시 긍정적인 리뷰가 있었고 논란이 되기도 하였고 높은 평가를 받았습니다.",/wZC3fXTxR00YCjgqkc1N20seZJb.jpg,False
FR,프랑스,tv,209867,장송의 프리렌,葬送のフリーレン,ja,2023-09-29,"16,10759,18,10765","애니메이션, Action & Adventure, 드라마, Sci-Fi & Fantasy",87.4491,8.8,917,"용사 힘멜 일행과 함께 10년에 걸친 모험 끝에 마왕을 물리치고 세계에 평화를 가져온 마법사 프리렌. 천 년을 넘게 사는 엘프인 그녀는 힘멜 일행과 재회를 약속하고 혼자 여행을 떠난다. 그로부터 50년 후 프리렌은 힘멜을 찾아갔지만 50년 전과 달라진 게 없는 그녀에 비해 힘멜은 늙었고 수명이 얼마 남아있지 않았다. 그 후 죽음을 맞이한 힘멜을 보고 지금까지 '인간을 아는' 일을 하지 않았던 것을 후회하고 자신을 반성한 프리렌은 '인간을 알기 위한' 여행을 떠난다. 그 여로에는 다양한 사람들과의 만남, 다양한 사건들이 기다리고 있었는데──.",/mnj30hYDVAbL9BOA0f4HrKubAGF.jpg,False
FR,프랑스,tv,45140,틴 타이탄 GO!,Teen Titans Go!,en,2013-04-23,"16,10759,35,10751,10765","애니메이션, Action & Adventure, 코미디, 가족, Sci-Fi & Fantasy",83.6493,6.432,717,10대 히어로들의 평범하지만 평범하지 않은 일상을 그린 틴 타이탄의 외전격인 애니메이션,/kPKAigYUlWRpnfo4Ptiwlz4FWXU.jpg,False
FR,프랑스,tv,71790,스와트,S.W.A.T.,en,2017-11-02,"80,10759,18","범죄, Action & Adventure, 드라마",82.347,8.041,1590,"로스앤젤레스에서 발생하는 특수임무를 수행하는 특수 기동대, S.W.A.T.은 리더 혼도의 지휘 아래, 팀원들은 꼬리에 꼬리를 무는 사건과 그 뒤에 숨은 거대한 세력에 맞서 도시를 지킨다.",/eQOVfnoxU2q670BiFojrLC767vq.jpg,False
FR,프랑스,tv,71712,굿 닥터,The Good Doctor,en,2017-09-25,18,드라마,94.077,8.454,12898,자폐증을 가진 젊은 외과 의사가 명문 병원에 들어가게된다. 이에 사람들과 소통하지 못하는 의사가 사람의 목숨을 구할 수 있을 까 하는 의문이 제기되는데...,/luhKkdD80qe62fwop6sdrXK9jUT.jpg,False
FR,프랑스,tv,95479,주술회전,呪術廻戦,ja,2020-10-03,"16,10759,10765","애니메이션, Action & Adventure, Sci-Fi & Fantasy",99.4051,8.6,4593,"소년은 싸운다 '올바른 죽음'을 위해  쓰라린 고통, 후회, 치욕. 인간으로부터 흘러나온 부정적인 감정이 저주로 변해 일상에 숨어든다. 저주는 세상에 만연한 재앙의 근원이며, 최악의 경우 인간을 죽음으로 이끈다. 그리고 저주는 저주로밖에 없앨 수 없다.  경이적인 신체능력을 가진 소년 이타도리 유지는 아주 평범한 고등학생이었지만, 어느 날 '저주'에 습격당한 친구를 구하기 위해 특급 주물 '양면 스쿠나의 손가락'을 먹고 영혼에 저주가 깃들게 된다. 저주인 '양면 스쿠나'와 몸을 공유하게 된 이타도리는 최강의 주술사인 고죠 사토루의 안내로 저주에 대항하는 전문 기관인 '도쿄 도립 주술 고등전문학교'에 편입하게 되는데... 저주를 없애기 위해 저주가 된 소년의 돌이킬 수 없는 장렬한 이야기가 움직이기 시작한다.",/pnn223i9v5kfYku6TbqdSbPePJp.jpg,False
FR,프랑스,tv,18165,뱀파이어 다이어리,The Vampire Diaries,en,2009-09-10,"18,10765","드라마, Sci-Fi & Fantasy",79.7466,8.3,9701,"L. J. 스미스의 뱀파이어 다이어리 소설 시리즈 원작. 뉴욕 외곽도시, 미스틱 폴즈의 한 고등학교를 배경으로 두 뱀파이어 형제 스테판과 데미언, 그리고 인간 소녀 엘레나의 로맨스를 그린다.",/b3vl6wV1W8PBezFfntKTrhrehCY.jpg,False
FR,프랑스,tv,63174,루시퍼,Lucifer,en,2016-01-25,"80,10765","범죄, Sci-Fi & Fantasy",92.0361,8.43,15600,지긋지긋한 지옥 생활을 청산하고 은퇴를 선언한 악마. LA로 와 나이트클럽을 열고 인생을 즐기던 어느 날 강력계 형사를 만나면서 새로운 삶을 살기 시작한다.,/ekZobS8isE6mA53RAiGDG93hBxL.jpg,False
FR,프랑스,tv,269,원 트리 힐,One Tree Hill,en,2003-09-23,18,드라마,86.118,7.8,610,"배다른 형제가 사랑, 그리고 농구를 두고 경쟁하는 드라마.  고등학교 농구팀의 에이스 네이선. 루커스가 팀에 새로 들어온 뒤, 경기력이 흔들린다. 루커스는 팀 내 라이벌일 뿐만 아니라, 네이선의 이복형제다.",/sOrelBaAhp7DZbPTivDwKEyPslC.jpg,False
FR,프랑스,tv,4629,스타게이트 SG-1,Stargate SG-1,en,1997-07-27,"10765,10759","Sci-Fi & Fantasy, Action & Adventure",88.4293,8.268,1867,"미국 시간으로 1997년 7월 27일에 첫 방송 되었으며 자그마치 10년에 걸친 드라마이다. 스타게이트 프랜차이즈는 미국드라마 사상 군사 SF류로써는 스타 트렉에 이은 2번째로 긴 시즌+에피소드를 자랑한다. 스타게이트 프로젝트 최초의 결성팀인 SG-1팀의 활약이 주 이야기이며, SG-1은 스타게이트 시리즈 중에서도 단일 드라마로는 미국 기준으로는 스몰빌과 함께 10시즌으로 최장 방영 SF드라마이다.[1] 다만 별 의미는 없지만, 에피소드 수는 스몰빌이 더 많다.  현직 공군 참모총장 두명이 카메오로 출연하고 주연 배우인 리처드 딘 앤더슨[2]이 시리즈 종료 후 공군 명예 준장을 수여받을 정도로 미 공군과의 관계가 각별하다. 공군은 우주군의 역할도 겸하기에[3] 홍보차원에서 SF시리즈에 대대적인 지원을 해 준 것으로 보이지만 사실 10년에 걸친 시리즈 대부분에 지구측 우주선이 거의 등장하지 않는다(...)[4] 애초에 주된 스토리 라인중 하나가 바로 지구측이 우주 함대로 무장하기 위해서 기술을 확보하는 것이 주요 목표중 하나라서 지구측 우주선이 잔뜩 나오면 시리즈가 끝난다(...) 그리고 진짜 끝났다. 덕분에 대부분의 액션은 공군과는 크게 관련없는 잠입/침투나 지상작전(...) 또한 주력으로 등장하는 총기가 공항 등 후방 방어용으로 설계된 P90만 죽어라고 등장하는 이유도 공군탓도 있을듯.현실은 민간으로 구하기 쉬운것 중에서 가장 미래형 디자인으로 생겼기에(...)[5]  아포피스의 첫 지구 침투 사건을 계기로 잭 오닐은 스타게이트 보관 기지의 책임자 조지 해먼드 장군에게 불려온다. 그는 스타게이트 사령부[6]에 합류하게 되며, 최초의 팀이자 최고의 팀인 SG-1을 맡게 된다. 이 SG-1팀을 중심으로 전개된다.",/dQjmI7XxI47v8IM2MUysHG0LuU2.jpg,True
FR,프랑스,tv,82452,아바타: 아앙의 전설,Avatar: The Last Airbender,en,2024-02-22,"10759,10765,18,10751","Action & Adventure, Sci-Fi & Fantasy, 드라마, 가족",74.7037,7.783,1310,"아바타로 밝혀진 소년이 전쟁에 휩싸인 세계를 구하려 한다. 그러기 위해서는 네 가지 원소의 힘을 마스터하고, 자신을 막으려 혈안이 된 무자비한 적에 맞서 싸워야 한다.",/toMLugPXtSiGTLmYrWKXIvbLG9R.jpg,False
FR,프랑스,tv,1411,퍼슨 오브 인터레스트,Person of Interest,en,2011-09-22,"18,10759,80,10765","드라마, Action & Adventure, 범죄, Sci-Fi & Fantasy",87.88,8.091,2113,"죽은것으로 알려진 전직 CIA 작전요원인 존 리스가 천만장자인 핀치를 만나 뉴욕시에서 개발한 강력 범죄가 일어나기전 미리 범인을 찾아내는 일을 시작한다. 핀치가 개발한 소프트웨어인 ""더 머신""이 범죄를 예측하면 존이 그 정보를 바탕으로 범죄를 저지를 인물 (Person of Interest)을 찾아 그들만의 방법으로 예방한다.",/f8aIvYk5h7Z8EP3dinCmVgQFYow.jpg,True
FR,프랑스,tv,60574,피키 블라인더스,Peaky Blinders,en,2013-09-12,"18,80","드라마, 범죄",85.4071,8.525,11270,"1919년 영국 버밍엄. 토마스 셸비를 주축으로 한 셸비 가문은 악명 높은 범죄 조직 ""피키 블라인더스""를 이끌고 암흑가의 정상을 차지하기 위해 수단과 방법을 가리지 않는다.",/tNywkichh1mbS8BZA6CUPB8Zqgd.jpg,False
FR,프랑스,tv,60735,플래시,The Flash,en,2014-10-07,"18,10765","드라마, Sci-Fi & Fantasy",98.3957,7.8,11715,낙뢰 사고의 후유증으로 초인적인 스피드를 가지게 된 CSI 수사관 배리 앨런이 범죄에 맞서 싸우는 영웅 플래시로 활약하는 이야기를 그리는 드라마,/yZevl2vHQgmosfwUdVNzviIfaWS.jpg,False
FR,프랑스,tv,57532,퍼피 구조대,PAW Patrol,en,2013-08-12,"16,10762","애니메이션, Kids",72.8193,6.985,815,"퍼피구조대 대장 라이더와 용감한 여섯마리의 강아지 구조대의 이야기. 안전한 어드벤쳐 베이를 만들기 위한 라이더 대장과 여섯마리 귀여운 강아지 구조대의 끊임없는 연습과 도전! 경찰견 체이스와 소방견 마샬, 공사견 러블, 미화견 로키에 해양구조견 주마와 하늘을 나는 스카이까지! 여섯마리 강아지의 엉뚱발랄 신나는 구조활동을 지켜봐주세요!",/juAmsE4GC6gql0L1HsDmABkLWuX.jpg,False
FR,프랑스,tv,199001,어느 날 월터 형제들과 살게 됐다,My Life with the Walter Boys,en,2023-12-07,18,드라마,82.4948,7.8,389,"비극적인 사건으로 삶의 위기를 만난 10대 소녀. 작은 시골 마을에서 후견인의 대가족과 함께 생활하면서 사랑과 희망, 우정에 관해 새로운 깨달음을 얻는다.",/eism6aN11LXaV3wpcuvf82wwcMM.jpg,True
FR,프랑스,tv,4656,WWE Raw,Raw,en,1993-01-11,10764,Reality,89.3726,6.8,367,WWE의 신기원을 연 획기적인 시리즈. 링 위에 오른 슈퍼스타들이 비할 데 없이 탁월한 기량과 극적인 드라마를 매주 실시간으로 선보인다.,/26v1iP77K6PySQRV0jBSnh3GtRc.jpg,False
FR,프랑스,tv,71728,영 셸던,Young Sheldon,en,2017-09-25,"35,10751,18","코미디, 가족, 드라마",68.3097,8.026,3051,'빅뱅이론'의 주인공 셸든 쿠퍼의 어린 시절을 다룬 이야기.,/c9J6uYthPPYpBHjOVEEWg7MvMtY.jpg,False
FR,프랑스,tv,296206,김부장,김부장,ko,2026-06-26,"10759,80,18","Action & Adventure, 범죄, 드라마",74.4886,7.931,87,"평범한 가장이자 아빠. 어느 날 딸이 흔적도 없이 실종되자, 그는 딸을 되찾기 위해 오래전 봉인해 둔 비밀 작전 기술을 다시 꺼내 든다. 하지만 곧 위험한 시선이 그를 향하기 시작한다.",/eKJNWq4akdrviR9qEF6xPhzKQU.jpg,False
FR,프랑스,tv,1407,홈랜드,Homeland,en,2011-10-02,"18,10768,80","드라마, War & Politics, 범죄",78.5816,7.591,2648,"이라크에서 사망한 것으로 추정되는 미군 병사가 실종된 지 8년 만에 돌아온다. 그러나 귀향의 기쁨이 사그라든 후, 그가 정말로 미국의 영웅이었는지 아니면 그가 테러를 계획하는 잠복 조직의 일원이었는지에 대한 의혹이 제기된다.",/6GAvS2e6VIRsms9FpVt33PsCoEW.jpg,False
FR,프랑스,tv,60059,베터 콜 사울,Better Call Saul,en,2015-02-08,"80,18","범죄, 드라마",74.8063,8.71,6721,"에미상 후보작 《브레이킹 배드》의 스핀 오프 시리즈로, 삼류 변호사 지미 맥길이 악덕 변호사 사울 굿맨으로 변하게 되는 과정을 그린다.",/4VrmpuhjCtsFNAyW8Cd1fYBKJtf.jpg,False
FR,프랑스,tv,1400,사인필드,Seinfeld,en,1989-07-05,35,코미디,63.2264,8.255,2403,코미디언 제리 사인필드가 직접 자신의 삶을 무대로 연기한 드라마.  래리 데이비드(《Curb Your Enthusiasm》)와 제리 사인펠드 제작. 뉴욕에 사는 4명의 싱글 친구들이 등장하는 거침없는 시트콤. 《LA Times》는 '끝내주는 작품'이라고 평했다.,/aCw8ONfyz3AhngVQa1E2Ss4KSUQ.jpg,False
FR,프랑스,tv,276161,참교육,참교육,ko,2026-06-05,"10759,18,35","Action & Adventure, 드라마, 코미디",72.9407,9.422,773,"선 넘는 학생, 학부모, 교사. 대한민국 교권이 무너졌다. 교육 현장을 바로잡기 위해 창설된 ‘교권보호국’. 그들의 유쾌, 상쾌, 통쾌한 참교육이 시작된다.",/bUsdsCTUUrqd1l9MZFgiJRypQG1.jpg,False
FR,프랑스,tv,12225,페파 피그,Peppa Pig,en,2004-05-31,"16,10762","애니메이션, Kids",63.8906,6.6,757,"페파 피그는 엄마, 아빠, 그리고 남동생 조지와 함께 사는 활기찬 돼지입니다. 그녀는 진흙 웅덩이에 뛰어드는 것과 큰 코웃음 소리를 내는 것을 좋아합니다.",/aTaGTqkbMWoy0ef0M48qJkMltxE.jpg,False
FR,프랑스,tv,56570,아웃랜더,Outlander,en,2014-08-09,"18,10765","드라마, Sci-Fi & Fantasy",84.0856,8.2,2944,"제2차 세계대전, 평범한 간호사가 알 수 없는 힘으로 18세기 스코틀랜드 중세시대로 타임슬립하면서 겪는 이야기.  다이애나 개벌든(Diana Gabaldon)의 인기 판타지 로맨스 소설 시리즈를 각색한 서사시적 드라마로, 시간을 초월하여 만난 두 연인의 사랑 이야기를 다룬다. 어느 날 1743년으로 시간 여행을 하게 된 20세기 종군 간호사 클레어(Claire)는 자신이 심각한 위험에 처했음을 알게 된다.",/xLvJrOTIftHwZSTlZTeu6aQUC3n.jpg,False
FR,프랑스,tv,85077,더 초즌: 부름 받은 자,The Chosen,en,2019-04-21,"10759,10751,18","Action & Adventure, 가족, 드라마",73.4995,8.8,938,가르침과 기적을 행하는 나사렛 예수. 다양한 계층의 사람들이 제자와 추종자를 자청하며 그를 따른다. 하지만 로마 당국은 이런 상황에 불안을 느끼기 시작한다.,/dqVUFuNrMFWt7uGNWlpo91VKYOI.jpg,False
FR,프랑스,tv,259140,란마1/2,らんま1/2,ja,2024-10-06,"16,10759,35","애니메이션, Action & Adventure, 코미디",61.6788,8.12,171,"텐도 아카네 앞에 초면인 약혼남 사오토메 란마가 나타난다. 게다가 천재 무술 소년 란마에겐 대반전의 비밀이 있는데. 바로, 찬물을 뒤집어쓰면 소녀로 변신하는 것.",/yOFvSq8YGKSVvnbCc6IY4PWEssa.jpg,False
FR,프랑스,tv,38693,레고 닌자고,Ninjago: Masters of Spinjitzu,en,2012-01-11,"16,10759,10765,35,10751","애니메이션, Action & Adventure, Sci-Fi & Fantasy, 코미디, 가족",71.3387,7.974,784,"최초의 스핀짓주 마스터로 부터 내려져온, 선과 악의 대결을 종결시킬 그린닌자(로이드)를 지키기 위해, 마스터 우는 불, 번개, 얼음, 흙의 속성을 가진 원소 마스터들을 훈련시키는데....",/wz6ZqlyndVpdRayZi1gbYHWcqFi.jpg,False
FR,프랑스,tv,60572,포켓몬스터,ポケットモンスター,ja,1997-04-01,"16,10759,10765","애니메이션, Action & Adventure, Sci-Fi & Fantasy",69.5568,7.991,2223,"관동지방의 태초마을에 살고 있는 주인공 지우는 오박사로부터 피카츄와 몬스터볼, 포켓몬도감을 받아 포켓몬 마스터를 목표로 여행을 나선다. 회색체육관, 갈색체육관 등에서 격렬한 시합과 여러 곳에서 이루어지는 포켓몬과의 만남.",/vaXQOBNdQVtxUMN96cR4qQRxmoQ.jpg,False
FR,프랑스,tv,1422,더 미들,The Middle,en,2009-09-30,35,코미디,69.1861,7.563,763,"그다지 극적이지는 않은 중산층의 평범한 인생을 살아가고 있지만, 그 속에서 많은 사랑과 웃음을 찾아가는 그들의 이야기",/u6FluiFx3ocVS0MgZszfpPKXT2p.jpg,True
FR,프랑스,tv,69478,핸드메이즈 테일,The Handmaid's Tale,en,2017-04-26,"18,10765,10759","드라마, Sci-Fi & Fantasy, Action & Adventure",65.9733,8.159,3357,"남성 지배적인 전체주의 사회에서 생존을 위해 싸우는 시녀 오프레드의 이야기를 그린 드라마. 출산율이 급격하게 감소한 미국에서 가부장제를 기반으로 한 길리어드 정권이 집권한다. 한편 불임인 프레드 사령관 부부의 집에 시녀로 배치된 준은 오프레드라는 이름을 얻고, 탈출을 기약하며 살아간다.",/eGUT7j3n3rn5yGihlCgwUnD70HV.jpg,True
FR,프랑스,tv,46298,헌터x헌터,HUNTER×HUNTER,ja,2011-10-02,"16,10759,10765","애니메이션, Action & Adventure, Sci-Fi & Fantasy",65.948,8.661,2166,"곤프릭스는 보물섬에 사는 어린 소년이다. 곤은 아버지가 죽었다고 알려준 ‘헌터’ 카이트로부터 가르침을 받았지만, 아버지가 어디에선가 생존하여 최고의 헌터로 목숨을 걸고 미지의 아이템, 숨겨진 보물이나 진본을 찾아 다니고 있다고 생각한다. 곤은 전문 헌터가 되기로 결심하고 섬을 떠난다. 헌터가 되기 위해서는 반드시 헌터시험을 통과해야 되는데, 그 와중에 다른 세 명의 지원자 크라피카, 레오리오, 키르아와 친구가 된다. 곤은 이 어려운 관문을 넘어서 세계 최고의 헌터가 될 수 있을까? 그리고 아버지를 만날 수 있을까?",/8YKlXBit3PlVTXf9A1ohccCf9lQ.jpg,False
FR,프랑스,tv,42009,블랙 미러,Black Mirror,en,2011-12-04,"10765,18,9648","Sci-Fi & Fantasy, 드라마, 미스터리",65.048,8.287,6370,"인간이 지닌 최악의 본성, 최고의 혁신 등을 드러내는 연작 시리즈. 틀을 깨는 기이하고 과감한 이야기들이 펼쳐진다.",/ej7Br2B8dkZZBGa6vDE8HqATgU7.jpg,False
FR,프랑스,tv,212989,레고 닌자고: 드래곤 라이징,LEGO Ninjago: Dragons Rising,en,2023-06-01,"16,10762,10759","애니메이션, Kids, Action & Adventure",65.8931,8.1,108,"서로 다른 세계에서 온 두 십 대. 새로이 얻은, 닌자의 힘을 바탕으로 임무에 나선다. 그건 바로, 드래곤의 생명력을 악용하려는 악당들로부터 드래곤을 지켜내는 것.",/cpKdJHbe6FIKlAbowG2ge8M8PYS.jpg,False
FR,프랑스,tv,313101,무사피르 카페,मुसाफ़िर कैफ़े,hi,2026-07-24,18,드라마,50.7472,7.3,9,"찬데르와 수다는 거부할 수 없는 끌림을 느끼지만, 운명은 두 사람을 갈라놓는다. 스쳐 지나간 사랑은 찬데르를 무사피르 카페로 이끌고, 프리티와의 만남으로 이어진다.",/1SbKjtoRKIpVQG5iYnumnfQIqhd.jpg,False
FR,프랑스,tv,4586,길모어 걸스,Gilmore Girls,en,2000-10-05,"35,18","코미디, 드라마",64.2759,7.9,1278,독립심이 강한 싱글맘 로렐라이는 아이비리그 진학은 문제없을 정도로 명석한 두뇌를 가진 딸 로리를 키운다. 이 모녀 사이에는 항상 재치 넘치는 대화가 끊이지 않는다.,/gwtzCwU2wdLLf8oejQu2TINiWfQ.jpg,True
FR,프랑스,tv,48891,브루클린 나인-나인,Brooklyn Nine-Nine,en,2013-09-17,"35,80","코미디, 범죄",62.662,8.209,4062,"경찰의 명예를 중시하는 원칙주의자 홀트 서장. 그 아래 재능은 물론 꼼수, 공갈, 운까지 총동원해서 어떻게든 사건을 해결해내는 듬직한(?) 형사들이 있는 곳. 브루클린 99 관할 경찰서에 오신 것을 환영합니다!",/mpjlDzVjp7oyHUe2LaF9ltKe6f1.jpg,False
FR,프랑스,tv,120089,스파이 패밀리,SPY×FAMILY,ja,2022-04-09,"16,10759,35","애니메이션, Action & Adventure, 코미디",67.3412,8.508,2316,"사람은 누구나 아무에게도 보여줄 수 없는 자신을 갖고 있다. 세계 각국이 물밑에서 치열하게 정보전을 펼치는 시대. 오스타니아와 웨스탈리스는 십수 년간에 걸쳐 냉전 상태에 있었다. 웨스탈리스의 정보국 대동과 'WISE' 소속의 수완가 스파이인 '황혼' 은 동서 평화를 위협하는 위험인물, 오스타니아의 국가통일당 총재 도노반 데스몬드의 동향을 살피기 위해 어떤 극비 임무를 수행하게 된다. 그 이름은 오퍼레이션 '올빼미'. 임무 내용은 ""일주일 이내에 가족을 만들어, 데스몬드의 아들이 다니는 명문 학교의 친목회에 잠입하라"". '황혼' 은 정신과 의사 로이드 포저로 위장하고 가족을 만들게 된다. 하지만, 그가 만난 딸 아냐는 마음을 읽을 수 있는 초능력자, 아내 요르는 암살자였다! 3명의 이해가 일치하여 서로 정체를 숨기면서 함께 생활하게 되는데. 해프닝 연속인 임시 가족에게, 세계의 평화는 맡겨졌다.",/rikBBQHmCTOiZ7YoJVkYcKdXgNx.jpg,False
FR,프랑스,tv,60622,파고,Fargo,en,2014-04-15,"80,18","범죄, 드라마",60.231,8.288,3350,"2014년 4월 FX에서 방영을 시작한 드라마. 코엔 형제의 동명의 영화를 원작으로 한다. 미네소타의 작은 마을 베미지. 집에서는 불만이 가득한 아내의 잔소리에, 밖에서는 자신을 우습게 보는 사람들에게 시달리며 하루하루 피곤한 나날을 보내는 40대의 가장 레스터 나이가드. 어느 날 우연히 거리에서 고교 동창인 샘 헤스를 만나고, 그 순간부터 레스터의 삶은 걷잡을 수 없이 꼬여만 간다. 한편 베미지의 경찰관인 몰리는 눈이 쌓인 숲속에서 속옷만 입은 채 얼어 죽은 시신을 발견한다.",/tGId4DT3LHd71zOyC73aR0TVCTe.jpg,True
FR,프랑스,tv,207333,백년의 고독,Cien años de soledad,es,2024-12-11,"18,10765","드라마, Sci-Fi & Fantasy",73.1753,7.9,222,"시간을 초월한 마콘도 마을. 7대에 걸쳐 이곳에서 살아가는 부엔디아 가문 사람들이 사랑과 망각, 그리고 벗어날 수 없는 과거와 운명 속을 헤쳐 나간다.",/8tMVYuw7GNmrEVGSeoE6o0hk2dn.jpg,False
TH,태국,movie,315635,스파이더맨: 홈커밍,Spider-Man: Homecoming,en,2017-07-05,"28,12,878","액션, 모험, SF",215.1899,7.3,23508,"토니 스타크의 제안을 받고 시빌 워에 참여한 피터 파커는 다음 임무가 언제일지 설렘을 안고 하루하루를 보낸다. 토니는 MIT 진학 준비에 전념할 것을 권하지만 친절한 이웃에 머무는 것은 피터의 성에 차지 않는다. 한편 어벤져스 군단과 외계 세력의 전투로 생긴 산업폐기물을 처리하던 아드리안 툼즈는 그 일이 토니 스타크와 정부에 넘어가면서 하루아침에 빈털터리가 된다. 이에 앙심을 품은 아드리안은 외계 첨단무기를 훔쳐서 개조하는 빌런이 되고, 그의 존재를 알게 된 피터는 도움을 빌리지 않고 자기가 일을 해결해보려고 한다.",/hjki9weYYVABvkpZbX5jBOmKXXv.jpg,False
TH,태국,movie,557,스파이더맨,Spider-Man,en,2002-05-01,"28,878","액션, SF",196.2912,7.34,21036,"평범하고 내성적인 고등학생 피터 파커는 우연히 방사능에 감염된 거미에 물린다.그 후, 피터는 손에서 거미줄이 튀어 나오고 벽을 기어 오를 수 있는 거미와 같은 능력을 갖게 된다. 다가오는 위험을 본능적으로 감지하는 초감각과 엄청난 파워를 소유하게 된 것이다. 피터는 짝사랑하던 메리 제인의 관심을 끌기 위해 멋진 스포츠카를 구입하는데 초능력을 처음 사용한다. 그러다 사랑하는 벤 아저씨의 죽음을 계기로 그 힘을 악의 세력에 대항하는데 쓰기로 결심한다. 한편 피터의 절친 해리 오스본의 아버지인 노만은 실험 도중 가스에 중독되어 악의 화신 그린 고블린으로 변하는데...",/4xOhtzXGt0if74dTmS4qtizFelX.jpg,True
TH,태국,movie,1311031,극장판 귀멸의 칼날: 무한성편,劇場版「鬼滅の刃」無限城編 第一章 猗窩座再来,ja,2025-07-18,"16,28,14","애니메이션, 액션, 판타지",156.147,8.647,1673,"혈귀로 변해버린 여동생 네즈코를 인간으로 되돌리기 위해 혈귀를 사냥하는 조직인 《귀살대》에 입대한 카마도 탄지로. 입대 후 동료인 아가츠마 젠이츠, 하시비라 이노스케와 함께 많은 혈귀와 싸우고, 성장하면서 세 사람의 우정과 유대는 깊어진다. 탄지로는 《귀살대》 최고위 검사인 《주》와도 함께 싸웠다. 「무한열차」에서는 염주・렌고쿠 쿄쥬로, 「유곽」에서는 음주・우즈이 텐겐, 「도공 마을」에서는 하주・토키토 무이치로, 연주・칸로지 미츠리와 함께 혈귀를 상대로 격렬한 전투를 벌였다. 그 후 다가올 혈귀와의 결전에 대비해 귀살대원들과 함께 《주》가 주도하는 합동 강화 훈련에 참가해 훈련을 받던 도중 《귀살대》의 본부인 우부야시키 저택에 나타난 키부츠지 무잔. 어르신의 위기에 달려온 《주》들과 탄지로였지만, 무잔의 술수로 의문의 공간으로 떨어지고 말았는데. 탄지로 일행이 떨어진 곳, 그곳은 혈귀의 본거지 《무한성》─ “귀살대”와 “혈귀”의 최종 결전의 포문이 열린다.",/a6wK0b9cIEnpu1og37ZyBah0Bv6.jpg,False
TH,태국,movie,1630409,채권추심원,คนเดือดทวงแค้น,th,2026-07-20,"28,53,80","액션, 스릴러, 범죄",139.9791,7.706,68,"감옥에서 출소한 후 죄책감에 시달리던 한 전직 채권 추심원이 불치병과 사투를 벌이며, 사채 피해자들을 위해 복수하기 위해 과거의 세계로 돌아온다.",/2h4ikWt6TddvIAhMdS3WGVXhaRf.jpg,False
TH,태국,movie,1510795,"Shake, Rattle & Roll: Evil Origins","Shake, Rattle & Roll: Evil Origins",tl,2026-06-05,27,공포,132.5101,3.0,4,,/3OdniYj4P7XbGb8qe2e16JK0hwO.jpg,False
TH,태국,movie,429617,스파이더맨: 파 프롬 홈,Spider-Man: Far From Home,en,2019-06-28,"28,12,878","액션, 모험, SF",122.0066,7.394,17280,"어벤져스 멤버들과 타노스와의 대접전을 마친 뒤, 지난 5년 동안 사라졌던 사람들이 동시에 돌아왔다. 아이언맨이 떠난 채 한동안 지구를 구할 히어로가 공석인 상황을 수습할 히어로는 현재 스파이더맨 피터 파커뿐이다. 친구들과의 유럽 현장학습 도중 닉 퓨리의 부름을 받게 된 피터는 미스테리오라는 정체 모를 히어로와 힘을 합쳐 엘리멘탈이라는 괴생명체를 무찔러야 하는 상황에 처한다. 그런데 피터는 지구를 구하는 일보다 MJ에게 멋지게 고백할 계획이 우선인데...",/3YewJtji80oIroeXUavNRZkeXfQ.jpg,False
TH,태국,movie,1668364,당신의 욕망,Deseo,es,2026-05-07,"9648,18","미스터리, 드라마",98.92,6.745,194,"모든 걸 다 가진 것처럼 보이는 여자. 격정적인 로맨스에 휘말리면서 걷잡을 수 없는 파국으로 치닫는다. 이를 계기로 가족을 향한 사랑이 시험대에 오르고, 결국 그녀는 가족을 지키기 위해 자신이 어떤 일까지 할 수 있는지 깨닫게 된다. 완벽해 보이는 삶을 사는 성공한 변호사 루세로. 딸의 젊은 수영 코치와 격정적인 불륜에 빠져든다. 금지된 욕망으로 시작된 관계는 이내 아슬아슬하게 유지해 온 결혼 생활과 커리어를 위협하는 불씨가 된다. 결국 루세로의 세상이 무너지면서 걷잡을 수 없는 파국이 시작되고, 가족을 향한 사랑이 시험대에 오르는데. 이제 루세로는 가족을 지키기 위해 어디까지 갈 수 있는지 자신의 한계를 마주하게 된다.",/iHcyv2w6KBlnCtcpAmgsLpA85ny.jpg,False
TH,태국,movie,102382,어메이징 스파이더맨 2,The Amazing Spider-Man 2,en,2014-04-16,"28,12,878","액션, 모험, SF",97.3268,6.551,14488,"스파이더맨의 삶에 완전히 적응한 피터 파커는 거미줄로 뉴욕을 활강하며 위험에 처한 시민들을 구해주고 사랑하는 연인 그웬과 데이트를 즐기며 행복하게 살아간다. 그러던 어느 날, 스파이더맨의 열렬한 팬이자 오스코프사의 전기 엔지니어인 맥스는 작업 중 치명적인 사고로 자신에게 엄청난 능력이 생긴 것을 발견한다. 하지만 이 능력으로 인해 뉴욕을 마비시킨 대규모 정전사태가 발생하고 사태를 해결하기 위해 나선 자신의 영웅 스파이더맨에게 공격을 당하자 배신감을 느끼고 분노하는데...",/eYaFLrKuEdzrGw6XG5ZTVciH28v.jpg,True
TH,태국,movie,949838,72시간,72 HOURS,en,2026-07-20,"35,80","코미디, 범죄",85.235,6.778,272,20대 청년들의 단체 채팅방에 실수로 초대된 마흔 살 기업 임원. 커리어를 지키기 위해 마이애미에서 열리는 광란의 총각 파티에 합류한다.,/3CgkGMUnfR2gfuvO2DUnxCOV5Vi.jpg,False
TH,태국,movie,1930,어메이징 스파이더맨,The Amazing Spider-Man,en,2012-06-23,"28,12,878","액션, 모험, SF",93.8603,6.747,18801,"어릴적 사라진 부모 대신 삼촌 내외와 살고 있는 피터 파커는 평범한 학교 생활을 하며 일상을 보내고, 같은 학교 학생 그웬 스테이시와 첫사랑에 빠져 우정과 사랑, 그리고 둘 만의 비밀을 키워나간다. 어느 날 아버지가 사용했던 가방을 발견하고 부모님의 실종사건에 대한 의심을 품게 된 그는 숨겨져 왔던 과거의 비밀을 추적하게 된다. 아버지의 옛 동료 코너스 박사의 실험실을 찾아가게 된 피터는 우연한 사고로 특별한 능력을 갖게 되고, 피터의 도움으로 연구를 완성한 코너스 박사는 자신의 숨겨진 자아인 악당 리자드를 탄생시키는데...",/a1Kup5VnmxjAHnsT3Sz7RtrC9UU.jpg,True
TH,태국,movie,278,쇼생크 탈출,The Shawshank Redemption,en,1994-09-23,"18,80","드라마, 범죄",79.645,8.727,30948,"촉망받는 은행 간부 앤디 듀프레인은 아내와 그녀의 정부를 살해했다는 누명을 쓴다. 주변의 증언과 살해 현장의 그럴듯한 증거들로 그는 종신형을 선고받고 악질범들만 수용한다는 지옥같은 교도소 쇼생크로 향한다. 인간 말종 쓰레기들만 모인 그곳에서 그는 이루 말할 수 없는 억압과 짐승보다 못한 취급을 당한다. 그러던 어느 날, 간수의 세금을 면제받게 해 준 덕분에 그는 일약 교도소의 비공식 회계사로 일하게 된다. 그 와중에 교도소 소장은 죄수들을 이리저리 부리면서 검은 돈을 긁어 모으고 앤디는 이 돈을 세탁하여 불려주면서 그의 돈을 관리하는데...",/qV9BQZdiM8foEzDz0Ag5hGWE5qM.jpg,False
TH,태국,movie,559,스파이더맨 3,Spider-Man 3,en,2007-05-01,"28,12,878","액션, 모험, SF",82.0099,6.5,15479,"대중의 사랑을 듬뿍 받으며 진정한 영웅으로 거듭난 스파이더맨, 피터 파커는 어느 날, 외계에서 온 수수께끼의 유기체인 심비오트에 감염되고 스파이더맨은 오리지날 스파이더맨에서 블랙 슈트 스파이더맨으로 변화한다. 한층 업그레이드 되고 강력해진 파워를 얻게 된 스파이더맨은 자신의 힘에 도취되어 마음껏 세상을 즐긴다. 그러나 아버지의 복수를 위해 뉴 고블린이 된 해리와 물리 실험에 노출되어 능력을 얻게 된 피터의 삼촌을 죽인 진범 샌드맨은 호시탐탐 스파이더맨을 노리는데...",/9atb6Nn8TRGxfwROJGuzOD24GNl.jpg,True
TH,태국,movie,1487861,엘리지의 그림자,Elize: Sombras de uma Mulher,pt,2026-07-22,"53,80,18","스릴러, 범죄, 드라마",70.277,7.375,132,"브라질을 충격에 빠뜨린 엘리지 마쓰나가 사건에서 영감을 받은 작품. 《엘리지의 그림자》는 남편을 살해하고 시신을 훼손한 엘리지의 이야기를 픽션의 시각으로 재구성해, 파란만장한 관계의 내막과 끔찍한 범죄로 이어진 선택을 조명한다.",/rfGsWCzUDVtv9DXW0hTbZeuTA6R.jpg,False
TH,태국,movie,324857,스파이더맨: 뉴 유니버스,Spider-Man: Into the Spider-Verse,en,2018-12-06,"16,28,12,878","애니메이션, 액션, 모험, SF",72.6553,8.393,17553,"평범한 10대 마일스 모랄레스는 우연히 방사능 거미에 물려 스파이더맨 능력을 가지게 된다. 혼란스러워하던 마일스는 악당과 싸우고 있는 피터 파커를 마주치게 되고 피터 파커는 마일스가 자신과 같은 능력을 가지고 있음을 직감한다. 여러 개의 평행세계가 존재한다는 것을 알게 된 마일스와 피터 파커는 이후 스파이더우먼 스파이더 그웬, 스파이더맨 누아르, 스파이더햄 등 평행세계 속 공존하는 모든 스파이더맨들을 만나게 되는데... 하나의 유니버스에서 만나 팀을 결성한 스파이더맨들은 과연 세계를 구할 수 있을까?",/d9V6Q9vpVpmaca7vwSUbCajtDb3.jpg,False
TH,태국,movie,569094,스파이더맨: 어크로스 더 유니버스,Spider-Man: Across the Spider-Verse,en,2023-05-31,"16,28,12,878","애니메이션, 액션, 모험, SF",70.2125,8.34,8922,"여러 성장통을 겪으며 새로운 스파이더맨이 된 마일스 모랄레스. 그 앞에 다른 평행세계의 스파이더우먼 그웬이 다시 나타난다. 모든 차원의 멀티버스 속 스파이더맨들을 만나게 되지만, 질서에 대한 신념이 부딪히며 예상치 못한 균열이 생기는데… 상상 그 이상을 넘어서는 멀티버스의 세계가 열린다!",/lMWTlGr9jVUC18T515hPRKym5QQ.jpg,True
TH,태국,movie,1007757,뒤바뀐 친구들의 신비한 모험,Swapped,en,2026-05-01,"12,16,10751,14","모험, 애니메이션, 가족, 판타지",63.4762,8.89,2063,갑자기 몸이 뒤바뀌게 된 작은 숲속 생물과 위풍당당한 새. 일생일대의 모험을 헤쳐나가기 위해 어쩔 수 없이 힘을 합친다.,/uv0iRQXDbtWHo1zPk3TZNo4Biti.jpg,False
TH,태국,movie,550,파이트 클럽,Fight Club,en,1999-10-15,"18,53","드라마, 스릴러",52.1098,8.4,32547,"자동차 회사의 리콜 심사관으로 일하는 주인공은 일상의 무료함과 공허함 속에서 늘 새로운 탈출을 꿈꾼다. 그는 비행기에서 자신을 비누 제조업자라고 소개하는 타일러 더든을 만난다. 집에 돌아온 주인공은 아파트가 누군가에 의해 폭파되었음을 발견하고, 타일러에게 도움을 청해 함께 생활하게 된다. 어느 날 밤 타일러는 주인공에게 자신을 때려달라고 부탁한다. 사람은 싸워봐야 진정한 자신을 알 수 있다는 것이다. 결국 이들은 매주 토요일 밤 술집 지하에서 맨주먹으로 격투를 벌이는 파이트 클럽을 결성하기에 이르는데...",/eKZ07Ted7VHxQjbuZrRBFOamcKJ.jpg,False
TH,태국,movie,122,반지의 제왕: 왕의 귀환,The Lord of the Rings: The Return of the King,en,2003-12-17,"12,14,28","모험, 판타지, 액션",54.0631,8.503,27009,"사우론이 인간들의 마지막 요새인 곤도르를 향해 야욕을 드러내고 있는 한편, 아라곤은 쇠락해가고 있는 곤도르의 재건을 위해 왕위 계승을 신중하게 결정지어야만 하는 상황. 이제 중간대륙의 미래는 그의 어깨에 달려있는 것. 사우론이 이끄는 어둠의 군대와의 마지막 전투를 위해 간달프는 곤도르에 흩어져 있던 병사들을 모으고, 로한의 왕 세오덴에게 도움을 받기도 하지만 사우론의 군대에 비하면 열세를 면치 못한다. 그러나 그들은 중간대륙을 사우론의 야욕으로부터 지키려는 사명감과, 마지막 반지 운반자에게 임무를 끝낼 기회를 주기 위해 어둠의 군대를 향해 돌진하게 되는데...",/n8BPIRqvj1SdTRND828ANXhmSng.jpg,False
TH,태국,movie,1318447,정점,Apex,en,2026-04-24,"28,53","액션, 스릴러",48.7424,6.885,1771,"슬픔에 잠긴 채 호주 오지로 모험을 떠난 여성. 홀로 자신의 한계를 밀어붙이던 중 목숨을 노리는 살인마를 맞닥뜨리고, 그가 교활하게 설계한 뒤틀린 게임에 속수무책으로 휘말린다.",/wGHGVAJGTn2BqsuFfPK8lzPiKjH.jpg,False
TH,태국,movie,120,반지의 제왕: 반지 원정대,The Lord of the Rings: The Fellowship of the Ring,en,2001-12-18,"12,14,28","모험, 판타지, 액션",46.7788,8.441,28021,"호빗이라 불리우는 난장이 종족 중의 한 명인 프로도는 자신의 삼촌에게서 우연히 절대 반지를 물려받게 되고, 마법사 간달프를 통해서 절대반지가 사우론의 손에 들어가면 악의 세력이 세상을 지배하게 된다는 것을 알게 된다. 하지만 절대반지를 영원히 파괴할 수 있는 유일한 방법은 반지가 만들어진 불의 산의 용암에 그것을 던져 넣는 길 뿐이다. 마침내 프로도와 그의 친구들, 엘프족인 레골라스, 난장이족 김리, 두명의 인간 전사 아라곤과 보로미르, 그리고 마법사 간달프로 구성된 반지 원정대가 길고도 험난한 여정을 떠나게 되는데...",/r18JdjImbWDRwkbVDIzWoLQqkCo.jpg,False
TH,태국,movie,803796,케이팝 데몬 헌터스,KPop Demon Hunters,en,2025-06-20,"14,10402,35,16","판타지, 음악, 코미디, 애니메이션",45.625,8.007,3065,"케이팝 슈퍼스타 루미, 미라, 조이. 매진을 기록하는 대형 스타디움 공연이 없을 때면 이들은 또 다른 활동에 나선다. 바로 비밀 능력을 이용해 팬들을 초자연적 위협으로부터 보호하는 것.",/5fqcLmrgVDicMuGLOa9PKErFP72.jpg,False
TH,태국,movie,1184918,와일드 로봇,The Wild Robot,en,2024-09-12,"10751,16,878,12","가족, 애니메이션, SF, 모험",46.488,8.311,6379,"우연한 사고로 거대한 야생에 불시착한 로봇 로즈는 주변 동물들의 행동을 배우며 낯선 환경 속에 적응해 가던 중, 사고로 세상에 홀로 남겨진 아기 기러기 브라이트빌의 보호자가 된다. 로즈는 입력되어 있지 않은 새로운 역할과 관계에 낯선 감정을 마주하고 겨울이 오기 전에 남쪽으로 떠나야 하는 브라이트빌을 위해 동물들의 도움을 받아 이주를 위한 생존 기술을 가르쳐준다. 그러나 선천적으로 몸집이 작은 브라이트빌은 짧은 비행도 힘겨워 하는데...",/iA9NiygwSOBy8FjZjvdYOMxRUG0.jpg,False
TH,태국,movie,1265609,워 머신: 전쟁 기계,War Machine,en,2026-02-12,"28,878,53","액션, SF, 스릴러",41.2676,7.44,2234,미 육군 레인저 훈련에서 마지막 혹독한 임무를 받은 전투 공병. 자신이 속한 부대를 이끌고 거대한 외계 살상 병기에 맞서 싸워야 한다.,/cfeIYPthWgq5XFZnx7cbpr7xFTp.jpg,False
TH,태국,movie,68718,장고: 분노의 추적자,Django Unchained,en,2012-12-25,"18,37","드라마, 서부",41.2509,8.193,28337,"흑인 노예 장고는 착한 사마리아인 같은 독일인 현금사냥꾼 닥터 킹의 도움을 받아 멋진 말을 타고 미국 평원을 달리며 헤어진 아내 브룸힐다를 찾아다니는 총잡이 낭만주의자로 변신한다. 그는 브룸힐다가 미시시피에서 가장 악독한 농장 캔디랜드의 노예로 일하고 있다는 소식을 듣고 농장주 캔디를 찾아간다. 아내를 구해야 하는 분노의 로맨티스트 장고, 그를 돕는 정의의 바운티 헌터 닥터 킹, 그리고 그들의 표적이 된 욕망의 마스터 캔디. 복수의 사슬이 풀리면, 세 남자의 피도 눈물도 없는 대결이 시작된다.",/iLKZv6yLIP8oHYxx1jdPyrvjlYS.jpg,True
TH,태국,movie,1297842,고트: 더 레전드,GOAT,en,2026-02-11,"16,35,10751","애니메이션, 코미디, 가족",43.6556,8.112,959,"큰 꿈을 품은 작은 염소 윌은 세계에서 가장 빠르고 사나운 동물들이 지배하는 고강도 혼성 풀컨택트 스포츠 ‘로어볼’의 프로 리그에 합류할 단 한 번의 기회를 얻게 된다. 새 팀의 동료들은 작은 염소가 팀 명단에 오른 것을 탐탁지 않게 여기지만, 윌은 ‘작아도 충분히 해낼 수 있다’는 것을 증명하고 스포츠의 판도를 바꾸겠다는 굳은 결의를 다진다. 이를 위해 그는 지금까지 한 번도 해본 적 없는 도전에 나서야 한다.",/otP94vckeMXAgQxzhcRkZSeSmYv.jpg,False
TH,태국,movie,1272837,28년 후: 뼈의 사원,28 Years Later: The Bone Temple,en,2026-01-14,"27,53,878","공포, 스릴러, SF",41.0706,7.105,1557,"분노 바이러스로부터 격리된 섬 홀리아일랜드로 돌아가지 않고 본토에 남기로 한 스파이크, 감염자와 공존하며 살아가는 켈슨 박사, 정체불명 인간 집단의 리더 지미가 얽히고 설키며 벌어지는 이야기",/ubgOSHAEhv1ds8BNHodhCcI13oH.jpg,False
TH,태국,movie,121,반지의 제왕: 두 개의 탑,The Lord of the Rings: The Two Towers,en,2002-12-18,"12,14,28","모험, 판타지, 액션",41.9497,8.425,24281,"9명의 반지원정대는 사우론의 세력에 맞서 반지를 지켜냈지만 반지 원정대는 뿔뿔이 흩어지게 된다. 메리와 피핀을 구하기 위해 우르크하이 군대를 추격하던 아라곤과 레골라스, 김리는 유령 숲에서 백색의 마법사로 부활한 마법사 간달프를 만나게 되고 사우론이 암흑세계의 두 개의 탑을 통합하여 점점 그 세력을 넓혀가고 있다는 사실을 듣게 된다. 이에 아라곤과 원정대는 중간계의 선한 무리의 통합을 이뤄 사우론의 세력을 견제해야 하는 큰 임무를 맡게 된다. 하지만 원수지간인 곤도르와 로한으로 나뉜 인간 종족의 통합은 쉽지 않고 게다가 로한의 왕마저 사루만에게 동화되는데...",/zxZdTi3fA7aDxEOivmzZAY2bmTu.jpg,False
TH,태국,movie,558,스파이더맨 2,Spider-Man 2,en,2004-06-25,"28,12,878","액션, 모험, SF",39.4777,7.321,16633,"우연한 사고로 특별한 능력을 갖게된 피터 파커는 대학생과 슈퍼 히어로의 신분을 오가며 짜릿한 생활을 하지만 사랑 하는 메리 제인에게조차 자신의 마음을 열 수 없는 현실은 그들을 안타까운 로맨스로 이끈다. 한편 스파이더맨에게 아버지를 잃고 복수심에 불타는 피터의 친구 해리가 연구 중 폭발로 기계촉수와 엄청난 파워를 갖게된 닥터 옥토퍼스에게 뿌리치지 못할 제안을 하면서 도시 전체가 걷잡을 수 없는 위험에 휘말리게 되고, 스파이더맨의 운명은 점차 예측불가능한 상황으로 전개되는데...",/kHY0fWF4fq1zPg7G1Pro8cTqGha.jpg,True
TH,태국,movie,218,터미네이터,The Terminator,en,1984-10-26,"28,53,878","액션, 스릴러, SF",43.7169,7.686,14876,"1997년, 인간이 만든 인공지능 컴퓨터 전략 방어 네트워크가 스스로의 지능을 갖추고는 인류를 핵전쟁의 참화을 일으켜 30억이라는 인류를 잿더미 속에 묻어버린다. 그리고 남은 인간들은 기계의 지배를 받아 시체를 처리하는 일 등에 동원된다. 이때 비상한 지휘력과 작전으로 인간들을 이끌던 사령관 존 코너는 반기계 연합을 구성, 기계와의 전쟁을 시작하면서 상황은 반전된다. 이에 기계는 존 코너의 탄생 자체를 막기 위해 2029년의 어느 날 타임머신에 터미네이터를 태워서 1984년의 L.A로 보내게 된다.",/y6FmrimVoBBKsERc08VyVP1NyNs.jpg,False
TH,태국,movie,933260,서브스턴스,The Substance,en,2024-09-07,"27,878,53","공포, SF, 스릴러",36.3647,7.131,6272,"한때 아카데미상을 수상하고 명예의 거리까지 입성한 대스타였지만 지금은 TV 에어로빅 쇼 진행자로 전락한 엘리자베스. 50살이 되던 날, 프로듀서에게서 어리고 섹시하지 않다는 이유로 해고를 당한다. 돌아가던 길에 차 사고로 병원에 실려간 엘리자베스는 매력적인 남성 간호사로부터 서브스턴스라는 약물을 권유받는다. 한 번의 주사로 젊고 아름답고 완벽한 수가 탄생하는데...",/oUkeyrXvGUEylOQtlYMv9esNRiu.jpg,True
TH,태국,movie,1306368,더 립,The Rip,en,2026-01-13,"28,53,80","액션, 스릴러, 범죄",32.454,7.087,1817,"허름한 은닉처에서 수백만 달러의 현금을 발견한 마이애미 경찰. 신뢰에 금이 가기 시작하면서 모든 사람, 모든 것이 의심의 대상이 된다.",/o0d6Us9VWOW0nHhoB7ZNIwigARG.jpg,False
TH,태국,movie,129,센과 치히로의 행방불명,千と千尋の神隠し,ja,2001-07-20,"16,10751,14","애니메이션, 가족, 판타지",35.4782,8.534,18643,평범한 열 살 짜리 소녀 치히로 식구는 이사 가던 중 길을 잘못 들어 낡은 터널을 지나가게 된다. 터널 저편엔 폐허가 된 놀이공원이 있었고 그곳엔 이상한 기운이 흘렀다. 인기척 하나 없는 이 마을의 낯선 분위기에 불길한 기운을 느낀 치히로는 부모님에게 돌아가자고 조르지만 부모님은 호기심에 들떠 마을 곳곳을 돌아다니기 시작한다. 어느 음식점에 도착한 치히로의 부모님은 그 곳에 차려진 음식들을 보고 즐거워하며 허겁지겁 먹어대다가 돼지로 변해버린다. 겁에 질려 당황하는 치히로에게 낯선 소년 하쿠가 나타나 빨리 이곳을 나가라고 소리치는데...,/u1L4qxIu5sC2P082uMHYt7Ifvnj.jpg,False
TH,태국,movie,37165,트루먼 쇼,The Truman Show,en,1998-06-04,"35,18","코미디, 드라마",31.4401,8.155,20559,"트루먼 버뱅크는 작고 조용한 섬마을에 사는 평범한 세일즈맨이다. 그런 그가 자신의 삶에 대해 의문을 갖기 시작한 것은 평소와 다름없이 평범한 어느 날, 갑자기 하늘에서 촬영용 조명등이 떨어지고, 어렸을 적 자신이 익사를 직접 목격했던 아버지가 살아오고, 또 누군가에 의해 끌려가는 등 상식 밖의 일들이 벌어지고 나서부터였다. 평생을 그다지 신경쓰지 않고 지냈던 일상이었지만 주변을 보니 이상한 일이 너무 많았다. 결국 자신이 특별한 상황에 놓여있다는 확신을 하게된 트루먼은 첫사랑 실비아의 모든 것이 다 거짓라는 말을 되새기며 일상으로부터 탈출을 결심하게 되는데...",/AsUv4pFf1UQuOLKf7nYUXgmgCNf.jpg,False
TH,태국,movie,614945,음성메시지가 도착했습니다,Voicemails for Isabelle,en,2026-06-20,"10749,35,18","로맨스, 코미디, 드라마",29.5308,8.365,746,"한 젊은 여성이 세상을 떠난 자매에게 웃기고 솔직한 음성 메시지를 남긴다. 그런데 이 메시지들이 본의 아니게 낯선 사람에게 전달되고, 그는 멀리서 그녀에게 마음을 뺏긴다.",/yOUKcPjv1cdTc2MsmXqqUwsrfOa.jpg,False
TH,태국,movie,558449,글래디에이터 II,Gladiator II,en,2024-11-13,"28,12,18","액션, 모험, 드라마",31.3694,6.603,4627,"로마의 영웅이자 최고의 검투사였던 막시무스가 콜로세움에서 죽음을 맞이한 뒤 20여 년이 흐른 후. 쌍둥이 황제 게타와 카라칼라의 폭압 아래 시민을 위한 자유로운 나라 로마의 꿈은 잊힌 지 오래다. 한편 아카시우스 장군이 이끄는 로마군에 대패한 후 모든 것을 잃고 노예로 전락한 루시우스는 강한 권력욕을 지닌 마크리누스의 눈에 띄어 검투사로 발탁된다. 로마를 향한 걷잡을 수 없는 분노, 타고난 투사의 기질로 콜로세움에 입성하게 된 루시우스는 결투를 거듭하며 자신이 진짜 누구인지 알게 되고 마침내 로마의 운명을 건 결전을 준비하게 되는데...!",/aJaKH3wJvdcMyq28vUhHnINWPjI.jpg,False
TH,태국,movie,475557,조커,Joker,en,2019-10-01,"80,53,18","범죄, 스릴러, 드라마",32.3258,8.12,28025,"홀어머니와 사는 아서 플렉은 코미디언을 꿈꾸지만 그의 삶은 좌절과 절망으로 가득 차 있다. 광대 아르바이트는 그에게 모욕을 가져다주기 일쑤고, 긴장하면 웃음을 통제할 수 없는 신경병 증세는 그를 더욱 고립시킨다. 정부 예산 긴축으로 인해 정신과 약물을 지원하던 공공의료 서비스마저 없어져 버린 어느 날, 아서는 지하철에서 시비를 걸어온 증권사 직원들에게 얻어맞던 와중에 동료가 건네준 권총으로 그들을 쏴 버리고 만다. 군중들은 지배계급에 대한 저항의 아이콘이 된 그를 추종하기 시작하며 광대 마스크로 얼굴을 가리고 거리로 쏟아져 나오기 시작하는데...",/6OnFzi7nU6t4j1rmX9QI8EYDWb4.jpg,True
TH,태국,movie,1202033,에놀라 홈즈 3,Enola Holmes 3,en,2026-06-30,"12,80,9648","모험, 범죄, 미스터리",24.8975,6.859,565,결혼식을 위해 몰타로 향하는 에놀라 홈즈. 하지만 셜록의 실종으로 위험한 사건에 휘말리게 되면서 그녀의 결혼 계획은 난관에 부딪힌다.,/zBUJQKxmTGTXGGfsWTB93sk2DV1.jpg,False
TH,태국,movie,18785,행오버,The Hangover,en,2009-06-02,35,코미디,28.7826,7.337,18313,더그의 결혼식을 앞두고 친구 세 명은 함께 라스베가스로 총각 파티를 떠난다. 멋진 호텔에서 한껏 즐거운 밤을 보낸 이들은 아침에 친구인 더그가 사라진 사실을 알게 된다. 아무 생각도 해낼 수 없던 이들은 지난 밤 만났던 사람들에게 친구를 수소문하고 우여곡절끝에 그를 결혼식장에 데려간다.,/A0uS9rHR56FeBtpjVki16M5xxSW.jpg,True
TH,태국,movie,335984,블레이드 러너 2049,Blade Runner 2049,en,2017-10-04,"878,18","SF, 드라마",32.4356,7.6,15415,"인간과 리플리컨트가 혼재된 2049년. 인간의 통제를 벗어난 리플리컨트를 쫓는 블레이드 러너 K는 임무 수행 도중 약 30년 전 여자 리플리컨트의 유골을 발견하고 충격적으로 출산의 흔적까지 찾아낸다. 리플리컨트가 출산까지 가능하다는 사실이 알려지면사회에 큰 혼란이 야기되므로 이를 덮으려는 경찰 조직과, 그 비밀의 단서를 찾아내 더욱 완벽한 리플리컨트를 거느리고 세상을 장악하기 위해 K를 쫓는 니안더 월레스. 리플리컨트의 숨겨진 진실에 접근할수록 점차 정체성의 혼란을 겪게 되는 K는 과거 블레이드 러너였던 릭 데커드를 만나 전혀 상상치 못한 진실을 마주하게 되는데...",/fJZmCJpLeBFKktLFEIKPEhllWlU.jpg,True
TH,태국,movie,72190,월드워 Z,World War Z,en,2013-06-19,"28,27,878","액션, 공포, SF",27.4485,6.848,16837,"세계 곳곳에서 원인을 알 수 없는 이변이 일어나기 시작하고, 정체 불명의 존재들의 무차별적 공격으로 도시는 순식간에 아수라장으로 변한다. 군인 출신으로 전시 경험이 풍부하고 위기 대처 능력이 뛰어난 전직 UN 소속 조사관 제리는 위험한 상황에서 가까스로 가족들과 탈출하는데 성공하고 이제껏 본 적 없는 인류 최대의 위기 앞에 대재난에 맞설 최후의 적임자로 지목된다. 마침내 제리는 전 세계를 위협하는 거대한 정체들과 직면하게 되고, 그들의 끊임없는 공격에 맞서 필사의 사투를 벌이게 되는데...",/cnUlKvIXbTmDnyp6pIGIMgdl332.jpg,False
TH,태국,movie,545611,에브리씽 에브리웨어 올 앳 원스,Everything Everywhere All at Once,en,2022-03-24,"28,12,878","액션, 모험, SF",27.6322,7.708,8216,"남편과 세탁소를 운영하며 근근히 살아가고 있는 이민자 이블린 왕. 20대 시절 남편과 순수한 사랑을 불태우며 모든 것을 뒤로 하고 미국으로 이민을 떠났지만, 50대가 된 지금은 세탁소 운영 등 온갖 일로 허덕이며 단란했던 가족과도 삐그덕거리는 등 고달프게 살고 있다. 세무조사를 받던 중 자신이 멀티버스의 여러 다른 자신들과 연결되어 있음을 알게 되고, 강력한 악의 기운으로부터 모든 우주와 가족을 구해내기 위한 모험에 나서게 되는데...",/dd29Kt2p2voyP2sB6p3jC36A7ce.jpg,False
TH,태국,movie,1509599,கட்டா குஸ்தி 2,கட்டா குஸ்தி 2,ta,2026-07-03,"35,18","코미디, 드라마",26.8719,3.625,4,,/5U8MWIk9XZ60NALyOTpyX7vXIR7.jpg,False
TH,태국,movie,1659155,믿는 자들,Los creyentes,es,2026-07-24,"53,18,9648","스릴러, 드라마, 미스터리",26.2699,5.73,63,"한동안 가족과 연을 끊고 살아온 30세 여성 루트(스테파니 마그닌). 석연치 않은 어머니의 사망 소식을 듣고 고향으로 돌아온다. 오랜만에 재회한 아버지 마르틴(호세 코로나도)은 은퇴 후 음침한 음모론에 심취한 나머지 괴팍하고 신경질적인 사람으로 변해 있다. 부녀 사이에 팽팽한 긴장이 감돌고, 아버지는 종잡을 수 없는 행동을 일삼는다. 그러자 루트는 어머니의 죽음에 아버지가 연루된 것은 아닌지 의심하기 시작한다. 살인범과 한 지붕 아래 살고 있는 것은 아닐까?",/pUvs1iFFMDy3sNp5dNmkRak1oxD.jpg,False
TH,태국,movie,1062722,프랑켄슈타인,Frankenstein,en,2025-10-17,"18,14,27","드라마, 판타지, 공포",29.1392,7.62,3674,과학자 빅터 프랑켄슈타인과 그의 손에서 탄생한 괴물이 펼치는 이야기. 고전이 된 메리 셸리의 소설을 오스카 수상 감독 기예르모 델토로가 영화화했다.,/vSMWJkBTEfa7kFxHizSz4uJNVlf.jpg,False
TH,태국,movie,345940,메가로돈,The Meg,en,2018-08-09,"28,878,27","액션, SF, 공포",25.535,6.252,8291,"국제 해저 관측 프로그램으로 일환으로 심해를 탐사 중인 해저 탐험대는 정체 모를 거대 생물에게 공격을 당한다. 긴급 투입된 심해 구조 전문가 조나스(제이슨 스타뎀)는 그것이 200만년 전 멸종된 것으로 알려진 ‘메가로돈’임을 주장한다. 아무도 믿으려 하지 않지만, 조나스는 역사상 가장 위대하고 가장 거대한 포식자와 두 번째로 마주하는 것인데…",/nJW6nWxQh9vq9RHayZFzuRF9ybj.jpg,False
TH,태국,movie,38365,다 큰 녀석들,Grown Ups,en,2010-06-24,35,코미디,28.4482,6.432,6797,초등학교 농구팀 팀원으로 지냈던 다섯 친구. 당시 코치 선생님의 부고 소식에 30년만에 재회한다. 그리고 가족동반으로 호숫가 별정에 간 이들. 어째 데리고 간 아이들보다 어른들이 더 말썽이다. 나이만 먹었지 정작 성장은 하지 못한 어른들이 이야기를 코믹하게 그린다.,/2vgdOjlrpuGTwnMNzFWPSuaKuVA.jpg,True
TH,태국,movie,1100988,28년 후,28 Years Later,en,2025-06-18,"27,53,878","공포, 스릴러, SF",27.2853,6.606,2767,"28년 전 생물학 무기 연구소에서 세상을 재앙으로 몰아넣은 바이러스가 유출된 후, 일부 생존자들이 모여 철저히 격리된 채 살아가는 섬 홀리 아일랜드. 이곳에서 태어나 한 번도 섬 밖을 나가 본 적 없는 소년 스파이크는 어느 날 섬을 떠나 본토에 발을 들이게 되고 난생처음 바이러스에 잠식된 세상을 마주하게 된다. 변이된 바이러스는 10,228일의 시간 동안 감염자들을 더욱 충격적으로 진화시켰고 스파이크는 그 실체를 목격하며 극강의 공포에 휩싸이게 되는데...",/zRo90O0bTKJem1aDgVa6Sm0gthE.jpg,False
TH,태국,movie,546554,나이브스 아웃,Knives Out,en,2019-11-27,"35,80,9648","코미디, 범죄, 미스터리",25.5163,7.84,14262,"미스터리 소설의 대가인 작가 할란이 자신의 85살 생일에 자신의 방에서 날카로운 단검으로 목이 그인 채 발견된다. 외딴 저택에 모인 할란의 간병인과 자식 내외, 그리고 3세들은 유산 상속을 놓고 대거 혼란에 빠진다. 파견된 형사들은 가족과의 면담을 할 수록 자살로 의견이 모이지만, 면담 중 멀찍이 떨어져 상황을 전망하는 푸른 눈의 사내는 형사들마저 압도하며 심문을 주도해나간다. 남자의 이름은 바로 브누아 블랑. 챔피언 사건을 해결해서 이름이 높아진 유명한 사립탐정이다.",/7brBiaaH1sToGV1YBi5EIUnyjo0.jpg,False
TH,태국,movie,519182,슈퍼배드 4,Despicable Me 4,en,2024-06-20,"16,35,28,878,10751","애니메이션, 코미디, 액션, SF, 가족",25.5294,6.979,3304,"슈트-업 하고 악당 전담 처리반 AVL이 된 에이전트 미니언즈와 미니언즈 만큼 귀여운 그루 주니어가 태어나면서 더욱 완벽해진 그루 패밀리. 이들 앞에 과거 그루의 고등학교 동창이자 그에게 체포당했던 빌런 맥심이 등장하고, 오직 그루를 향한 복수심에 불타올라 탈옥까지 감행한 맥심은 그루 패밀리의 뒤를 바짝 추격하며 위협을 가하기 시작하는데... 과연 에이전트 미니언즈와 그루 패밀리는 맥심을 막아낼 수 있을까?",/vZmCFVff9JySHTUp9zbYUIAcxzc.jpg,True
TH,태국,movie,1396749,와일드 씽,와일드 씽,ko,2026-06-03,"35,10402","코미디, 음악",24.1277,5.941,17,"한때 가요계를 휩쓸었지만 예기치 못한 사건에 휘말려 하루아침에 해체된 3인조 혼성 댄스 그룹 트라이앵글. 20년 만에 리더 현우에게 재기의 발판이 될 트라이앵글 공연 제안이 들어오고, 인생의 마지막 기회를 잡기 위해 멤버들을 찾아 나선다. 생계형 방송인이 된 현우, 재벌가 며느리가 된 도미, 솔로 앨범으로 빚더미에 앉은 상구까지 세 사람은 다시 모여 공연장으로 향하지만, 과거 트라이앵글의 라이벌 발라드 왕자 성곤과 악연으로 얽힌 전소속사 박대표까지 나타나며 상황은 점점 걷잡을 수 없이 꼬여가는데…",/s4IUDzLZJb4CosgEXcmouY32Jfg.jpg,False
TH,태국,movie,402431,위키드,Wicked,en,2024-10-16,"18,10749,14","드라마, 로맨스, 판타지",26.0075,6.908,3145,"자신의 진정한 힘을 미처 발견하지 못한 엘파바, 자신의 진정한 본성을 아직 발견하지 못한 글린다. 전혀 다른 두 사람은 마법 같은 우정을 쌓아간다. 그러던 어느 날, 마법사의 초대를 받아 에메랄드 시티로 가게 되고 운명은 예상치 못한 위기와 모험으로 두 사람을 이끄는데...",/mCB6biaBEafLGbs1eTImqlOgZj9.jpg,False
TH,태국,movie,9502,쿵푸팬더,Kung Fu Panda,en,2008-06-04,"28,16,35,10751","액션, 애니메이션, 코미디, 가족",24.5784,7.332,12838,"평화의 계곡에서 아버지의 국수 가게를 돕고 있는 팬더 포. 아버지는 국수의 비법을 알려주어 가업을 잇게 하고 싶지만, 포의 관심사는 오로지 쿵푸 마스터. 가게 일은 뒷전으로 하고 쿵푸의 비법이 적힌 용문서의 전수자를 정하는 무적의 5인방 대결을 보러 시합장을 찾은 포. 그런데 마을의 현인 우그웨이 대사부가 포를 용문서의 전수자로 점지하는 이변이 일어난다. 무적의 5인방은 물론 시푸 사부 역시 이 사태를 받아들이지 못하는 가운데, 용문서를 노리고 어둠의 감옥에서 탈출한 타이 렁이 마을을 습격해오자 그를 막아야 하는 미션이 포에게 떨어지는데...",/c3Dzd3A3QE0LkKb5HMOHTzs2Fyg.jpg,False
TH,태국,movie,1330021,아쿠아리움이 문을 닫으면,Remarkably Bright Creatures,en,2026-05-07,"18,9648","드라마, 미스터리",24.2445,8.478,811,작은 마을의 아쿠아리움에서 야간 근무를 하는 여자. 남편과 사별한 그녀는 영리한 문어와 삶의 방향을 잃은 젊은 남자와 친구가 된다. 베스트셀러를 원작으로 한 감동적인 드라마 영화.,/mUt0SnTp0oAN38BHD7NGX8hmwAT.jpg,False
TH,태국,movie,1100782,스마일 2,Smile 2,en,2024-10-16,"27,10402,9648,53","공포, 음악, 미스터리, 스릴러",24.3366,6.584,2260,월드투어를 앞두고 자신의 눈 앞에서 기괴한 미소와 함께 끔찍한 죽음을 맞은 친구를 목격한 팝스타 ‘스카이’. 그 날 이후 공연 리허설과 팬 미팅 행사 등 그녀의 삶 곳곳에서 끔찍한 일들이 잇따라 발생한다. 화려한 스타의 삶을 뒤덮은 공포에서 벗어나기 위해 몸부림치던 ‘스카이’는 자신이 죽어야만 전염처럼 번지는 저주가 끝난다는 사실을 듣게 되는데…,/4nQk1OgbtdnKYMEQiOwwMB4yGxn.jpg,False
TH,태국,movie,10867,말레나,Malèna,it,2000-10-27,18,드라마,24.5735,7.546,2756,"무솔리니 정권의 이탈리아, 한 시골마을에 사는 주인공 소년 레나토(주세페 술파로)는 마을에서 가장 아름다운 여인 말레나(모니카 벨루치)에 한눈에 반한다. 레나토의 라틴어 선생(피에트로 노타리안니)의 딸인 말레나는 전쟁으로 남편을 잃고 혼자 살고 있었다. 레나토는 빼어난 미모 때문에 온 마을 사내들의 정욕에 찬 시선과 아낙네들의 따돌림을 감내해야 하는 말레나를 늘 안타깝게 지켜본다.  어느 날 말레나의 남편 스코르디아(가에타노 아로니카)의 전사소식이 전해지고, 독일군이 점령한 마을에서 생계를 잃은 말레나는 창녀가 된다.",/d5JdpKKyG8bLCBQsAfFskPhuj19.jpg,True
TH,태국,movie,111,스카페이스,Scarface,en,1983-12-09,"28,80,18","액션, 범죄, 드라마",22.7914,8.154,13250,"1980년 5월 쿠바가 마리엘 항을 개항하여 반카스트로 지지자들이 미국 플로리다에 입항한다. 토니 몬타나와 마니리베라도 이민 수용소로 보내진다. 3개월 후 마니가 수용소에 있는 레벤가라는 자를 살해해 주면 신분증을 입수해 주겠다는 일을 받아 수용소에 폭동을 일으켜 레벤가를 암살한다. 접시닦이로 근근히 살아가던 토니는 프랭크의 부하로부터 콜롬비아 마약상과의 거래일을 맡았다가 위험천만한 위기를 넘긴다. 그 사건을 계기로, 토니는 프랭크의 신임을 얻고 그의 부하가 되지만, 수 개월 후 결국 자신을 없애려는 프랭크를 죽이고 조직을 장악, 보스 자리에 오르는데...",/zx7sXrMISbs8RI4URbjPyKocRgP.jpg,False
TH,태국,movie,24,킬 빌: 1부,Kill Bill: Vol. 1,en,2003-10-10,"28,80","액션, 범죄",24.0267,8.0,19200,"어느 한적한 오후, 행복한 결혼식을 앞둔 더 브라이드와 그녀의 신랑, 그리고 모든 하객들이 의문의 조직에 의해 처참하게 살해당한다. 그로부터 5년 후, 코마상태의 더 브라이드는 죽음 직전까지 갔다가 어렵게 깨어난다. 그리고 피로 얼룩진 과거가 그녀의 뇌리에 스치면서 서서히 복수의 리스트를 작성하기 시작한다. 그녀는 전세계적으로 악명높은 살인조직 데들리 바이퍼의 일원이었고, 조직의 보스인 빌을 포함한 5명의 일원이 새로운 삶을 앞둔 그녀를 처참하게 무너뜨렸음이 밝혀지자, 그녀는 텍사스, 멕시코, 일본을 방문하며 가장 잔인한 복수를 실행하게 되는데...",/lH82lk837fACeVZUmqHH0UiEeWL.jpg,False
TH,태국,movie,823219,플로우,Straume,lv,2024-08-29,"12,16,10751,14","모험, 애니메이션, 가족, 판타지",24.2867,8.077,2961,"인간이 살았던 흔적만이 남아있는 세상, 홀로 집을 지키던 '고양이'는 갑작스러운 대홍수로 평화롭던 일상과 아늑했던 터전을 잃고 만다. 때마침 다가온 낡은 배에 올라탄 '고양이'는 그 안에서 '골든 리트리버', '카피바라', '여우원숭이', '뱀잡이수리'를 만나고 서로의 차이점을 극복하고 팀을 이뤄 험난한 파도를 헤쳐나간다.",/iEDrRE5TWjKrWO2MtkCBR5aH7pT.jpg,True
TH,태국,movie,1084199,컴패니언,Companion,en,2025-01-22,"27,878,53","공포, SF, 스릴러",23.6714,7.009,2471,서로에게 딱 맞는 커플 ‘아이리스’와 ‘조시’는 친구들과 함께 호숫가의 별장으로 호화로운 휴가를 떠난다. 하지만 그곳에는 충격적인 사건이 기다리고 있는데…,/dq7CEYFCvQPfYIpAXOvJr3w6VLY.jpg,True
TH,태국,movie,4935,하울의 움직이는 성,ハウルの動く城,ja,2004-09-09,"14,16,12","판타지, 애니메이션, 모험",25.0018,8.388,11267,"19세기 말 마법과 과학이 공존하고 있는 세계 앵거리. 소피는 돌아가신 아버지의 모자상점에서 쉴틈없이 일하는 18살 소녀이다. 어느 날 오랫만에 마을로 나간 소피는 우연히 하울을 만나게 된다. 하울은 왕실 마법사로서 핸섬하지만 조금 겁이 많은 청년이다. 황무지 마녀는 두 사람의 사이를 오해, 주문을 걸어 소피를 90살의 늙은 할머니로 만들어 버린다. 가족을 걱정한 소피는 집을 나오게 되고 황무지를 헤매다가 하울이 사는 성에서 가정부로 낯선 생활을 시작한다. 4개의 다리로 걷는 기괴한 움직이는 성 안에서 하울과 소피의 기묘한 사랑과 모험이 시작되는데...",/xiz6TiSduvR1U3VLfWVlBEdT9fO.jpg,False
TH,태국,tv,5920,멘탈리스트,The Mentalist,en,2008-09-23,"80,18,9648","범죄, 드라마, 미스터리",282.3209,8.374,4510,"2008년 9월 CBS에서 방영을 시작한 범죄심리수사물. 예리한 관찰력과 날카로운 추리력을 가진 패트릭 제인은 사람들의 행동을 관찰해서 그 마음을 읽는 능력을 이용하여 돈벌이를 하며 살아가고 있었다. 그러다가 한 방송에서 연쇄살인범 레드존에 대한 언급을 하게 되고, 그로 인해 아내와 딸이 레드존에게 죽임을 당한다. 그 후 제인은 레드존에 대한 정보를 얻기 위해 CBI(캘리포니아 연방수사대)를 찾아가게 되고, 우연히 그들의 수사를 돕게 되면서 수사대의 자문위원이 되고 각종 범죄를 해결하며 레드존을 잡기 위한 정보도 취합해 간다.",/82hq7b8rPG0TFTV4SJk8Zfxj24H.jpg,False
TH,태국,tv,2734,로 앤 오더: 성범죄전담반,Law & Order: Special Victims Unit,en,1999-09-20,"80,18,9648","범죄, 드라마, 미스터리",266.8222,7.959,4308,추악한 성범죄를 수사하는 뉴욕 경찰 성범죄전담수사반의 활약을 그린 드라마.,/iofokHZoUB4Qhik4PflvJl8TT6a.jpg,False
TH,태국,tv,79744,루키,The Rookie,en,2018-10-16,"80,18,35","범죄, 드라마, 코미디",250.4278,8.547,3440,이혼 후 은행 강도를 당한 일을 계기로 LAPD에 지원한 40세의 최고령 신입을 중심으로 펼쳐지는 이야기,/9wz0GDLxCdKVCRfeBo951WETopv.jpg,False
TH,태국,tv,60625,릭 앤 모티,Rick and Morty,en,2013-12-02,"16,35,10765,10759","애니메이션, 코미디, Sci-Fi & Fantasy, Action & Adventure",216.1674,8.681,11237,술에 절어 사는 천재 과학자 릭은 투정이 심한 10대 손자 모티를 데리고 외계와 대체 현실로 아슬아슬한 모험을 떠난다.,/owhkU6KRqdXoUQpjV8uyZGPtX58.jpg,False
TH,태국,tv,65334,미라큘러스 레이디버그,"Miraculous, les aventures de Ladybug et Chat Noir",fr,2015-10-19,"10759,16,10762","Action & Adventure, 애니메이션, Kids",217.7688,8.057,4633,"프랑스 파리를 배경으로, 백인 아버지와 중국인 어머니 사이에서 태어난 중국계 프랑스인 소녀, 마리네트 청이 ‘레이디버그’로 변신해 악당으로부터 파리를 지키는 내용이다.",/2StXCVS3mm09HwRBWsee3QCz3TM.jpg,False
TH,태국,tv,1396,브레이킹 배드,Breaking Bad,en,2008-01-20,"18,80","드라마, 범죄",191.6317,8.947,18315,2008년 1월 AMC에서 방영을 시작한 범죄 스릴러. Breaking Bad는 막가기를 뜻하는 미국 남부 지방의 속어이다. 한때 노벨화학상까지 바라 볼 정도로 뛰어난 과학자였던 고등학교 화학 교사 월터 화이트는 자신의 50세 생일 날에 폐암 3기 진단을 받는다. 어느 날 동서와 함께 마약 단속 현장을 참관한 그는 현장에서 달아나는 옛 제자 제시를 발견한다. 뇌성마비에 걸린 고등학생 아들과 임신한 아내를 위해 제시에게 동업을 제의한 월터는 자신의 화학지식을 이용해 전례없는 고순도 고품질의 메스암페타민을 제조한다.,/anFx9aTOOYqgS3v7x3R84Kz67ly.jpg,False
TH,태국,tv,1408,하우스,House,en,2004-11-16,18,드라마,166.0173,8.566,7764,"2004년 11월 FOX에서 방영을 시작한 미스터리 의학 시리즈. 프린스턴 플레인즈보로 대학병원의 진단의학과 과장인 그레고리 하우스는 환자들을 성심성의껏 돌보는 데는 영 꽝인 의사. 사사건건 병원 원장인 리사 커디와 부딪히는 그는 못된 매너와 그 매너를 더욱 돋보이게 하는 외모로 유명하지만, 또한 창조적인 생각과 결점없는 의학적 본능을 유감없이 발휘하는 최고의 의사이기도 하다. 천재적인 분석능력을 갖춘 전염병 전문의로서 그가 이제 인명을 살리기 위한 흥미롭고 미스터리한 의학의 퍼즐을 풀어간다.",/3Cz7ySOQJmqiuTdrc6CY0r65yDI.jpg,False
TH,태국,tv,34307,쉐임리스,Shameless,en,2011-01-09,"18,35","드라마, 코미디",155.5561,8.167,3423,미국 시카고 후미진 마을에서 힘겹게 살고 있는 싱글 대디 프랭크와 총명하고 독립적인 그의 여섯 자녀들의 리얼한 이야기,/9ZTivNsXHQWVq578CIsvsM5zd08.jpg,False
TH,태국,tv,94664,무직전생 ~이세계에 갔으면 최선을 다한다~,無職転生 ～異世界行ったら本気だす～,ja,2021-01-11,"10759,16,10765","Action & Adventure, 애니메이션, Sci-Fi & Fantasy",149.1897,8.469,1634,"'나는 이 세계에서 최선을 다하겠어!' 34세 총각에 무직인 방구석 폐인이었던 남자. 그는 부모님의 장례식 날에 집에서 쫓겨나 트럭에 치여 목숨을 잃었다. 다시 눈을 떴을 때 그는 검과 마법이 존재하는 이세계에서 아기로 다시 환생해 있었다! 쓰레기처럼 살아온 남자는 소년 루데우스로서 이세계에서 최선을 다해 살아가기로 맹세한다! 루데우스를 기다리는 것은 로리 마술사, 엘프 귀를 가진 소꿉친구, 흉포한 새침데기 아가씨와 그 외 다양한 인간들과의 만남. 그리고 가혹한 모험과 전투. 그의 새로운 인생이 움직이기 시작한다! '인생 재시작' 판타지, 개막!",/bKGRbhv6ivalbt9sMniyxLVGnUZ.jpg,False
TH,태국,tv,66732,기묘한 이야기,Stranger Things,en,2016-07-15,"10759,9648,10765","Action & Adventure, 미스터리, Sci-Fi & Fantasy",138.0794,8.556,21593,"인디애나주의 작은 마을에서 행방불명된 소년. 이와 함께 미스터리한 힘을 가진 소녀가 나타나고, 마을에는 기묘한 현상들이 일어나기 시작한다. 아들을 찾으려는 엄마와 마을 사람들은 이제 정부의 일급비밀 실험의 실체와 무시무시한 기묘한 현상들에 맞서야 한다.",/mpOQpOKdo2XJnTqRzo1lTmDNsc1.jpg,False
TH,태국,tv,1405,덱스터,Dexter,en,2006-10-01,"80,18,9648","범죄, 드라마, 미스터리",131.2193,8.243,5724,"2006년 10월 Showtime에서 방영을 시작한 심리 스릴러. 미국 마이에미 메트로 경찰서의 젊은 법의학자이자 마이애미에서 제일가는 혈흔분석가인 덱스터는, 사실 어릴때 겪은 참혹한 기억으로 혹은 자신의 표현대로라면 괴물 잡아먹는 괴물인 소시오패스로 법망을 피해 처벌받지 않은 범죄자들을 살해하는 연쇄 살인범이다. 경찰이었던 아버지의 가르침대로 자신의 본성을 숨기고 여동생 데브라와 함께 마이애미 메트로 경찰서에서 근무하던 어느 날, 온 몸의 피가 모조리 빠져나간 토막살인 시체가 발견되고, 덱스터는 이유는 알 수 없지만 이 사건에 끌리게 된다.",/7v5mR5V60Lllc0Nv5rVTLWjSppA.jpg,True
TH,태국,tv,1911,본즈,Bones,en,2005-09-13,"80,18","범죄, 드라마",113.9606,8.185,3545,"워싱턴 D.C.의 제퍼소니안 재단의 연구소 소속 법인류학자인 템퍼런스 브레넌 박사와 FBI 워싱턴 지국 요원인 실리 부스, 그리고 브레넌 박사의 팀이 뼈만 남다시피한 시신을 조사해 해결하는 내용으로 실제 법인류학자인 '캐시 라익스'의 소설을 각색해 제작되었으며 국내에도 '본즈'라는 제목으로 원작 소설 시리즈가 발매되었다.",/24Mi1oDrdc1zbHju7FVHJA4sgYt.jpg,False
TH,태국,tv,1668,프렌즈,Friends,en,1994-09-22,35,코미디,132.7185,8.413,9268,"1994년 5월 NBC에서 방영을 시작한 시트콤. 미국 뉴욕 시 맨해튼의 그리니치 빌리지의 아파트와 까페 센트럴 퍼크를 중심으로 2-30대의 세 명의 남자와 세 명의 여자의 우정과 사랑, 삶을 그렸다. 부잣집 맏딸이자 응석받이로 자라 온 레이첼은 결혼식을 앞두고 결혼 선물들을 쳐다보던 중 자신이 남편보다 결혼선물을 더 사랑한다는 사실을 깨닫고 회의감을 느끼게 된다. 이를 계기로 불현듯 결혼식에서 도망쳐 나오게 되고, 뉴욕에 아버지의 그늘을 피할 곳을 찾다가 결혼식 전 우연히 만난 고등학교 동창 모니카와 재회하게 된다.",/2koX1xLkpTQM4IZebYvKysFW1Nh.jpg,False
TH,태국,tv,30984,블리치,BLEACH,ja,2004-10-05,"10759,16,10765","Action & Adventure, 애니메이션, Sci-Fi & Fantasy",114.2729,8.365,2204,"'쿠로사키 이치고'는 유령을 볼 수 있는 15세의 남자다. 특수한 체질을 가지고도 평범한 생활을 하던 이치고에게 갑자기 스스로를 사신이라고 소개하는 소녀 '쿠치키 루키아'가 나타난다. 유아울러 산 사람, 죽은 사람 안 가리고 공격해서 영혼을 먹어치우는 나쁜 혼령 '호로'도 모습을 드러낸다. 그런데 호로로 인해 이치고의 가족이 쓰러져가는데...",/2cT8jkEVsAL86CVKALR4pnaVLDb.jpg,False
TH,태국,tv,4604,스몰빌,Smallville,en,2001-10-16,"10765,10759,18","Sci-Fi & Fantasy, Action & Adventure, 드라마",104.543,8.19,4547,우리에게 슈퍼맨으로 친숙한 클라크 켄트의 유년기를 새로이 재조명한 워너 브라더스사의 SF시리즈물 드라마,/mHZSq8LA5Dt48JjaOZ5tcPXQRVN.jpg,True
TH,태국,tv,1402,워킹 데드,The Walking Dead,en,2010-10-31,"10759,18,10765","Action & Adventure, 드라마, Sci-Fi & Fantasy",106.4559,8.1,18043,"2010년 10월 AMC에서 방영을 시작한 좀비 아포칼립스물. 조지아 주의 보안관 릭은 범인 검거 중에 총상을 입고 혼수상태에 빠진다. 어느 날 혼수 상태에서 깨어난 릭은 폐허가 되어 버린 세상이 좀비들로 뒤덮여 있는 것을 발견한다. 쇠약해진 몸으로 병원을 빠져나온 릭은 워커라고 불리는 좀비들을 피해 생존자를 찾아다니고, 마을의 생존자 모건 부자의 도움을 받아 건강을 회복한 후 아내 로리와 아들 칼을 찾으러 애틀랜타로 떠나지만, 릭을 반긴 것은 셀 수 없이 많은 워커 무리들. 간신히 전차 내부로 피신한 릭을 백화점에 숨어있던 생존자 일행이 도와서 겨우 전차에서 빠져나오는데...",/nXzLSn04H4QyapOSwH76R3UE7Iw.jpg,False
TH,태국,tv,73586,옐로우스톤,Yellowstone,en,2018-06-20,"37,18","서부, 드라마",116.1301,8.269,3270,미국 최초의 국립 공원과 국경을 접하는 사람들의 지속적인 공격을 받으면서 미국에서 가장 큰 목장을 관리하는 존 던트의 이야기,/nmHvUWkUovDEJwZPlyPOktEzHf.jpg,True
TH,태국,tv,46952,블랙리스트,The Blacklist,en,2013-09-23,"18,80,9648","드라마, 범죄, 미스터리",118.8463,7.632,3669,FBI 10대 수배범에 올라가있는 거물 범죄 브로커 레이먼드 레딩턴이 어느날 갑자기 FBI 본부에 나타나 자수를 한다. 그러면서 레딩턴은 자신이 1급 범죄자들의 블랙리스트를 가지고 있다면서 사법거래를 요구하고 그 조건으로 FBI의 신참 프로파일러인 엘리자베스 킨하고만 이야기 하겠다고 요구한다. 한편 암에 걸린 양아버지를 두면서 남편과 함께 아기의 입양을 꿈꾸며 행복하게 살고 있던 엘리자베스의 삶은 레딩턴과의 만남과 우연히 발견하게 된 남편의 가짜 여권들을 통해 급변하게 되는데...,/4HTfd1PhgFUenJxVuBDNdLmdr0c.jpg,False
TH,태국,tv,37680,슈츠,Suits,en,2011-06-23,18,드라마,110.629,8.219,5841,"뜻밖의 행운일까, 아니면 뛰어난 재능일까. 뉴욕의 거대 로펌에 들어간 대학 중퇴 청년. 엘리트 변호사와 의기투합한 그가 시시하고 따분한 세상을 상대로 소송을 건다.",/lvYWwQj89ioSk9WzhC1KEujmpWa.jpg,False
TH,태국,tv,44217,바이킹스,Vikings,en,2013-03-03,"10759,18,10768","Action & Adventure, 드라마, War & Politics",108.6536,8.098,7765,2013년 3월 History에서 방영을 시작한 역사물. 바이킹 영웅 라그나 로스브로크는 새로운 대륙을 향해 탐험하고 싶어하지만 카테가트의 영주인 백작은 모험적인 항해를 원치 않아 라그나의 의견을 묵살한다. 라그나는 친구이자 배를 만드는 기술자인 플로키의 도움을 받아 백작 몰래 출항에 성공한다. 라그나는 새로운 대륙인 잉글랜드를 발견하고 동료들과 함께 노섬브리아 왕국 영토에 있는 수도원을 잔인하게 약탈하고 수도승 애설스탠을 노예로 삼는다. 처음 보는 바이킹의 야만적인 침략에 노섬브리아 왕국은 크게 분노하면서도 바이킹을 두려워하는데...,/bQLrHIRNEkE3PdIWQrZHynQZazu.jpg,False
TH,태국,tv,32798,하와이 파이브 오,Hawaii Five-0,en,2010-09-20,"80,18,10759","범죄, 드라마, Action & Adventure",113.0208,7.727,1888,하와이를 배경으로 범죄 조직에 맞서 싸우는 블록버스터 액션 드라마,/sIdCKlmM2nU4akIvFQaAIiU8YES.jpg,False
TH,태국,tv,2316,오피스,The Office,en,2005-03-24,35,코미디,103.9015,8.587,5357,팬실베니아 스크랜튼에 위치한 사무용지 판매회사 던더 미플린의 스크랜턴 지점. 무미건조한 사무실에서 깐깐한 지점장과 독특한 캐릭터의 부하들이 벌이는 코믹 해프닝과 가슴 찡한 이야기가 펼쳐진다. BBC에서 방영된 동명 영국 시리즈의 할리우드 리메이크.,/7DJKHzAi83BmQrWLrYYOqcoKfhR.jpg,False
TH,태국,tv,58841,시카고 PD,Chicago P.D.,en,2014-01-08,"80,18","범죄, 드라마",101.7094,8.426,2612,"시카고 경찰들의 이야기. 일선에서 직접 범죄자들과 싸우는 제복 경찰들과, 조직범죄나 마약밀매 등의 범죄를 조사하는 정보팀 소속 대원들의 활약을 그린다.",/bez40PgT36RUu4gstD2A6GSM0tP.jpg,False
TH,태국,tv,502,세서미 스트리트,Sesame Street,en,1969-11-10,"10762,35","Kids, 코미디",109.3396,7.1,288,"새서미 스트리트는 미국 어린 아이들을 위한 장수 TV 시리즈였습니다. 이 프로그램은 교육적인 목적으로 만들어졌지만 짐 핸슨의 인형극, 애니메이션, 짧은 영화, 유머와 문화에 대한 내용들로 매우 창의적인 내용들을 다루고 있습니다. 첫 시리즈는 1969년 11월 10일 방영되었으며 당시 긍정적인 리뷰가 있었고 논란이 되기도 하였고 높은 평가를 받았습니다.",/wZC3fXTxR00YCjgqkc1N20seZJb.jpg,False
TH,태국,tv,209867,장송의 프리렌,葬送のフリーレン,ja,2023-09-29,"16,10759,18,10765","애니메이션, Action & Adventure, 드라마, Sci-Fi & Fantasy",87.4491,8.8,917,"용사 힘멜 일행과 함께 10년에 걸친 모험 끝에 마왕을 물리치고 세계에 평화를 가져온 마법사 프리렌. 천 년을 넘게 사는 엘프인 그녀는 힘멜 일행과 재회를 약속하고 혼자 여행을 떠난다. 그로부터 50년 후 프리렌은 힘멜을 찾아갔지만 50년 전과 달라진 게 없는 그녀에 비해 힘멜은 늙었고 수명이 얼마 남아있지 않았다. 그 후 죽음을 맞이한 힘멜을 보고 지금까지 '인간을 아는' 일을 하지 않았던 것을 후회하고 자신을 반성한 프리렌은 '인간을 알기 위한' 여행을 떠난다. 그 여로에는 다양한 사람들과의 만남, 다양한 사건들이 기다리고 있었는데──.",/mnj30hYDVAbL9BOA0f4HrKubAGF.jpg,False
TH,태국,tv,30983,명탐정 코난,名探偵コナン,ja,1996-01-08,"16,80,9648,35","애니메이션, 범죄, 미스터리, 코미디",86.7297,8.01,778,검은 조직의 약물에 당해서 초등학생의 몸이 된 고등학생 쿠도 신이치가 에도가와 코난이라는 가명을 사용하여 소꿉친구인 란의 아버지가 운영하는 탐정사무소에서 얹혀 살며 사건을 해결하는 이야기를 다루고 있다.,/tg5Gya0yv7mScUMIX8CSXZzLCVd.jpg,True
TH,태국,tv,45140,틴 타이탄 GO!,Teen Titans Go!,en,2013-04-23,"16,10759,35,10751,10765","애니메이션, Action & Adventure, 코미디, 가족, Sci-Fi & Fantasy",83.6493,6.432,717,10대 히어로들의 평범하지만 평범하지 않은 일상을 그린 틴 타이탄의 외전격인 애니메이션,/kPKAigYUlWRpnfo4Ptiwlz4FWXU.jpg,False
TH,태국,tv,71790,스와트,S.W.A.T.,en,2017-11-02,"80,10759,18","범죄, Action & Adventure, 드라마",82.347,8.041,1590,"로스앤젤레스에서 발생하는 특수임무를 수행하는 특수 기동대, S.W.A.T.은 리더 혼도의 지휘 아래, 팀원들은 꼬리에 꼬리를 무는 사건과 그 뒤에 숨은 거대한 세력에 맞서 도시를 지킨다.",/eQOVfnoxU2q670BiFojrLC767vq.jpg,False
TH,태국,tv,71712,굿 닥터,The Good Doctor,en,2017-09-25,18,드라마,94.077,8.454,12898,자폐증을 가진 젊은 외과 의사가 명문 병원에 들어가게된다. 이에 사람들과 소통하지 못하는 의사가 사람의 목숨을 구할 수 있을 까 하는 의문이 제기되는데...,/luhKkdD80qe62fwop6sdrXK9jUT.jpg,False
TH,태국,tv,95479,주술회전,呪術廻戦,ja,2020-10-03,"16,10759,10765","애니메이션, Action & Adventure, Sci-Fi & Fantasy",99.4051,8.6,4593,"소년은 싸운다 '올바른 죽음'을 위해  쓰라린 고통, 후회, 치욕. 인간으로부터 흘러나온 부정적인 감정이 저주로 변해 일상에 숨어든다. 저주는 세상에 만연한 재앙의 근원이며, 최악의 경우 인간을 죽음으로 이끈다. 그리고 저주는 저주로밖에 없앨 수 없다.  경이적인 신체능력을 가진 소년 이타도리 유지는 아주 평범한 고등학생이었지만, 어느 날 '저주'에 습격당한 친구를 구하기 위해 특급 주물 '양면 스쿠나의 손가락'을 먹고 영혼에 저주가 깃들게 된다. 저주인 '양면 스쿠나'와 몸을 공유하게 된 이타도리는 최강의 주술사인 고죠 사토루의 안내로 저주에 대항하는 전문 기관인 '도쿄 도립 주술 고등전문학교'에 편입하게 되는데... 저주를 없애기 위해 저주가 된 소년의 돌이킬 수 없는 장렬한 이야기가 움직이기 시작한다.",/pnn223i9v5kfYku6TbqdSbPePJp.jpg,False
TH,태국,tv,18165,뱀파이어 다이어리,The Vampire Diaries,en,2009-09-10,"18,10765","드라마, Sci-Fi & Fantasy",79.7466,8.3,9701,"L. J. 스미스의 뱀파이어 다이어리 소설 시리즈 원작. 뉴욕 외곽도시, 미스틱 폴즈의 한 고등학교를 배경으로 두 뱀파이어 형제 스테판과 데미언, 그리고 인간 소녀 엘레나의 로맨스를 그린다.",/b3vl6wV1W8PBezFfntKTrhrehCY.jpg,False
TH,태국,tv,63174,루시퍼,Lucifer,en,2016-01-25,"80,10765","범죄, Sci-Fi & Fantasy",92.0361,8.43,15600,지긋지긋한 지옥 생활을 청산하고 은퇴를 선언한 악마. LA로 와 나이트클럽을 열고 인생을 즐기던 어느 날 강력계 형사를 만나면서 새로운 삶을 살기 시작한다.,/ekZobS8isE6mA53RAiGDG93hBxL.jpg,False
TH,태국,tv,269,원 트리 힐,One Tree Hill,en,2003-09-23,18,드라마,86.118,7.8,610,"배다른 형제가 사랑, 그리고 농구를 두고 경쟁하는 드라마.  고등학교 농구팀의 에이스 네이선. 루커스가 팀에 새로 들어온 뒤, 경기력이 흔들린다. 루커스는 팀 내 라이벌일 뿐만 아니라, 네이선의 이복형제다.",/sOrelBaAhp7DZbPTivDwKEyPslC.jpg,False
TH,태국,tv,4629,스타게이트 SG-1,Stargate SG-1,en,1997-07-27,"10765,10759","Sci-Fi & Fantasy, Action & Adventure",88.4293,8.268,1867,"미국 시간으로 1997년 7월 27일에 첫 방송 되었으며 자그마치 10년에 걸친 드라마이다. 스타게이트 프랜차이즈는 미국드라마 사상 군사 SF류로써는 스타 트렉에 이은 2번째로 긴 시즌+에피소드를 자랑한다. 스타게이트 프로젝트 최초의 결성팀인 SG-1팀의 활약이 주 이야기이며, SG-1은 스타게이트 시리즈 중에서도 단일 드라마로는 미국 기준으로는 스몰빌과 함께 10시즌으로 최장 방영 SF드라마이다.[1] 다만 별 의미는 없지만, 에피소드 수는 스몰빌이 더 많다.  현직 공군 참모총장 두명이 카메오로 출연하고 주연 배우인 리처드 딘 앤더슨[2]이 시리즈 종료 후 공군 명예 준장을 수여받을 정도로 미 공군과의 관계가 각별하다. 공군은 우주군의 역할도 겸하기에[3] 홍보차원에서 SF시리즈에 대대적인 지원을 해 준 것으로 보이지만 사실 10년에 걸친 시리즈 대부분에 지구측 우주선이 거의 등장하지 않는다(...)[4] 애초에 주된 스토리 라인중 하나가 바로 지구측이 우주 함대로 무장하기 위해서 기술을 확보하는 것이 주요 목표중 하나라서 지구측 우주선이 잔뜩 나오면 시리즈가 끝난다(...) 그리고 진짜 끝났다. 덕분에 대부분의 액션은 공군과는 크게 관련없는 잠입/침투나 지상작전(...) 또한 주력으로 등장하는 총기가 공항 등 후방 방어용으로 설계된 P90만 죽어라고 등장하는 이유도 공군탓도 있을듯.현실은 민간으로 구하기 쉬운것 중에서 가장 미래형 디자인으로 생겼기에(...)[5]  아포피스의 첫 지구 침투 사건을 계기로 잭 오닐은 스타게이트 보관 기지의 책임자 조지 해먼드 장군에게 불려온다. 그는 스타게이트 사령부[6]에 합류하게 되며, 최초의 팀이자 최고의 팀인 SG-1을 맡게 된다. 이 SG-1팀을 중심으로 전개된다.",/dQjmI7XxI47v8IM2MUysHG0LuU2.jpg,True
TH,태국,tv,82452,아바타: 아앙의 전설,Avatar: The Last Airbender,en,2024-02-22,"10759,10765,18,10751","Action & Adventure, Sci-Fi & Fantasy, 드라마, 가족",74.7037,7.783,1310,"아바타로 밝혀진 소년이 전쟁에 휩싸인 세계를 구하려 한다. 그러기 위해서는 네 가지 원소의 힘을 마스터하고, 자신을 막으려 혈안이 된 무자비한 적에 맞서 싸워야 한다.",/toMLugPXtSiGTLmYrWKXIvbLG9R.jpg,False
TH,태국,tv,1411,퍼슨 오브 인터레스트,Person of Interest,en,2011-09-22,"18,10759,80,10765","드라마, Action & Adventure, 범죄, Sci-Fi & Fantasy",87.88,8.091,2113,"죽은것으로 알려진 전직 CIA 작전요원인 존 리스가 천만장자인 핀치를 만나 뉴욕시에서 개발한 강력 범죄가 일어나기전 미리 범인을 찾아내는 일을 시작한다. 핀치가 개발한 소프트웨어인 ""더 머신""이 범죄를 예측하면 존이 그 정보를 바탕으로 범죄를 저지를 인물 (Person of Interest)을 찾아 그들만의 방법으로 예방한다.",/f8aIvYk5h7Z8EP3dinCmVgQFYow.jpg,True
TH,태국,tv,60574,피키 블라인더스,Peaky Blinders,en,2013-09-12,"18,80","드라마, 범죄",85.4071,8.525,11270,"1919년 영국 버밍엄. 토마스 셸비를 주축으로 한 셸비 가문은 악명 높은 범죄 조직 ""피키 블라인더스""를 이끌고 암흑가의 정상을 차지하기 위해 수단과 방법을 가리지 않는다.",/tNywkichh1mbS8BZA6CUPB8Zqgd.jpg,False
TH,태국,tv,60735,플래시,The Flash,en,2014-10-07,"18,10765","드라마, Sci-Fi & Fantasy",98.3957,7.8,11715,낙뢰 사고의 후유증으로 초인적인 스피드를 가지게 된 CSI 수사관 배리 앨런이 범죄에 맞서 싸우는 영웅 플래시로 활약하는 이야기를 그리는 드라마,/yZevl2vHQgmosfwUdVNzviIfaWS.jpg,False
TH,태국,tv,57532,퍼피 구조대,PAW Patrol,en,2013-08-12,"16,10762","애니메이션, Kids",72.8193,6.985,815,"퍼피구조대 대장 라이더와 용감한 여섯마리의 강아지 구조대의 이야기. 안전한 어드벤쳐 베이를 만들기 위한 라이더 대장과 여섯마리 귀여운 강아지 구조대의 끊임없는 연습과 도전! 경찰견 체이스와 소방견 마샬, 공사견 러블, 미화견 로키에 해양구조견 주마와 하늘을 나는 스카이까지! 여섯마리 강아지의 엉뚱발랄 신나는 구조활동을 지켜봐주세요!",/juAmsE4GC6gql0L1HsDmABkLWuX.jpg,False
TH,태국,tv,199001,어느 날 월터 형제들과 살게 됐다,My Life with the Walter Boys,en,2023-12-07,18,드라마,82.4948,7.8,389,"비극적인 사건으로 삶의 위기를 만난 10대 소녀. 작은 시골 마을에서 후견인의 대가족과 함께 생활하면서 사랑과 희망, 우정에 관해 새로운 깨달음을 얻는다.",/eism6aN11LXaV3wpcuvf82wwcMM.jpg,True
TH,태국,tv,4656,WWE Raw,Raw,en,1993-01-11,10764,Reality,89.3726,6.8,367,WWE의 신기원을 연 획기적인 시리즈. 링 위에 오른 슈퍼스타들이 비할 데 없이 탁월한 기량과 극적인 드라마를 매주 실시간으로 선보인다.,/26v1iP77K6PySQRV0jBSnh3GtRc.jpg,False
TH,태국,tv,71728,영 셸던,Young Sheldon,en,2017-09-25,"35,10751,18","코미디, 가족, 드라마",68.3097,8.026,3051,'빅뱅이론'의 주인공 셸든 쿠퍼의 어린 시절을 다룬 이야기.,/c9J6uYthPPYpBHjOVEEWg7MvMtY.jpg,False
TH,태국,tv,296206,김부장,김부장,ko,2026-06-26,"10759,80,18","Action & Adventure, 범죄, 드라마",74.4886,7.931,87,"평범한 가장이자 아빠. 어느 날 딸이 흔적도 없이 실종되자, 그는 딸을 되찾기 위해 오래전 봉인해 둔 비밀 작전 기술을 다시 꺼내 든다. 하지만 곧 위험한 시선이 그를 향하기 시작한다.",/eKJNWq4akdrviR9qEF6xPhzKQU.jpg,False
TH,태국,tv,1407,홈랜드,Homeland,en,2011-10-02,"18,10768,80","드라마, War & Politics, 범죄",78.5816,7.591,2648,"이라크에서 사망한 것으로 추정되는 미군 병사가 실종된 지 8년 만에 돌아온다. 그러나 귀향의 기쁨이 사그라든 후, 그가 정말로 미국의 영웅이었는지 아니면 그가 테러를 계획하는 잠복 조직의 일원이었는지에 대한 의혹이 제기된다.",/6GAvS2e6VIRsms9FpVt33PsCoEW.jpg,False
TH,태국,tv,60059,베터 콜 사울,Better Call Saul,en,2015-02-08,"80,18","범죄, 드라마",74.8063,8.71,6721,"에미상 후보작 《브레이킹 배드》의 스핀 오프 시리즈로, 삼류 변호사 지미 맥길이 악덕 변호사 사울 굿맨으로 변하게 되는 과정을 그린다.",/4VrmpuhjCtsFNAyW8Cd1fYBKJtf.jpg,False
TH,태국,tv,46296,스파르타쿠스,Spartacus,en,2010-01-22,18,드라마,75.1026,8.027,3013,"2010년 1월 Starz에서 방영을 시작한 드라마. 기원전 73년부터 2년 뒤인 기원전 71년까지 노예들을 이끌고 반(反)로마 공화정 항쟁을 지도한 노예 검투사 스파르타쿠스의 이야기를 바탕으로 각색했다. 로마의 접경시대에 살던 소수민족 트라키아의 전사였던 스파르타쿠스가 로마군에 사로잡힌 후 투기장의 노예로 팔려가지만, 극적으로 목숨을 부지하고 카푸아의 검투사 양성소에서 글래디에이터로 명성을 떨치는 이야기를 중심으로 당시 로마 귀족들의 사치와 부패, 사회상, 그리고 자유를 향한 노예 출신 등장 인물들의 갈망을 적나라하게 보여준다.",/9aehAV4zGOWad1Gz31gibjfIEnx.jpg,False
TH,태국,tv,1400,사인필드,Seinfeld,en,1989-07-05,35,코미디,63.2264,8.255,2403,코미디언 제리 사인필드가 직접 자신의 삶을 무대로 연기한 드라마.  래리 데이비드(《Curb Your Enthusiasm》)와 제리 사인펠드 제작. 뉴욕에 사는 4명의 싱글 친구들이 등장하는 거침없는 시트콤. 《LA Times》는 '끝내주는 작품'이라고 평했다.,/aCw8ONfyz3AhngVQa1E2Ss4KSUQ.jpg,False
TH,태국,tv,276161,참교육,참교육,ko,2026-06-05,"10759,18,35","Action & Adventure, 드라마, 코미디",72.9407,9.422,773,"선 넘는 학생, 학부모, 교사. 대한민국 교권이 무너졌다. 교육 현장을 바로잡기 위해 창설된 ‘교권보호국’. 그들의 유쾌, 상쾌, 통쾌한 참교육이 시작된다.",/bUsdsCTUUrqd1l9MZFgiJRypQG1.jpg,False
TH,태국,tv,12225,페파 피그,Peppa Pig,en,2004-05-31,"16,10762","애니메이션, Kids",63.8906,6.6,757,"페파 피그는 엄마, 아빠, 그리고 남동생 조지와 함께 사는 활기찬 돼지입니다. 그녀는 진흙 웅덩이에 뛰어드는 것과 큰 코웃음 소리를 내는 것을 좋아합니다.",/aTaGTqkbMWoy0ef0M48qJkMltxE.jpg,False
TH,태국,tv,65942,Re: 제로부터 시작하는 이세계 생활,Re:ゼロから始める異世界生活,ja,2016-04-04,"16,18,9648,10759,10765","애니메이션, 드라마, 미스터리, Action & Adventure, Sci-Fi & Fantasy",61.7654,8.0,733,"편의점에서 돌아가는 길. 갑자기 이세계로 날아간 소년, 나츠키 스바루.  무력한 소년이 손에 넣은 유일한 힘. 그것은 죽어서 시간을 되돌리는 사망귀환의 힘이었다.  소중한 사람을 지키기 위해. 그리고 분명히 존재했던 하나뿐인 시간을 되찾기 위해.  소년은 가혹한 운명에 맞선다.  널 구하기 위해서라면, 난 몇 번이든 죽겠어!",/i7rka8OksNjM0BXjTmz8zwEDfO1.jpg,False
TH,태국,tv,56570,아웃랜더,Outlander,en,2014-08-09,"18,10765","드라마, Sci-Fi & Fantasy",84.0856,8.2,2944,"제2차 세계대전, 평범한 간호사가 알 수 없는 힘으로 18세기 스코틀랜드 중세시대로 타임슬립하면서 겪는 이야기.  다이애나 개벌든(Diana Gabaldon)의 인기 판타지 로맨스 소설 시리즈를 각색한 서사시적 드라마로, 시간을 초월하여 만난 두 연인의 사랑 이야기를 다룬다. 어느 날 1743년으로 시간 여행을 하게 된 20세기 종군 간호사 클레어(Claire)는 자신이 심각한 위험에 처했음을 알게 된다.",/xLvJrOTIftHwZSTlZTeu6aQUC3n.jpg,False
TH,태국,tv,259140,란마1/2,らんま1/2,ja,2024-10-06,"16,10759,35","애니메이션, Action & Adventure, 코미디",61.6788,8.12,171,"텐도 아카네 앞에 초면인 약혼남 사오토메 란마가 나타난다. 게다가 천재 무술 소년 란마에겐 대반전의 비밀이 있는데. 바로, 찬물을 뒤집어쓰면 소녀로 변신하는 것.",/yOFvSq8YGKSVvnbCc6IY4PWEssa.jpg,False
TH,태국,tv,38693,레고 닌자고,Ninjago: Masters of Spinjitzu,en,2012-01-11,"16,10759,10765,35,10751","애니메이션, Action & Adventure, Sci-Fi & Fantasy, 코미디, 가족",71.3387,7.974,784,"최초의 스핀짓주 마스터로 부터 내려져온, 선과 악의 대결을 종결시킬 그린닌자(로이드)를 지키기 위해, 마스터 우는 불, 번개, 얼음, 흙의 속성을 가진 원소 마스터들을 훈련시키는데....",/wz6ZqlyndVpdRayZi1gbYHWcqFi.jpg,False
TH,태국,tv,60572,포켓몬스터,ポケットモンスター,ja,1997-04-01,"16,10759,10765","애니메이션, Action & Adventure, Sci-Fi & Fantasy",69.5568,7.991,2223,"관동지방의 태초마을에 살고 있는 주인공 지우는 오박사로부터 피카츄와 몬스터볼, 포켓몬도감을 받아 포켓몬 마스터를 목표로 여행을 나선다. 회색체육관, 갈색체육관 등에서 격렬한 시합과 여러 곳에서 이루어지는 포켓몬과의 만남.",/vaXQOBNdQVtxUMN96cR4qQRxmoQ.jpg,False
TH,태국,tv,1422,더 미들,The Middle,en,2009-09-30,35,코미디,69.1861,7.563,763,"그다지 극적이지는 않은 중산층의 평범한 인생을 살아가고 있지만, 그 속에서 많은 사랑과 웃음을 찾아가는 그들의 이야기",/u6FluiFx3ocVS0MgZszfpPKXT2p.jpg,True
TH,태국,tv,46298,헌터x헌터,HUNTER×HUNTER,ja,2011-10-02,"16,10759,10765","애니메이션, Action & Adventure, Sci-Fi & Fantasy",65.948,8.661,2166,"곤프릭스는 보물섬에 사는 어린 소년이다. 곤은 아버지가 죽었다고 알려준 ‘헌터’ 카이트로부터 가르침을 받았지만, 아버지가 어디에선가 생존하여 최고의 헌터로 목숨을 걸고 미지의 아이템, 숨겨진 보물이나 진본을 찾아 다니고 있다고 생각한다. 곤은 전문 헌터가 되기로 결심하고 섬을 떠난다. 헌터가 되기 위해서는 반드시 헌터시험을 통과해야 되는데, 그 와중에 다른 세 명의 지원자 크라피카, 레오리오, 키르아와 친구가 된다. 곤은 이 어려운 관문을 넘어서 세계 최고의 헌터가 될 수 있을까? 그리고 아버지를 만날 수 있을까?",/8YKlXBit3PlVTXf9A1ohccCf9lQ.jpg,False
TH,태국,tv,12971,드래곤볼 Z,ドラゴンボールゼット,ja,1989-04-26,"16,10765,10759","애니메이션, Sci-Fi & Fantasy, Action & Adventure",62.6445,8.4,4947,"흥미진진한 드래곤 볼! 계속되는 이야기! 성장한 손오공이 치치와 결혼하여 손오반이라는 아들까지 둔 모습을 보여주고 있다. 어느 날 우주로부터 형 라데츠가 찾아와 지구를 멸망시키려고 하며 손오공에게 동참할 것을 설득한다. 하지만, 자신의 설득이 먹혀들지 않자 조카인 오반을 납치한다. 오공과 피콜로가 합심하여 라데츠를 물리치지만, 오공도 죽어버리는 사태가 발생한다. 지구를 위해, 그리고 우주를 위해 싸우는 Z 용사들!",/70gAmYUfEVOFMuC3gJBIo0MSfbh.jpg,False
TH,태국,tv,42009,블랙 미러,Black Mirror,en,2011-12-04,"10765,18,9648","Sci-Fi & Fantasy, 드라마, 미스터리",65.048,8.287,6370,"인간이 지닌 최악의 본성, 최고의 혁신 등을 드러내는 연작 시리즈. 틀을 깨는 기이하고 과감한 이야기들이 펼쳐진다.",/ej7Br2B8dkZZBGa6vDE8HqATgU7.jpg,False
TH,태국,tv,212989,레고 닌자고: 드래곤 라이징,LEGO Ninjago: Dragons Rising,en,2023-06-01,"16,10762,10759","애니메이션, Kids, Action & Adventure",65.8931,8.1,108,"서로 다른 세계에서 온 두 십 대. 새로이 얻은, 닌자의 힘을 바탕으로 임무에 나선다. 그건 바로, 드래곤의 생명력을 악용하려는 악당들로부터 드래곤을 지켜내는 것.",/cpKdJHbe6FIKlAbowG2ge8M8PYS.jpg,False
TH,태국,tv,313101,무사피르 카페,मुसाफ़िर कैफ़े,hi,2026-07-24,18,드라마,50.7472,7.3,9,"찬데르와 수다는 거부할 수 없는 끌림을 느끼지만, 운명은 두 사람을 갈라놓는다. 스쳐 지나간 사랑은 찬데르를 무사피르 카페로 이끌고, 프리티와의 만남으로 이어진다.",/1SbKjtoRKIpVQG5iYnumnfQIqhd.jpg,False
